nomination_id,category_id,year,category,category_type,nominee,game_title,game_wikipedia_url,is_winner,nominee_order,nomination_status,raw_nomination,source_url,wikidata_id,original_release_date,original_release_precision,release_source_url,award_year_release_date,award_year_release_basis,award_year_release_source_url,release_date_status,vote_count,vote_count_status
2014-01-01,2014-01,2014,Game of the Year,game,Dragon Age: Inquisition,Dragon Age: Inquisition,https://en.wikipedia.org/wiki/Dragon_Age:_Inquisition,1,1,active,Dragon Age: Inquisition – BioWare,https://en.wikipedia.org/wiki/The_Game_Awards_2014,Q4037583,2014-11-18,day,https://www.wikidata.org/wiki/Q4037583#P577,2014-11-18,first public release,https://www.wikidata.org/wiki/Q4037583#P577,earliest_wikidata_release,,not_publicly_disclosed
2014-01-02,2014-01,2014,Game of the Year,game,Bayonetta 2,Bayonetta 2,https://en.wikipedia.org/wiki/Bayonetta_2,0,2,active,Bayonetta 2 – PlatinumGames,https://en.wikipedia.org/wiki/The_Game_Awards_2014,Q3233480,2014-09-20,day,https://en.wikipedia.org/wiki/Bayonetta_2,2014-09-20,first public release,https://en.wikipedia.org/wiki/Bayonetta_2,curated_correction,,not_publicly_disclosed
2014-01-03,2014-01,2014,Game of the Year,game,Dark Souls II,Dark Souls II,https://en.wikipedia.org/wiki/Dark_Souls_II,0,3,active,Dark Souls II – FromSoftware,https://en.wikipedia.org/wiki/The_Game_Awards_2014,Q3702740,2014-03-11,day,https://www.wikidata.org/wiki/Q3702740#P577,2014-03-11,first public release,https://www.wikidata.org/wiki/Q3702740#P577,earliest_wikidata_release,,not_publicly_disclosed
2014-01-04,2014-01,2014,Game of the Year,game,Hearthstone,Hearthstone,https://en.wikipedia.org/wiki/Hearthstone,0,4,active,Hearthstone – Blizzard Entertainment,https://en.wikipedia.org/wiki/The_Game_Awards_2014,Q8262784,2014-03-11,day,https://www.wikidata.org/wiki/Q8262784#P577,2014-03-11,first public release,https://www.wikidata.org/wiki/Q8262784#P577,earliest_wikidata_release,,not_publicly_disclosed
2014-01-05,2014-01,2014,Game of the Year,game,Middle-earth: Shadow of Mordor,Middle-earth: Shadow of Mordor,https://en.wikipedia.org/wiki/Middle-earth:_Shadow_of_Mordor,0,5,active,Middle-earth: Shadow of Mordor – Monolith Productions,https://en.wikipedia.org/wiki/The_Game_Awards_2014,Q15709637,2014-09-30,day,https://www.wikidata.org/wiki/Q15709637#P577,2014-09-30,first public release,https://www.wikidata.org/wiki/Q15709637#P577,earliest_wikidata_release,,not_publicly_disclosed
2014-02-01,2014-02,2014,Developer of the Year,other,Nintendo,,,1,1,active,Nintendo,https://en.wikipedia.org/wiki/The_Game_Awards_2014,,,,,,,,no_associated_game,,not_publicly_disclosed
2014-02-02,2014-02,2014,Developer of the Year,other,Blizzard Entertainment,,,0,2,active,Blizzard Entertainment,https://en.wikipedia.org/wiki/The_Game_Awards_2014,,,,,,,,no_associated_game,,not_publicly_disclosed
2014-02-03,2014-02,2014,Developer of the Year,other,Monolith Productions,,,0,3,active,Monolith Productions,https://en.wikipedia.org/wiki/The_Game_Awards_2014,,,,,,,,no_associated_game,,not_publicly_disclosed
2014-02-04,2014-02,2014,Developer of the Year,other,Telltale Games,,,0,4,active,Telltale Games,https://en.wikipedia.org/wiki/The_Game_Awards_2014,,,,,,,,no_associated_game,,not_publicly_disclosed
2014-02-05,2014-02,2014,Developer of the Year,other,Ubisoft Montreal,,,0,5,active,Ubisoft Montreal,https://en.wikipedia.org/wiki/The_Game_Awards_2014,,,,,,,,no_associated_game,,not_publicly_disclosed
2014-03-01,2014-03,2014,Best Independent Game,game,Shovel Knight,Shovel Knight,https://en.wikipedia.org/wiki/Shovel_Knight,1,1,active,Shovel Knight – Yacht Club Games,https://en.wikipedia.org/wiki/The_Game_Awards_2014,Q13427374,2014-06-26,day,https://www.wikidata.org/wiki/Q13427374#P577,2014-06-26,first public release,https://www.wikidata.org/wiki/Q13427374#P577,earliest_wikidata_release,,not_publicly_disclosed
2014-03-02,2014-03,2014,Best Independent Game,game,Broken Age Act I,Broken Age Act I,https://en.wikipedia.org/wiki/Broken_Age,0,2,active,Broken Age Act I – Double Fine Productions,https://en.wikipedia.org/wiki/The_Game_Awards_2014,Q996649,2014-01-14,day,https://www.wikidata.org/wiki/Q996649#P577,2014-01-14,first public release,https://www.wikidata.org/wiki/Q996649#P577,earliest_wikidata_release,,not_publicly_disclosed
2014-03-03,2014-03,2014,Best Independent Game,game,Monument Valley,Monument Valley,https://en.wikipedia.org/wiki/Monument_Valley_(video_game),0,3,active,Monument Valley – Ustwo,https://en.wikipedia.org/wiki/The_Game_Awards_2014,Q15553298,2014-04-03,day,https://www.wikidata.org/wiki/Q15553298#P577,2014-04-03,first public release,https://www.wikidata.org/wiki/Q15553298#P577,earliest_wikidata_release,,not_publicly_disclosed
2014-03-04,2014-03,2014,Best Independent Game,game,Transistor,Transistor,https://en.wikipedia.org/wiki/Transistor_(video_game),0,4,active,Transistor – Supergiant Games,https://en.wikipedia.org/wiki/The_Game_Awards_2014,Q13417084,2014-05-20,day,https://www.wikidata.org/wiki/Q13417084#P577,2014-05-20,first public release,https://www.wikidata.org/wiki/Q13417084#P577,earliest_wikidata_release,,not_publicly_disclosed
2014-03-05,2014-03,2014,Best Independent Game,game,The Vanishing of Ethan Carter,The Vanishing of Ethan Carter,https://en.wikipedia.org/wiki/The_Vanishing_of_Ethan_Carter,0,5,active,The Vanishing of Ethan Carter – The Astronauts,https://en.wikipedia.org/wiki/The_Game_Awards_2014,Q16743220,2014-09-25,day,https://www.wikidata.org/wiki/Q16743220#P577,2014-09-25,first public release,https://www.wikidata.org/wiki/Q16743220#P577,earliest_wikidata_release,,not_publicly_disclosed
2014-04-01,2014-04,2014,Best Mobile/Handheld Game,game,Hearthstone,Hearthstone,https://en.wikipedia.org/wiki/Hearthstone,1,1,active,Hearthstone – Blizzard Entertainment,https://en.wikipedia.org/wiki/The_Game_Awards_2014,Q8262784,2014-03-11,day,https://www.wikidata.org/wiki/Q8262784#P577,2014-03-11,first public release,https://www.wikidata.org/wiki/Q8262784#P577,earliest_wikidata_release,,not_publicly_disclosed
2014-04-02,2014-04,2014,Best Mobile/Handheld Game,game,Bravely Default,Bravely Default,https://en.wikipedia.org/wiki/Bravely_Default,0,2,active,Bravely Default – Silicon Studio and Square Enix,https://en.wikipedia.org/wiki/The_Game_Awards_2014,Q2083917,2012-10-11,day,https://www.wikidata.org/wiki/Q2083917#P577,2014-02-07,North American release of For the Sequel edition,https://en.wikipedia.org/wiki/Bravely_Default#Release,earliest_wikidata_release,,not_publicly_disclosed
2014-04-03,2014-04,2014,Best Mobile/Handheld Game,game,Monument Valley,Monument Valley,https://en.wikipedia.org/wiki/Monument_Valley_(video_game),0,3,active,Monument Valley – Ustwo,https://en.wikipedia.org/wiki/The_Game_Awards_2014,Q15553298,2014-04-03,day,https://www.wikidata.org/wiki/Q15553298#P577,2014-04-03,first public release,https://www.wikidata.org/wiki/Q15553298#P577,earliest_wikidata_release,,not_publicly_disclosed
2014-04-04,2014-04,2014,Best Mobile/Handheld Game,game,Super Smash Bros. for Nintendo 3DS,Super Smash Bros. for Nintendo 3DS,https://en.wikipedia.org/wiki/Super_Smash_Bros._for_Nintendo_3DS,0,4,active,Super Smash Bros. for Nintendo 3DS – Sora Ltd and Bandai Namco Games,https://en.wikipedia.org/wiki/The_Game_Awards_2014,Q1195150,2014-09-13,day,https://en.wikipedia.org/wiki/Super_Smash_Bros._for_Nintendo_3DS_and_Wii_U,2014-09-13,first public release,https://en.wikipedia.org/wiki/Super_Smash_Bros._for_Nintendo_3DS_and_Wii_U,curated_correction,,not_publicly_disclosed
2014-04-05,2014-04,2014,Best Mobile/Handheld Game,game,Threes,Threes,https://en.wikipedia.org/wiki/Threes,0,5,active,Threes – Sirvo,https://en.wikipedia.org/wiki/The_Game_Awards_2014,Q16648939,2014-02-06,day,https://www.wikidata.org/wiki/Q16648939#P577,2014-02-06,first public release,https://www.wikidata.org/wiki/Q16648939#P577,earliest_wikidata_release,,not_publicly_disclosed
2014-05-01,2014-05,2014,Best Narrative,game,Valiant Hearts: The Great War,Valiant Hearts: The Great War,https://en.wikipedia.org/wiki/Valiant_Hearts:_The_Great_War,1,1,active,Valiant Hearts: The Great War – Ubisoft Montpellier,https://en.wikipedia.org/wiki/The_Game_Awards_2014,Q16267741,2014-06-25,day,https://en.wikipedia.org/wiki/Valiant_Hearts:_The_Great_War,2014-06-25,first public release,https://en.wikipedia.org/wiki/Valiant_Hearts:_The_Great_War,curated_correction,,not_publicly_disclosed
2014-05-02,2014-05,2014,Best Narrative,game,South Park: The Stick of Truth,South Park: The Stick of Truth,https://en.wikipedia.org/wiki/South_Park:_The_Stick_of_Truth,0,2,active,South Park: The Stick of Truth – Obsidian Entertainment and South Park Digital Studios,https://en.wikipedia.org/wiki/The_Game_Awards_2014,Q1707918,2014-03-04,day,https://www.wikidata.org/wiki/Q1707918#P577,2014-03-04,first public release,https://www.wikidata.org/wiki/Q1707918#P577,earliest_wikidata_release,,not_publicly_disclosed
2014-05-03,2014-05,2014,Best Narrative,game,The Walking Dead: Season Two,The Walking Dead: Season Two,https://en.wikipedia.org/wiki/The_Walking_Dead:_Season_Two,0,3,active,The Walking Dead: Season Two – Telltale Games,https://en.wikipedia.org/wiki/The_Game_Awards_2014,Q3274141,2013-12-17,day,https://www.wikidata.org/wiki/Q3274141#P577,,,,earliest_wikidata_release,,not_publicly_disclosed
2014-05-04,2014-05,2014,Best Narrative,game,The Wolf Among Us,The Wolf Among Us,https://en.wikipedia.org/wiki/The_Wolf_Among_Us,0,4,active,The Wolf Among Us – Telltale Games,https://en.wikipedia.org/wiki/The_Game_Awards_2014,Q5427938,2013-10-11,day,https://www.wikidata.org/wiki/Q5427938#P577,,,,earliest_wikidata_release,,not_publicly_disclosed
2014-05-05,2014-05,2014,Best Narrative,game,Wolfenstein: The New Order,Wolfenstein: The New Order,https://en.wikipedia.org/wiki/Wolfenstein:_The_New_Order,0,5,active,Wolfenstein: The New Order – MachineGames,https://en.wikipedia.org/wiki/The_Game_Awards_2014,Q12956031,2014-05-20,day,https://www.wikidata.org/wiki/Q12956031#P577,2014-05-20,first public release,https://www.wikidata.org/wiki/Q12956031#P577,earliest_wikidata_release,,not_publicly_disclosed
2014-06-01,2014-06,2014,Best Score/Soundtrack,game,Destiny,Destiny,https://en.wikipedia.org/wiki/Destiny_(video_game),1,1,active,"Destiny – Michael Salvatori , C. Paul Johnson, Martin O'Donnell and Paul McCartney",https://en.wikipedia.org/wiki/The_Game_Awards_2014,Q210275,2014-09-09,day,https://www.wikidata.org/wiki/Q210275#P577,2014-09-09,first public release,https://www.wikidata.org/wiki/Q210275#P577,earliest_wikidata_release,,not_publicly_disclosed
2014-06-02,2014-06,2014,Best Score/Soundtrack,game,Alien: Isolation,Alien: Isolation,https://en.wikipedia.org/wiki/Alien:_Isolation,0,2,active,"Alien: Isolation – Byron Bullock, Sam Cooper, Jeff van Dyck , Christian Henson , Joe Henson, Haydn Payne and Alexis Smith",https://en.wikipedia.org/wiki/The_Game_Awards_2014,Q15613717,2014-10-07,day,https://www.wikidata.org/wiki/Q15613717#P577,2014-10-07,first public release,https://www.wikidata.org/wiki/Q15613717#P577,earliest_wikidata_release,,not_publicly_disclosed
2014-06-03,2014-06,2014,Best Score/Soundtrack,game,Child of Light,Child of Light,https://en.wikipedia.org/wiki/Child_of_Light,0,3,active,Child of Light – Béatrice Martin,https://en.wikipedia.org/wiki/The_Game_Awards_2014,Q16319370,2014-04-29,day,https://www.wikidata.org/wiki/Q16319370#P577,2014-04-29,first public release,https://www.wikidata.org/wiki/Q16319370#P577,earliest_wikidata_release,,not_publicly_disclosed
2014-06-04,2014-06,2014,Best Score/Soundtrack,game,Sunset Overdrive,Sunset Overdrive,https://en.wikipedia.org/wiki/Sunset_Overdrive,0,4,active,Sunset Overdrive – Boris Salchow,https://en.wikipedia.org/wiki/The_Game_Awards_2014,Q13476380,2014-10-28,day,https://www.wikidata.org/wiki/Q13476380#P577,2014-10-28,first public release,https://www.wikidata.org/wiki/Q13476380#P577,earliest_wikidata_release,,not_publicly_disclosed
2014-06-05,2014-06,2014,Best Score/Soundtrack,game,Transistor,Transistor,https://en.wikipedia.org/wiki/Transistor_(video_game),0,5,active,Transistor – Darren Korb,https://en.wikipedia.org/wiki/The_Game_Awards_2014,Q13417084,2014-05-20,day,https://www.wikidata.org/wiki/Q13417084#P577,2014-05-20,first public release,https://www.wikidata.org/wiki/Q13417084#P577,earliest_wikidata_release,,not_publicly_disclosed
2014-07-01,2014-07,2014,Best Performance,performance,Trey Parker as Various Voices,South Park: The Stick of Truth,https://en.wikipedia.org/wiki/South_Park:_The_Stick_of_Truth,1,1,active,Trey Parker as Various Voices – South Park: The Stick of Truth,https://en.wikipedia.org/wiki/The_Game_Awards_2014,Q1707918,2014-03-04,day,https://www.wikidata.org/wiki/Q1707918#P577,2014-03-04,first public release,https://www.wikidata.org/wiki/Q1707918#P577,earliest_wikidata_release,,not_publicly_disclosed
2014-07-02,2014-07,2014,Best Performance,performance,Adam Harrington as Bigby Wolf,The Wolf Among Us,https://en.wikipedia.org/wiki/The_Wolf_Among_Us,0,2,active,Adam Harrington as Bigby Wolf – The Wolf Among Us,https://en.wikipedia.org/wiki/The_Game_Awards_2014,Q5427938,2013-10-11,day,https://www.wikidata.org/wiki/Q5427938#P577,,,,earliest_wikidata_release,,not_publicly_disclosed
2014-07-03,2014-07,2014,Best Performance,performance,Kevin Spacey as Jonathan Irons,Call of Duty: Advanced Warfare,https://en.wikipedia.org/wiki/Call_of_Duty:_Advanced_Warfare,0,3,active,Kevin Spacey as Jonathan Irons – Call of Duty: Advanced Warfare,https://en.wikipedia.org/wiki/The_Game_Awards_2014,Q16743064,2014-11-04,day,https://www.wikidata.org/wiki/Q16743064#P577,2014-11-04,first public release,https://www.wikidata.org/wiki/Q16743064#P577,earliest_wikidata_release,,not_publicly_disclosed
2014-07-04,2014-07,2014,Best Performance,performance,Melissa Hutchison as Clementine,The Walking Dead: Season Two,https://en.wikipedia.org/wiki/The_Walking_Dead:_Season_Two,0,4,active,Melissa Hutchison as Clementine – The Walking Dead: Season Two,https://en.wikipedia.org/wiki/The_Game_Awards_2014,Q3274141,2013-12-17,day,https://www.wikidata.org/wiki/Q3274141#P577,,,,earliest_wikidata_release,,not_publicly_disclosed
2014-07-05,2014-07,2014,Best Performance,performance,Troy Baker as Talion,Middle-earth: Shadow of Mordor,https://en.wikipedia.org/wiki/Middle-earth:_Shadow_of_Mordor,0,5,active,Troy Baker as Talion – Middle-earth: Shadow of Mordor,https://en.wikipedia.org/wiki/The_Game_Awards_2014,Q15709637,2014-09-30,day,https://www.wikidata.org/wiki/Q15709637#P577,2014-09-30,first public release,https://www.wikidata.org/wiki/Q15709637#P577,earliest_wikidata_release,,not_publicly_disclosed
2014-08-01,2014-08,2014,Games for Change,game,Valiant Hearts: The Great War,Valiant Hearts: The Great War,https://en.wikipedia.org/wiki/Valiant_Hearts:_The_Great_War,1,1,active,Valiant Hearts: The Great War – Ubisoft Montpellier,https://en.wikipedia.org/wiki/The_Game_Awards_2014,Q16267741,2014-06-25,day,https://en.wikipedia.org/wiki/Valiant_Hearts:_The_Great_War,2014-06-25,first public release,https://en.wikipedia.org/wiki/Valiant_Hearts:_The_Great_War,curated_correction,,not_publicly_disclosed
2014-08-02,2014-08,2014,Games for Change,game,Mountain,Mountain,https://en.wikipedia.org/wiki/Mountain_(video_game),0,2,active,Mountain – David OReilly,https://en.wikipedia.org/wiki/The_Game_Awards_2014,Q29293936,2014-08-18,day,https://www.wikidata.org/wiki/Q29293936#P577,2014-08-18,first public release,https://www.wikidata.org/wiki/Q29293936#P577,earliest_wikidata_release,,not_publicly_disclosed
2014-08-03,2014-08,2014,Games for Change,game,Never Alone,Never Alone,https://en.wikipedia.org/wiki/Never_Alone_(video_game),0,3,active,Never Alone – Upper One Games and E-Line Media,https://en.wikipedia.org/wiki/The_Game_Awards_2014,Q17512815,2014-11-18,day,https://www.wikidata.org/wiki/Q17512815#P577,2014-11-18,first public release,https://www.wikidata.org/wiki/Q17512815#P577,earliest_wikidata_release,,not_publicly_disclosed
2014-08-04,2014-08,2014,Games for Change,game,The Last of Us: Left Behind,The Last of Us: Left Behind,https://en.wikipedia.org/wiki/The_Last_of_Us:_Left_Behind,0,4,active,The Last of Us: Left Behind – Naughty Dog,https://en.wikipedia.org/wiki/The_Game_Awards_2014,Q19880755,2014-02-14,day,https://www.wikidata.org/wiki/Q19880755#P577,2014-02-14,first public release,https://www.wikidata.org/wiki/Q19880755#P577,earliest_wikidata_release,,not_publicly_disclosed
2014-08-05,2014-08,2014,Games for Change,game,This War of Mine,This War of Mine,https://en.wikipedia.org/wiki/This_War_of_Mine,0,5,active,This War of Mine – 11 bit studios,https://en.wikipedia.org/wiki/The_Game_Awards_2014,Q16743212,2014-11-14,day,https://www.wikidata.org/wiki/Q16743212#P577,2014-11-14,first public release,https://www.wikidata.org/wiki/Q16743212#P577,earliest_wikidata_release,,not_publicly_disclosed
2014-09-01,2014-09,2014,Best Shooter,game,Far Cry 4,Far Cry 4,https://en.wikipedia.org/wiki/Far_Cry_4,1,1,active,Far Cry 4 – Ubisoft Montreal,https://en.wikipedia.org/wiki/The_Game_Awards_2014,Q15992359,2014-11-18,day,https://www.wikidata.org/wiki/Q15992359#P577,2014-11-18,first public release,https://www.wikidata.org/wiki/Q15992359#P577,earliest_wikidata_release,,not_publicly_disclosed
2014-09-02,2014-09,2014,Best Shooter,game,Call of Duty: Advanced Warfare,Call of Duty: Advanced Warfare,https://en.wikipedia.org/wiki/Call_of_Duty:_Advanced_Warfare,0,2,active,Call of Duty: Advanced Warfare – Sledgehammer Games,https://en.wikipedia.org/wiki/The_Game_Awards_2014,Q16743064,2014-11-04,day,https://www.wikidata.org/wiki/Q16743064#P577,2014-11-04,first public release,https://www.wikidata.org/wiki/Q16743064#P577,earliest_wikidata_release,,not_publicly_disclosed
2014-09-03,2014-09,2014,Best Shooter,game,Destiny,Destiny,https://en.wikipedia.org/wiki/Destiny_(video_game),0,3,active,Destiny – Bungie,https://en.wikipedia.org/wiki/The_Game_Awards_2014,Q210275,2014-09-09,day,https://www.wikidata.org/wiki/Q210275#P577,2014-09-09,first public release,https://www.wikidata.org/wiki/Q210275#P577,earliest_wikidata_release,,not_publicly_disclosed
2014-09-04,2014-09,2014,Best Shooter,game,Titanfall,Titanfall,https://en.wikipedia.org/wiki/Titanfall_(video_game),0,4,active,Titanfall – Respawn Entertainment,https://en.wikipedia.org/wiki/The_Game_Awards_2014,Q13473778,2014-03-11,day,https://www.wikidata.org/wiki/Q13473778#P577,2014-03-11,first public release,https://www.wikidata.org/wiki/Q13473778#P577,earliest_wikidata_release,,not_publicly_disclosed
2014-09-05,2014-09,2014,Best Shooter,game,Wolfenstein: The New Order,Wolfenstein: The New Order,https://en.wikipedia.org/wiki/Wolfenstein:_The_New_Order,0,5,active,Wolfenstein: The New Order – MachineGames,https://en.wikipedia.org/wiki/The_Game_Awards_2014,Q12956031,2014-05-20,day,https://www.wikidata.org/wiki/Q12956031#P577,2014-05-20,first public release,https://www.wikidata.org/wiki/Q12956031#P577,earliest_wikidata_release,,not_publicly_disclosed
2014-10-01,2014-10,2014,Best Action/Adventure,game,Middle-earth: Shadow of Mordor,Middle-earth: Shadow of Mordor,https://en.wikipedia.org/wiki/Middle-earth:_Shadow_of_Mordor,1,1,active,Middle-earth: Shadow of Mordor – Monolith Productions,https://en.wikipedia.org/wiki/The_Game_Awards_2014,Q15709637,2014-09-30,day,https://www.wikidata.org/wiki/Q15709637#P577,2014-09-30,first public release,https://www.wikidata.org/wiki/Q15709637#P577,earliest_wikidata_release,,not_publicly_disclosed
2014-10-02,2014-10,2014,Best Action/Adventure,game,Assassin's Creed Unity,Assassin's Creed Unity,https://en.wikipedia.org/wiki/Assassin%27s_Creed_Unity,0,2,active,Assassin's Creed Unity – Ubisoft Montreal,https://en.wikipedia.org/wiki/The_Game_Awards_2014,Q15983778,2014-11-11,day,https://www.wikidata.org/wiki/Q15983778#P577,2014-11-11,first public release,https://www.wikidata.org/wiki/Q15983778#P577,earliest_wikidata_release,,not_publicly_disclosed
2014-10-03,2014-10,2014,Best Action/Adventure,game,Alien: Isolation,Alien: Isolation,https://en.wikipedia.org/wiki/Alien:_Isolation,0,3,active,Alien: Isolation – The Creative Assembly,https://en.wikipedia.org/wiki/The_Game_Awards_2014,Q15613717,2014-10-07,day,https://www.wikidata.org/wiki/Q15613717#P577,2014-10-07,first public release,https://www.wikidata.org/wiki/Q15613717#P577,earliest_wikidata_release,,not_publicly_disclosed
2014-10-04,2014-10,2014,Best Action/Adventure,game,Bayonetta 2,Bayonetta 2,https://en.wikipedia.org/wiki/Bayonetta_2,0,4,active,Bayonetta 2 – PlatinumGames,https://en.wikipedia.org/wiki/The_Game_Awards_2014,Q3233480,2014-09-20,day,https://en.wikipedia.org/wiki/Bayonetta_2,2014-09-20,first public release,https://en.wikipedia.org/wiki/Bayonetta_2,curated_correction,,not_publicly_disclosed
2014-10-05,2014-10,2014,Best Action/Adventure,game,Sunset Overdrive,Sunset Overdrive,https://en.wikipedia.org/wiki/Sunset_Overdrive,0,5,active,Sunset Overdrive – Insomniac Games,https://en.wikipedia.org/wiki/The_Game_Awards_2014,Q13476380,2014-10-28,day,https://www.wikidata.org/wiki/Q13476380#P577,2014-10-28,first public release,https://www.wikidata.org/wiki/Q13476380#P577,earliest_wikidata_release,,not_publicly_disclosed
2014-11-01,2014-11,2014,Best Role Playing Game,game,Dragon Age: Inquisition,Dragon Age: Inquisition,https://en.wikipedia.org/wiki/Dragon_Age:_Inquisition,1,1,active,Dragon Age: Inquisition – BioWare,https://en.wikipedia.org/wiki/The_Game_Awards_2014,Q4037583,2014-11-18,day,https://www.wikidata.org/wiki/Q4037583#P577,2014-11-18,first public release,https://www.wikidata.org/wiki/Q4037583#P577,earliest_wikidata_release,,not_publicly_disclosed
2014-11-02,2014-11,2014,Best Role Playing Game,game,Bravely Default,Bravely Default,https://en.wikipedia.org/wiki/Bravely_Default,0,2,active,Bravely Default – Silicon Studio and Square Enix,https://en.wikipedia.org/wiki/The_Game_Awards_2014,Q2083917,2012-10-11,day,https://www.wikidata.org/wiki/Q2083917#P577,2014-02-07,North American release of For the Sequel edition,https://en.wikipedia.org/wiki/Bravely_Default#Release,earliest_wikidata_release,,not_publicly_disclosed
2014-11-03,2014-11,2014,Best Role Playing Game,game,Dark Souls II,Dark Souls II,https://en.wikipedia.org/wiki/Dark_Souls_II,0,3,active,Dark Souls II – FromSoftware,https://en.wikipedia.org/wiki/The_Game_Awards_2014,Q3702740,2014-03-11,day,https://www.wikidata.org/wiki/Q3702740#P577,2014-03-11,first public release,https://www.wikidata.org/wiki/Q3702740#P577,earliest_wikidata_release,,not_publicly_disclosed
2014-11-04,2014-11,2014,Best Role Playing Game,game,Divinity: Original Sin,Divinity: Original Sin,https://en.wikipedia.org/wiki/Divinity:_Original_Sin,0,4,active,Divinity: Original Sin – Larian Studios,https://en.wikipedia.org/wiki/The_Game_Awards_2014,Q5284389,2014-06-30,day,https://www.wikidata.org/wiki/Q5284389#P577,2014-06-30,first public release,https://www.wikidata.org/wiki/Q5284389#P577,earliest_wikidata_release,,not_publicly_disclosed
2014-11-05,2014-11,2014,Best Role Playing Game,game,South Park: The Stick of Truth,South Park: The Stick of Truth,https://en.wikipedia.org/wiki/South_Park:_The_Stick_of_Truth,0,5,active,South Park: The Stick of Truth – Obsidian Entertainment and South Park Digital Studios,https://en.wikipedia.org/wiki/The_Game_Awards_2014,Q1707918,2014-03-04,day,https://www.wikidata.org/wiki/Q1707918#P577,2014-03-04,first public release,https://www.wikidata.org/wiki/Q1707918#P577,earliest_wikidata_release,,not_publicly_disclosed
2014-12-01,2014-12,2014,Best Fighting Game,game,Super Smash Bros. for Wii U,Super Smash Bros. for Wii U,https://en.wikipedia.org/wiki/Super_Smash_Bros._for_Wii_U,1,1,active,Super Smash Bros. for Wii U – Sora Ltd. and Bandai Namco Games,https://en.wikipedia.org/wiki/The_Game_Awards_2014,Q41359742,2014-11-21,day,https://www.wikidata.org/wiki/Q41359742#P577,2014-11-21,first public release,https://www.wikidata.org/wiki/Q41359742#P577,earliest_wikidata_release,,not_publicly_disclosed
2014-12-02,2014-12,2014,Best Fighting Game,game,Killer Instinct: Season Two,Killer Instinct: Season Two,https://en.wikipedia.org/wiki/Killer_Instinct_(2013_video_game),0,2,active,"Killer Instinct: Season Two – Double Helix Games , Iron Galaxy Studios , Rare and Microsoft Studios",https://en.wikipedia.org/wiki/The_Game_Awards_2014,Q13522696,2013-11-22,day,https://www.wikidata.org/wiki/Q13522696#P577,2014-10-15,"Season Two launch, not the 2013 base game",https://en.wikipedia.org/wiki/Killer_Instinct_(2013_video_game),earliest_wikidata_release,,not_publicly_disclosed
2014-12-03,2014-12,2014,Best Fighting Game,game,Persona 4 Arena Ultimax,Persona 4 Arena Ultimax,https://en.wikipedia.org/wiki/Persona_4_Arena_Ultimax,0,3,active,Persona 4 Arena Ultimax – Arc System Works,https://en.wikipedia.org/wiki/The_Game_Awards_2014,Q16746773,2013-11-28,day,https://www.wikidata.org/wiki/Q16746773#P577,2014-08-28,"first console launch, after 2013 Japanese arcade release",https://en.wikipedia.org/wiki/Persona_4_Arena_Ultimax,earliest_wikidata_release,,not_publicly_disclosed
2014-12-04,2014-12,2014,Best Fighting Game,game,Super Smash Bros. for Nintendo 3DS,Super Smash Bros. for Nintendo 3DS,https://en.wikipedia.org/wiki/Super_Smash_Bros._for_Nintendo_3DS,0,4,active,Super Smash Bros. for Nintendo 3DS – Sora Ltd. and Bandai Namco Games,https://en.wikipedia.org/wiki/The_Game_Awards_2014,Q1195150,2014-09-13,day,https://en.wikipedia.org/wiki/Super_Smash_Bros._for_Nintendo_3DS_and_Wii_U,2014-09-13,first public release,https://en.wikipedia.org/wiki/Super_Smash_Bros._for_Nintendo_3DS_and_Wii_U,curated_correction,,not_publicly_disclosed
2014-12-05,2014-12,2014,Best Fighting Game,game,Ultra Street Fighter IV,Ultra Street Fighter IV,https://en.wikipedia.org/wiki/Ultra_Street_Fighter_IV,0,5,active,Ultra Street Fighter IV – Capcom,https://en.wikipedia.org/wiki/The_Game_Awards_2014,Q914286,2008-07-18,day,https://www.wikidata.org/wiki/Q914286#P577,2014-06-03,"Ultra update on consoles, not the 2008 base game",https://en.wikipedia.org/wiki/Ultra_Street_Fighter_IV,earliest_wikidata_release,,not_publicly_disclosed
2014-13-01,2014-13,2014,Best Family Game,game,Mario Kart 8,Mario Kart 8,https://en.wikipedia.org/wiki/Mario_Kart_8,1,1,active,Mario Kart 8 – Nintendo EAD,https://en.wikipedia.org/wiki/The_Game_Awards_2014,Q13427106,2014-05-29,day,https://www.wikidata.org/wiki/Q13427106#P577,2014-05-29,first public release,https://www.wikidata.org/wiki/Q13427106#P577,earliest_wikidata_release,,not_publicly_disclosed
2014-13-02,2014-13,2014,Best Family Game,game,Disney Infinity: Marvel Super Heroes,Disney Infinity: Marvel Super Heroes,https://en.wikipedia.org/wiki/Disney_Infinity:_Marvel_Super_Heroes,0,2,active,Disney Infinity: Marvel Super Heroes – Avalanche Software,https://en.wikipedia.org/wiki/The_Game_Awards_2014,Q16971686,2014,year,https://www.wikidata.org/wiki/Q16971686#P577,,,,earliest_wikidata_release,,not_publicly_disclosed
2014-13-03,2014-13,2014,Best Family Game,game,Fantasia: Music Evolved,Fantasia: Music Evolved,https://en.wikipedia.org/wiki/Fantasia:_Music_Evolved,0,3,active,Fantasia: Music Evolved – Harmonix,https://en.wikipedia.org/wiki/The_Game_Awards_2014,Q16201350,2014,year,https://www.wikidata.org/wiki/Q16201350#P577,,,,earliest_wikidata_release,,not_publicly_disclosed
2014-13-04,2014-13,2014,Best Family Game,game,Skylanders: Trap Team,Skylanders: Trap Team,https://en.wikipedia.org/wiki/Skylanders:_Trap_Team,0,4,active,Skylanders: Trap Team – Toys for Bob and Beenox,https://en.wikipedia.org/wiki/The_Game_Awards_2014,Q16743202,2014-10-05,day,https://www.wikidata.org/wiki/Q16743202#P577,2014-10-05,first public release,https://www.wikidata.org/wiki/Q16743202#P577,earliest_wikidata_release,,not_publicly_disclosed
2014-13-05,2014-13,2014,Best Family Game,game,Tomodachi Life,Tomodachi Life,https://en.wikipedia.org/wiki/Tomodachi_Life_(video_game),0,5,active,Tomodachi Life – Nintendo SPD,https://en.wikipedia.org/wiki/The_Game_Awards_2014,Q16269165,2013-04-18,day,https://www.wikidata.org/wiki/Q16269165#P577,,,,earliest_wikidata_release,,not_publicly_disclosed
2014-14-01,2014-14,2014,Best Sports/Racing Game,game,Mario Kart 8,Mario Kart 8,https://en.wikipedia.org/wiki/Mario_Kart_8,1,1,active,Mario Kart 8 – Nintendo EAD,https://en.wikipedia.org/wiki/The_Game_Awards_2014,Q13427106,2014-05-29,day,https://www.wikidata.org/wiki/Q13427106#P577,2014-05-29,first public release,https://www.wikidata.org/wiki/Q13427106#P577,earliest_wikidata_release,,not_publicly_disclosed
2014-14-02,2014-14,2014,Best Sports/Racing Game,game,FIFA 15,FIFA 15,https://en.wikipedia.org/wiki/FIFA_15,0,2,active,FIFA 15 – EA Canada,https://en.wikipedia.org/wiki/The_Game_Awards_2014,Q17156010,2014-09-23,day,https://www.wikidata.org/wiki/Q17156010#P577,2014-09-23,first public release,https://www.wikidata.org/wiki/Q17156010#P577,earliest_wikidata_release,,not_publicly_disclosed
2014-14-03,2014-14,2014,Best Sports/Racing Game,game,Forza Horizon 2,Forza Horizon 2,https://en.wikipedia.org/wiki/Forza_Horizon_2,0,3,active,"Forza Horizon 2 – Playground Games , Sumo Digital and Turn 10 Studios",https://en.wikipedia.org/wiki/The_Game_Awards_2014,Q17156024,2014-09-30,day,https://www.wikidata.org/wiki/Q17156024#P577,2014-09-30,first public release,https://www.wikidata.org/wiki/Q17156024#P577,earliest_wikidata_release,,not_publicly_disclosed
2014-14-04,2014-14,2014,Best Sports/Racing Game,game,NBA 2K15,NBA 2K15,https://en.wikipedia.org/wiki/NBA_2K15,0,4,active,NBA 2K15 – Visual Concepts,https://en.wikipedia.org/wiki/The_Game_Awards_2014,Q17506098,2014-10-07,day,https://www.wikidata.org/wiki/Q17506098#P577,2014-10-07,first public release,https://www.wikidata.org/wiki/Q17506098#P577,earliest_wikidata_release,,not_publicly_disclosed
2014-14-05,2014-14,2014,Best Sports/Racing Game,game,Trials Fusion,Trials Fusion,https://en.wikipedia.org/wiki/Trials_Fusion,0,5,active,"Trials Fusion – RedLynx , Ubisoft Shanghai and Ubisoft Kiev",https://en.wikipedia.org/wiki/The_Game_Awards_2014,Q16617686,2014-04-15,day,https://www.wikidata.org/wiki/Q16617686#P577,2014-04-15,first public release,https://www.wikidata.org/wiki/Q16617686#P577,earliest_wikidata_release,,not_publicly_disclosed
2014-15-01,2014-15,2014,Best Online Experience,game,Destiny,Destiny,https://en.wikipedia.org/wiki/Destiny_(video_game),1,1,active,Destiny – Bungie,https://en.wikipedia.org/wiki/The_Game_Awards_2014,Q210275,2014-09-09,day,https://www.wikidata.org/wiki/Q210275#P577,2014-09-09,first public release,https://www.wikidata.org/wiki/Q210275#P577,earliest_wikidata_release,,not_publicly_disclosed
2014-15-02,2014-15,2014,Best Online Experience,game,Call of Duty: Advanced Warfare,Call of Duty: Advanced Warfare,https://en.wikipedia.org/wiki/Call_of_Duty:_Advanced_Warfare,0,2,active,"Call of Duty: Advanced Warfare – Sledgehammer Games , High Moon Studios and Raven Software",https://en.wikipedia.org/wiki/The_Game_Awards_2014,Q16743064,2014-11-04,day,https://www.wikidata.org/wiki/Q16743064#P577,2014-11-04,first public release,https://www.wikidata.org/wiki/Q16743064#P577,earliest_wikidata_release,,not_publicly_disclosed
2014-15-03,2014-15,2014,Best Online Experience,game,Dark Souls II,Dark Souls II,https://en.wikipedia.org/wiki/Dark_Souls_II,0,3,active,Dark Souls II – FromSoftware,https://en.wikipedia.org/wiki/The_Game_Awards_2014,Q3702740,2014-03-11,day,https://www.wikidata.org/wiki/Q3702740#P577,2014-03-11,first public release,https://www.wikidata.org/wiki/Q3702740#P577,earliest_wikidata_release,,not_publicly_disclosed
2014-15-04,2014-15,2014,Best Online Experience,game,Hearthstone,Hearthstone,https://en.wikipedia.org/wiki/Hearthstone,0,4,active,Hearthstone – Blizzard Entertainment,https://en.wikipedia.org/wiki/The_Game_Awards_2014,Q8262784,2014-03-11,day,https://www.wikidata.org/wiki/Q8262784#P577,2014-03-11,first public release,https://www.wikidata.org/wiki/Q8262784#P577,earliest_wikidata_release,,not_publicly_disclosed
2014-15-05,2014-15,2014,Best Online Experience,game,Titanfall,Titanfall,https://en.wikipedia.org/wiki/Titanfall_(video_game),0,5,active,Titanfall – Respawn Entertainment,https://en.wikipedia.org/wiki/The_Game_Awards_2014,Q13473778,2014-03-11,day,https://www.wikidata.org/wiki/Q13473778#P577,2014-03-11,first public release,https://www.wikidata.org/wiki/Q13473778#P577,earliest_wikidata_release,,not_publicly_disclosed
2014-16-01,2014-16,2014,Best Remaster,game,Grand Theft Auto V,Grand Theft Auto V,https://en.wikipedia.org/wiki/Grand_Theft_Auto_V,1,1,active,Grand Theft Auto V – by Rockstar North,https://en.wikipedia.org/wiki/The_Game_Awards_2014,Q17452,2013-09-17,day,https://www.wikidata.org/wiki/Q17452#P577,2014-11-18,PS4/Xbox One remaster release,https://en.wikipedia.org/wiki/Grand_Theft_Auto_V,earliest_wikidata_release,,not_publicly_disclosed
2014-16-02,2014-16,2014,Best Remaster,game,Halo: The Master Chief Collection,Halo: The Master Chief Collection,https://en.wikipedia.org/wiki/Halo:_The_Master_Chief_Collection,0,2,active,Halo: The Master Chief Collection – by Bungie and 343 Industries ; redeveloped by 343 Industries,https://en.wikipedia.org/wiki/The_Game_Awards_2014,Q17182448,2014-11-11,day,https://www.wikidata.org/wiki/Q17182448#P577,2014-11-11,first public release,https://www.wikidata.org/wiki/Q17182448#P577,earliest_wikidata_release,,not_publicly_disclosed
2014-16-03,2014-16,2014,Best Remaster,game,Pokémon Omega Ruby and Alpha Sapphire,Pokémon Omega Ruby and Alpha Sapphire,https://en.wikipedia.org/wiki/Pok%C3%A9mon_Omega_Ruby_and_Alpha_Sapphire,0,3,active,Pokémon Omega Ruby and Alpha Sapphire – by Game Freak,https://en.wikipedia.org/wiki/The_Game_Awards_2014,Q16773658,2014-11-21,day,https://www.wikidata.org/wiki/Q16773658#P577,2014-11-21,first public release,https://www.wikidata.org/wiki/Q16773658#P577,earliest_wikidata_release,,not_publicly_disclosed
2014-16-04,2014-16,2014,Best Remaster,game,The Last of Us Remastered,The Last of Us Remastered,https://en.wikipedia.org/wiki/The_Last_of_Us_Remastered,0,4,active,The Last of Us Remastered – by Naughty Dog,https://en.wikipedia.org/wiki/The_Game_Awards_2014,Q19057897,2014-07-29,day,https://www.wikidata.org/wiki/Q19057897#P577,2014-07-29,first public release,https://www.wikidata.org/wiki/Q19057897#P577,earliest_wikidata_release,,not_publicly_disclosed
2014-16-05,2014-16,2014,Best Remaster,game,Tomb Raider: Definitive Edition,Tomb Raider: Definitive Edition,https://en.wikipedia.org/wiki/Tomb_Raider:_Definitive_Edition,0,5,active,Tomb Raider: Definitive Edition – originally developed by Crystal Dynamics ; redeveloped by Nixxes Software and United Front Games,https://en.wikipedia.org/wiki/The_Game_Awards_2014,Q1757876,2013-03-05,day,https://www.wikidata.org/wiki/Q1757876#P577,,,,earliest_wikidata_release,,not_publicly_disclosed
2014-17-01,2014-17,2014,Most Anticipated Game,unreleased_game,The Witcher 3: Wild Hunt,The Witcher 3: Wild Hunt,https://en.wikipedia.org/wiki/The_Witcher_3:_Wild_Hunt,1,1,active,The Witcher 3: Wild Hunt – CD Projekt Red,https://en.wikipedia.org/wiki/The_Game_Awards_2014,Q4267401,2015-05-19,day,https://www.wikidata.org/wiki/Q4267401#P577,,,,earliest_wikidata_release,,not_publicly_disclosed
2014-17-02,2014-17,2014,Most Anticipated Game,unreleased_game,Batman: Arkham Knight,Batman: Arkham Knight,https://en.wikipedia.org/wiki/Batman:_Arkham_Knight,0,2,active,Batman: Arkham Knight – Rocksteady Studios,https://en.wikipedia.org/wiki/The_Game_Awards_2014,Q15891648,2015-06-23,day,https://www.wikidata.org/wiki/Q15891648#P577,,,,earliest_wikidata_release,,not_publicly_disclosed
2014-17-03,2014-17,2014,Most Anticipated Game,unreleased_game,Uncharted 4: A Thief's End,Uncharted 4: A Thief's End,https://en.wikipedia.org/wiki/Uncharted_4:_A_Thief%27s_End,0,3,active,Uncharted 4: A Thief's End – Naughty Dog,https://en.wikipedia.org/wiki/The_Game_Awards_2014,Q16681843,2016-05-10,day,https://www.wikidata.org/wiki/Q16681843#P577,,,,earliest_wikidata_release,,not_publicly_disclosed
2014-17-04,2014-17,2014,Most Anticipated Game,unreleased_game,Evolve,Evolve,https://en.wikipedia.org/wiki/Evolve_(video_game),0,4,active,Evolve – Turtle Rock Studios,https://en.wikipedia.org/wiki/The_Game_Awards_2014,Q16267814,2015-02-10,day,https://www.wikidata.org/wiki/Q16267814#P577,,,,earliest_wikidata_release,,not_publicly_disclosed
2014-17-05,2014-17,2014,Most Anticipated Game,unreleased_game,Bloodborne,Bloodborne,https://en.wikipedia.org/wiki/Bloodborne,0,5,active,Bloodborne – FromSoftware,https://en.wikipedia.org/wiki/The_Game_Awards_2014,Q17154554,2015-03-24,day,https://www.wikidata.org/wiki/Q17154554#P577,,,,earliest_wikidata_release,,not_publicly_disclosed
2014-18-01,2014-18,2014,Esports Player of the Year,person,"Matt ""NaDeSHoT"" Haag",,,1,1,active,"Matt ""NaDeSHoT"" Haag",https://en.wikipedia.org/wiki/The_Game_Awards_2014,,,,,,,,no_associated_game,,not_publicly_disclosed
2014-18-02,2014-18,2014,Esports Player of the Year,person,"Christopher ""GeT RiGhT"" Alesund",,,0,2,active,"Christopher ""GeT RiGhT"" Alesund",https://en.wikipedia.org/wiki/The_Game_Awards_2014,,,,,,,,no_associated_game,,not_publicly_disclosed
2014-18-03,2014-18,2014,Esports Player of the Year,person,"Martin ""Rekkles"" Larsson",,,0,3,active,"Martin ""Rekkles"" Larsson",https://en.wikipedia.org/wiki/The_Game_Awards_2014,,,,,,,,no_associated_game,,not_publicly_disclosed
2014-18-04,2014-18,2014,Esports Player of the Year,person,"James ""Firebat"" Kostesich",,,0,4,active,"James ""Firebat"" Kostesich",https://en.wikipedia.org/wiki/The_Game_Awards_2014,,,,,,,,no_associated_game,,not_publicly_disclosed
2014-18-05,2014-18,2014,Esports Player of the Year,person,"Xu ""Fy"" Linsen",,,0,5,active,"Xu ""Fy"" Linsen",https://en.wikipedia.org/wiki/The_Game_Awards_2014,,,,,,,,no_associated_game,,not_publicly_disclosed
2014-19-01,2014-19,2014,Esports Team of the Year,other,Ninjas in Pyjamas,,,1,1,active,Ninjas in Pyjamas,https://en.wikipedia.org/wiki/The_Game_Awards_2014,,,,,,,,no_associated_game,,not_publicly_disclosed
2014-19-02,2014-19,2014,Esports Team of the Year,other,Evil Geniuses,,,0,2,active,Evil Geniuses,https://en.wikipedia.org/wiki/The_Game_Awards_2014,,,,,,,,no_associated_game,,not_publicly_disclosed
2014-19-03,2014-19,2014,Esports Team of the Year,other,Samsung White,,,0,3,active,Samsung White,https://en.wikipedia.org/wiki/The_Game_Awards_2014,,,,,,,,no_associated_game,,not_publicly_disclosed
2014-19-04,2014-19,2014,Esports Team of the Year,other,Newbee,,,0,4,active,Newbee,https://en.wikipedia.org/wiki/The_Game_Awards_2014,,,,,,,,no_associated_game,,not_publicly_disclosed
2014-19-05,2014-19,2014,Esports Team of the Year,other,Edward Gaming,,,0,5,active,Edward Gaming,https://en.wikipedia.org/wiki/The_Game_Awards_2014,,,,,,,,no_associated_game,,not_publicly_disclosed
2014-20-01,2014-20,2014,Trending Gamer,person,TotalBiscuit,,,1,1,active,TotalBiscuit,https://en.wikipedia.org/wiki/The_Game_Awards_2014,,,,,,,,no_associated_game,,not_publicly_disclosed
2014-20-02,2014-20,2014,Trending Gamer,person,VanossGaming,,,0,2,active,VanossGaming,https://en.wikipedia.org/wiki/The_Game_Awards_2014,,,,,,,,no_associated_game,,not_publicly_disclosed
2014-20-03,2014-20,2014,Trending Gamer,person,Jeff Gerstmann,,,0,3,active,Jeff Gerstmann,https://en.wikipedia.org/wiki/The_Game_Awards_2014,,,,,,,,no_associated_game,,not_publicly_disclosed
2014-20-04,2014-20,2014,Trending Gamer,person,PewDiePie,,,0,4,active,PewDiePie,https://en.wikipedia.org/wiki/The_Game_Awards_2014,,,,,,,,no_associated_game,,not_publicly_disclosed
2014-20-05,2014-20,2014,Trending Gamer,person,StampyLongHead,,,0,5,active,StampyLongHead,https://en.wikipedia.org/wiki/The_Game_Awards_2014,,,,,,,,no_associated_game,,not_publicly_disclosed
2014-21-01,2014-21,2014,Best Fan Creation,other,Twitch Plays Pokémon,,,1,1,active,Twitch Plays Pokémon,https://en.wikipedia.org/wiki/The_Game_Awards_2014,,,,,,,,no_associated_game,,not_publicly_disclosed
2014-21-02,2014-21,2014,Best Fan Creation,other,Luigi Death Stare,,,0,2,active,Luigi Death Stare – by CZBwoi and Rizupicorr,https://en.wikipedia.org/wiki/The_Game_Awards_2014,,,,,,,,no_associated_game,,not_publicly_disclosed
2014-21-03,2014-21,2014,Best Fan Creation,other,""" It's Dangerous to Go Alone """,,,0,3,active,""" It's Dangerous to Go Alone "" – by Starbomb",https://en.wikipedia.org/wiki/The_Game_Awards_2014,,,,,,,,no_associated_game,,not_publicly_disclosed
2014-21-04,2014-21,2014,Best Fan Creation,other,Minecraft - Titan City,,,0,4,active,Minecraft - Titan City – by Colonial Puppet,https://en.wikipedia.org/wiki/The_Game_Awards_2014,,,,,,,,no_associated_game,,not_publicly_disclosed
2014-21-05,2014-21,2014,Best Fan Creation,other,"""Mine the Diamond (Minecraft Song)""",,,0,5,active,"""Mine the Diamond (Minecraft Song)"" – by Tobuscus",https://en.wikipedia.org/wiki/The_Game_Awards_2014,,,,,,,,no_associated_game,,not_publicly_disclosed
2014-22-01,2014-22,2014,Industry Icon Award,honorary,Ken and Roberta Williams ( Sierra Entertainment ),,,1,1,active,Ken and Roberta Williams ( Sierra Entertainment ),https://en.wikipedia.org/wiki/The_Game_Awards_2014,,,,,,,,no_associated_game,,not_publicly_disclosed
2015-01-01,2015-01,2015,Game of the Year,game,The Witcher 3: Wild Hunt,The Witcher 3: Wild Hunt,https://en.wikipedia.org/wiki/The_Witcher_3:_Wild_Hunt,1,1,active,The Witcher 3: Wild Hunt – CD Projekt Red,https://en.wikipedia.org/wiki/The_Game_Awards_2015,Q4267401,2015-05-19,day,https://www.wikidata.org/wiki/Q4267401#P577,2015-05-19,first public release,https://www.wikidata.org/wiki/Q4267401#P577,earliest_wikidata_release,,not_publicly_disclosed
2015-01-02,2015-01,2015,Game of the Year,game,Bloodborne,Bloodborne,https://en.wikipedia.org/wiki/Bloodborne,0,2,active,Bloodborne – FromSoftware,https://en.wikipedia.org/wiki/The_Game_Awards_2015,Q17154554,2015-03-24,day,https://www.wikidata.org/wiki/Q17154554#P577,2015-03-24,first public release,https://www.wikidata.org/wiki/Q17154554#P577,earliest_wikidata_release,,not_publicly_disclosed
2015-01-03,2015-01,2015,Game of the Year,game,Fallout 4,Fallout 4,https://en.wikipedia.org/wiki/Fallout_4,0,3,active,Fallout 4 – Bethesda Game Studios,https://en.wikipedia.org/wiki/The_Game_Awards_2015,Q10493813,2015-11-09,day,https://www.wikidata.org/wiki/Q10493813#P577,2015-11-09,first public release,https://www.wikidata.org/wiki/Q10493813#P577,earliest_wikidata_release,,not_publicly_disclosed
2015-01-04,2015-01,2015,Game of the Year,game,Metal Gear Solid V: The Phantom Pain,Metal Gear Solid V: The Phantom Pain,https://en.wikipedia.org/wiki/Metal_Gear_Solid_V:_The_Phantom_Pain,0,4,active,Metal Gear Solid V: The Phantom Pain – Kojima Productions,https://en.wikipedia.org/wiki/The_Game_Awards_2015,Q717600,2015-09-01,day,https://www.wikidata.org/wiki/Q717600#P577,2015-09-01,first public release,https://www.wikidata.org/wiki/Q717600#P577,earliest_wikidata_release,,not_publicly_disclosed
2015-01-05,2015-01,2015,Game of the Year,game,Super Mario Maker,Super Mario Maker,https://en.wikipedia.org/wiki/Super_Mario_Maker,0,5,active,Super Mario Maker – Nintendo,https://en.wikipedia.org/wiki/The_Game_Awards_2015,Q17164955,2015-09-10,day,https://www.wikidata.org/wiki/Q17164955#P577,2015-09-10,first public release,https://www.wikidata.org/wiki/Q17164955#P577,earliest_wikidata_release,,not_publicly_disclosed
2015-02-01,2015-02,2015,Developer of the Year,other,CD Projekt Red,,,1,1,active,CD Projekt Red,https://en.wikipedia.org/wiki/The_Game_Awards_2015,,,,,,,,no_associated_game,,not_publicly_disclosed
2015-02-02,2015-02,2015,Developer of the Year,other,Bethesda Game Studios,,,0,2,active,Bethesda Game Studios,https://en.wikipedia.org/wiki/The_Game_Awards_2015,,,,,,,,no_associated_game,,not_publicly_disclosed
2015-02-03,2015-02,2015,Developer of the Year,other,FromSoftware,,,0,3,active,FromSoftware,https://en.wikipedia.org/wiki/The_Game_Awards_2015,,,,,,,,no_associated_game,,not_publicly_disclosed
2015-02-04,2015-02,2015,Developer of the Year,other,Kojima Productions,,,0,4,active,Kojima Productions,https://en.wikipedia.org/wiki/The_Game_Awards_2015,,,,,,,,no_associated_game,,not_publicly_disclosed
2015-02-05,2015-02,2015,Developer of the Year,other,Nintendo,,,0,5,active,Nintendo,https://en.wikipedia.org/wiki/The_Game_Awards_2015,,,,,,,,no_associated_game,,not_publicly_disclosed
2015-03-01,2015-03,2015,Best Independent Game,game,Rocket League,Rocket League,https://en.wikipedia.org/wiki/Rocket_League,1,1,active,Rocket League – Psyonix,https://en.wikipedia.org/wiki/The_Game_Awards_2015,Q20031743,2015-07-07,day,https://www.wikidata.org/wiki/Q20031743#P577,2015-07-07,first public release,https://www.wikidata.org/wiki/Q20031743#P577,earliest_wikidata_release,,not_publicly_disclosed
2015-03-02,2015-03,2015,Best Independent Game,game,Axiom Verge,Axiom Verge,https://en.wikipedia.org/wiki/Axiom_Verge,0,2,active,Axiom Verge – Tom Happ,https://en.wikipedia.org/wiki/The_Game_Awards_2015,Q4830546,2015,year,https://www.wikidata.org/wiki/Q4830546#P577,,,,earliest_wikidata_release,,not_publicly_disclosed
2015-03-03,2015-03,2015,Best Independent Game,game,Her Story,Her Story,https://en.wikipedia.org/wiki/Her_Story_(video_game),0,3,active,Her Story – Sam Barlow,https://en.wikipedia.org/wiki/The_Game_Awards_2015,Q20538669,2015-06-24,day,https://www.wikidata.org/wiki/Q20538669#P577,2015-06-24,first public release,https://www.wikidata.org/wiki/Q20538669#P577,earliest_wikidata_release,,not_publicly_disclosed
2015-03-04,2015-03,2015,Best Independent Game,game,Ori and the Blind Forest,Ori and the Blind Forest,https://en.wikipedia.org/wiki/Ori_and_the_Blind_Forest,0,4,active,Ori and the Blind Forest – Moon Studios,https://en.wikipedia.org/wiki/The_Game_Awards_2015,Q17513672,2015-03-11,day,https://www.wikidata.org/wiki/Q17513672#P577,2015-03-11,first public release,https://www.wikidata.org/wiki/Q17513672#P577,earliest_wikidata_release,,not_publicly_disclosed
2015-03-05,2015-03,2015,Best Independent Game,game,Undertale,Undertale,https://en.wikipedia.org/wiki/Undertale,0,5,active,Undertale – Toby Fox,https://en.wikipedia.org/wiki/The_Game_Awards_2015,Q21039924,2015-09-15,day,https://www.wikidata.org/wiki/Q21039924#P577,2015-09-15,first public release,https://www.wikidata.org/wiki/Q21039924#P577,earliest_wikidata_release,,not_publicly_disclosed
2015-04-01,2015-04,2015,Best Mobile/Handheld Game,game,Lara Croft Go,Lara Croft Go,https://en.wikipedia.org/wiki/Lara_Croft_Go,1,1,active,Lara Croft Go – Square Enix Montréal,https://en.wikipedia.org/wiki/The_Game_Awards_2015,Q20895586,2015-08-27,day,https://www.wikidata.org/wiki/Q20895586#P577,2015-08-27,first public release,https://www.wikidata.org/wiki/Q20895586#P577,earliest_wikidata_release,,not_publicly_disclosed
2015-04-02,2015-04,2015,Best Mobile/Handheld Game,game,Downwell,Downwell,https://en.wikipedia.org/wiki/Downwell_(video_game),0,2,active,Downwell – Moppin,https://en.wikipedia.org/wiki/The_Game_Awards_2015,Q21198154,2015-10-15,day,https://www.wikidata.org/wiki/Q21198154#P577,2015-10-15,first public release,https://www.wikidata.org/wiki/Q21198154#P577,earliest_wikidata_release,,not_publicly_disclosed
2015-04-03,2015-04,2015,Best Mobile/Handheld Game,game,Fallout Shelter,Fallout Shelter,https://en.wikipedia.org/wiki/Fallout_Shelter,0,3,active,Fallout Shelter – Bethesda Game Studios and Behaviour Interactive,https://en.wikipedia.org/wiki/The_Game_Awards_2015,Q20116199,2015-06-14,day,https://www.wikidata.org/wiki/Q20116199#P577,2015-06-14,first public release,https://www.wikidata.org/wiki/Q20116199#P577,earliest_wikidata_release,,not_publicly_disclosed
2015-04-04,2015-04,2015,Best Mobile/Handheld Game,game,Monster Hunter 4 Ultimate,Monster Hunter 4 Ultimate,https://en.wikipedia.org/wiki/Monster_Hunter_4_Ultimate,0,4,active,Monster Hunter 4 Ultimate – Capcom,https://en.wikipedia.org/wiki/The_Game_Awards_2015,Q3861001,2013-09-14,day,https://www.wikidata.org/wiki/Q3861001#P577,,,,earliest_wikidata_release,,not_publicly_disclosed
2015-04-05,2015-04,2015,Best Mobile/Handheld Game,game,Pac-Man 256,Pac-Man 256,https://en.wikipedia.org/wiki/Pac-Man_256,0,5,active,Pac-Man 256 – Hipster Whale,https://en.wikipedia.org/wiki/The_Game_Awards_2015,Q21061092,2015-08-20,day,https://www.wikidata.org/wiki/Q21061092#P577,2015-08-20,first public release,https://www.wikidata.org/wiki/Q21061092#P577,earliest_wikidata_release,,not_publicly_disclosed
2015-05-01,2015-05,2015,Best Narrative,game,Her Story,Her Story,https://en.wikipedia.org/wiki/Her_Story_(video_game),1,1,active,Her Story – Sam Barlow,https://en.wikipedia.org/wiki/The_Game_Awards_2015,Q20538669,2015-06-24,day,https://www.wikidata.org/wiki/Q20538669#P577,2015-06-24,first public release,https://www.wikidata.org/wiki/Q20538669#P577,earliest_wikidata_release,,not_publicly_disclosed
2015-05-02,2015-05,2015,Best Narrative,game,Life Is Strange,Life Is Strange,https://en.wikipedia.org/wiki/Life_Is_Strange_(video_game),0,2,active,Life Is Strange – Dontnod Entertainment,https://en.wikipedia.org/wiki/The_Game_Awards_2015,Q18536861,2015-01-30,day,https://www.wikidata.org/wiki/Q18536861#P577,2015-01-30,first public release,https://www.wikidata.org/wiki/Q18536861#P577,earliest_wikidata_release,,not_publicly_disclosed
2015-05-03,2015-05,2015,Best Narrative,game,Tales from the Borderlands,Tales from the Borderlands,https://en.wikipedia.org/wiki/Tales_from_the_Borderlands,0,3,active,Tales from the Borderlands – Telltale Games,https://en.wikipedia.org/wiki/The_Game_Awards_2015,Q16962493,2014-11-25,day,https://www.wikidata.org/wiki/Q16962493#P577,,,,earliest_wikidata_release,,not_publicly_disclosed
2015-05-04,2015-05,2015,Best Narrative,game,The Witcher 3: Wild Hunt,The Witcher 3: Wild Hunt,https://en.wikipedia.org/wiki/The_Witcher_3:_Wild_Hunt,0,4,active,The Witcher 3: Wild Hunt – CD Projekt Red,https://en.wikipedia.org/wiki/The_Game_Awards_2015,Q4267401,2015-05-19,day,https://www.wikidata.org/wiki/Q4267401#P577,2015-05-19,first public release,https://www.wikidata.org/wiki/Q4267401#P577,earliest_wikidata_release,,not_publicly_disclosed
2015-05-05,2015-05,2015,Best Narrative,game,Until Dawn,Until Dawn,https://en.wikipedia.org/wiki/Until_Dawn,0,5,active,Until Dawn – Supermassive Games,https://en.wikipedia.org/wiki/The_Game_Awards_2015,Q7897632,2015-08-25,day,https://www.wikidata.org/wiki/Q7897632#P577,2015-08-25,first public release,https://www.wikidata.org/wiki/Q7897632#P577,earliest_wikidata_release,,not_publicly_disclosed
2015-06-01,2015-06,2015,Best Art Direction,game,Ori and the Blind Forest,Ori and the Blind Forest,https://en.wikipedia.org/wiki/Ori_and_the_Blind_Forest,1,1,active,Ori and the Blind Forest – Moon Studios,https://en.wikipedia.org/wiki/The_Game_Awards_2015,Q17513672,2015-03-11,day,https://www.wikidata.org/wiki/Q17513672#P577,2015-03-11,first public release,https://www.wikidata.org/wiki/Q17513672#P577,earliest_wikidata_release,,not_publicly_disclosed
2015-06-02,2015-06,2015,Best Art Direction,game,Batman: Arkham Knight,Batman: Arkham Knight,https://en.wikipedia.org/wiki/Batman:_Arkham_Knight,0,2,active,Batman: Arkham Knight – Rocksteady Studios,https://en.wikipedia.org/wiki/The_Game_Awards_2015,Q15891648,2015-06-23,day,https://www.wikidata.org/wiki/Q15891648#P577,2015-06-23,first public release,https://www.wikidata.org/wiki/Q15891648#P577,earliest_wikidata_release,,not_publicly_disclosed
2015-06-03,2015-06,2015,Best Art Direction,game,Bloodborne,Bloodborne,https://en.wikipedia.org/wiki/Bloodborne,0,3,active,Bloodborne – FromSoftware,https://en.wikipedia.org/wiki/The_Game_Awards_2015,Q17154554,2015-03-24,day,https://www.wikidata.org/wiki/Q17154554#P577,2015-03-24,first public release,https://www.wikidata.org/wiki/Q17154554#P577,earliest_wikidata_release,,not_publicly_disclosed
2015-06-04,2015-06,2015,Best Art Direction,game,Metal Gear Solid V: The Phantom Pain,Metal Gear Solid V: The Phantom Pain,https://en.wikipedia.org/wiki/Metal_Gear_Solid_V:_The_Phantom_Pain,0,4,active,Metal Gear Solid V: The Phantom Pain – Kojima Productions,https://en.wikipedia.org/wiki/The_Game_Awards_2015,Q717600,2015-09-01,day,https://www.wikidata.org/wiki/Q717600#P577,2015-09-01,first public release,https://www.wikidata.org/wiki/Q717600#P577,earliest_wikidata_release,,not_publicly_disclosed
2015-06-05,2015-06,2015,Best Art Direction,game,The Witcher 3: Wild Hunt,The Witcher 3: Wild Hunt,https://en.wikipedia.org/wiki/The_Witcher_3:_Wild_Hunt,0,5,active,The Witcher 3: Wild Hunt – CD Projekt Red,https://en.wikipedia.org/wiki/The_Game_Awards_2015,Q4267401,2015-05-19,day,https://www.wikidata.org/wiki/Q4267401#P577,2015-05-19,first public release,https://www.wikidata.org/wiki/Q4267401#P577,earliest_wikidata_release,,not_publicly_disclosed
2015-07-01,2015-07,2015,Best Score/Soundtrack,game,Metal Gear Solid V: The Phantom Pain,Metal Gear Solid V: The Phantom Pain,https://en.wikipedia.org/wiki/Metal_Gear_Solid_V:_The_Phantom_Pain,1,1,active,Metal Gear Solid V: The Phantom Pain – Kojima Productions,https://en.wikipedia.org/wiki/The_Game_Awards_2015,Q717600,2015-09-01,day,https://www.wikidata.org/wiki/Q717600#P577,2015-09-01,first public release,https://www.wikidata.org/wiki/Q717600#P577,earliest_wikidata_release,,not_publicly_disclosed
2015-07-02,2015-07,2015,Best Score/Soundtrack,game,Fallout 4,Fallout 4,https://en.wikipedia.org/wiki/Fallout_4,0,2,active,Fallout 4 – Bethesda Game Studios,https://en.wikipedia.org/wiki/The_Game_Awards_2015,Q10493813,2015-11-09,day,https://www.wikidata.org/wiki/Q10493813#P577,2015-11-09,first public release,https://www.wikidata.org/wiki/Q10493813#P577,earliest_wikidata_release,,not_publicly_disclosed
2015-07-03,2015-07,2015,Best Score/Soundtrack,game,Halo 5: Guardians,Halo 5: Guardians,https://en.wikipedia.org/wiki/Halo_5:_Guardians,0,3,active,Halo 5: Guardians – 343 Industries,https://en.wikipedia.org/wiki/The_Game_Awards_2015,Q16888147,2015-10-27,day,https://www.wikidata.org/wiki/Q16888147#P577,2015-10-27,first public release,https://www.wikidata.org/wiki/Q16888147#P577,earliest_wikidata_release,,not_publicly_disclosed
2015-07-04,2015-07,2015,Best Score/Soundtrack,game,Ori and the Blind Forest,Ori and the Blind Forest,https://en.wikipedia.org/wiki/Ori_and_the_Blind_Forest,0,4,active,Ori and the Blind Forest – Moon Studios,https://en.wikipedia.org/wiki/The_Game_Awards_2015,Q17513672,2015-03-11,day,https://www.wikidata.org/wiki/Q17513672#P577,2015-03-11,first public release,https://www.wikidata.org/wiki/Q17513672#P577,earliest_wikidata_release,,not_publicly_disclosed
2015-07-05,2015-07,2015,Best Score/Soundtrack,game,The Witcher 3: Wild Hunt,The Witcher 3: Wild Hunt,https://en.wikipedia.org/wiki/The_Witcher_3:_Wild_Hunt,0,5,active,The Witcher 3: Wild Hunt – CD Projekt Red,https://en.wikipedia.org/wiki/The_Game_Awards_2015,Q4267401,2015-05-19,day,https://www.wikidata.org/wiki/Q4267401#P577,2015-05-19,first public release,https://www.wikidata.org/wiki/Q4267401#P577,earliest_wikidata_release,,not_publicly_disclosed
2015-08-01,2015-08,2015,Best Performance,performance,Viva Seifert as Hannah Smith,Her Story,https://en.wikipedia.org/wiki/Her_Story_(video_game),1,1,active,Viva Seifert as Hannah Smith – Her Story,https://en.wikipedia.org/wiki/The_Game_Awards_2015,Q20538669,2015-06-24,day,https://www.wikidata.org/wiki/Q20538669#P577,2015-06-24,first public release,https://www.wikidata.org/wiki/Q20538669#P577,earliest_wikidata_release,,not_publicly_disclosed
2015-08-02,2015-08,2015,Best Performance,performance,Ashly Burch as Chloe Price,Life Is Strange,https://en.wikipedia.org/wiki/Life_Is_Strange_(video_game),0,2,active,Ashly Burch as Chloe Price – Life Is Strange,https://en.wikipedia.org/wiki/The_Game_Awards_2015,Q18536861,2015-01-30,day,https://www.wikidata.org/wiki/Q18536861#P577,2015-01-30,first public release,https://www.wikidata.org/wiki/Q18536861#P577,earliest_wikidata_release,,not_publicly_disclosed
2015-08-03,2015-08,2015,Best Performance,performance,Camilla Luddington as Lara Croft,Rise of the Tomb Raider,https://en.wikipedia.org/wiki/Rise_of_the_Tomb_Raider,0,3,active,Camilla Luddington as Lara Croft – Rise of the Tomb Raider,https://en.wikipedia.org/wiki/The_Game_Awards_2015,Q17154489,2015-11-10,day,https://www.wikidata.org/wiki/Q17154489#P577,2015-11-10,first public release,https://www.wikidata.org/wiki/Q17154489#P577,earliest_wikidata_release,,not_publicly_disclosed
2015-08-04,2015-08,2015,Best Performance,performance,Doug Cockle as Geralt of Rivia,The Witcher 3: Wild Hunt,https://en.wikipedia.org/wiki/The_Witcher_3:_Wild_Hunt,0,4,active,Doug Cockle as Geralt of Rivia – The Witcher 3: Wild Hunt,https://en.wikipedia.org/wiki/The_Game_Awards_2015,Q4267401,2015-05-19,day,https://www.wikidata.org/wiki/Q4267401#P577,2015-05-19,first public release,https://www.wikidata.org/wiki/Q4267401#P577,earliest_wikidata_release,,not_publicly_disclosed
2015-08-05,2015-08,2015,Best Performance,performance,Mark Hamill as the Joker,Batman: Arkham Knight,https://en.wikipedia.org/wiki/Batman:_Arkham_Knight,0,5,active,Mark Hamill as the Joker – Batman: Arkham Knight,https://en.wikipedia.org/wiki/The_Game_Awards_2015,Q15891648,2015-06-23,day,https://www.wikidata.org/wiki/Q15891648#P577,2015-06-23,first public release,https://www.wikidata.org/wiki/Q15891648#P577,earliest_wikidata_release,,not_publicly_disclosed
2015-09-01,2015-09,2015,Games for Impact,game,Life Is Strange,Life Is Strange,https://en.wikipedia.org/wiki/Life_Is_Strange_(video_game),1,1,active,Life Is Strange – Dontnod Entertainment,https://en.wikipedia.org/wiki/The_Game_Awards_2015,Q18536861,2015-01-30,day,https://www.wikidata.org/wiki/Q18536861#P577,2015-01-30,first public release,https://www.wikidata.org/wiki/Q18536861#P577,earliest_wikidata_release,,not_publicly_disclosed
2015-09-02,2015-09,2015,Games for Impact,game,Cibele,Cibele,https://en.wikipedia.org/wiki/Cibele_(video_game),0,2,active,Cibele – Star Maid Games,https://en.wikipedia.org/wiki/The_Game_Awards_2015,Q22019703,2015-11-02,day,https://www.wikidata.org/wiki/Q22019703#P577,2015-11-02,first public release,https://www.wikidata.org/wiki/Q22019703#P577,earliest_wikidata_release,,not_publicly_disclosed
2015-09-03,2015-09,2015,Games for Impact,game,Her Story,Her Story,https://en.wikipedia.org/wiki/Her_Story_(video_game),0,3,active,Her Story – Sam Barlow,https://en.wikipedia.org/wiki/The_Game_Awards_2015,Q20538669,2015-06-24,day,https://www.wikidata.org/wiki/Q20538669#P577,2015-06-24,first public release,https://www.wikidata.org/wiki/Q20538669#P577,earliest_wikidata_release,,not_publicly_disclosed
2015-09-04,2015-09,2015,Games for Impact,game,Sunset,Sunset,https://en.wikipedia.org/wiki/Sunset_(video_game),0,4,active,Sunset – Tale of Tales,https://en.wikipedia.org/wiki/The_Game_Awards_2015,Q20020458,2015-05-21,day,https://www.wikidata.org/wiki/Q20020458#P577,2015-05-21,first public release,https://www.wikidata.org/wiki/Q20020458#P577,earliest_wikidata_release,,not_publicly_disclosed
2015-09-05,2015-09,2015,Games for Impact,game,Undertale,Undertale,https://en.wikipedia.org/wiki/Undertale,0,5,active,Undertale – by Toby Fox,https://en.wikipedia.org/wiki/The_Game_Awards_2015,Q21039924,2015-09-15,day,https://www.wikidata.org/wiki/Q21039924#P577,2015-09-15,first public release,https://www.wikidata.org/wiki/Q21039924#P577,earliest_wikidata_release,,not_publicly_disclosed
2015-10-01,2015-10,2015,Best Shooter,game,Splatoon,Splatoon,https://en.wikipedia.org/wiki/Splatoon_(video_game),1,1,active,Splatoon – Nintendo,https://en.wikipedia.org/wiki/The_Game_Awards_2015,Q17490239,2015-05-28,day,https://www.wikidata.org/wiki/Q17490239#P577,2015-05-28,first public release,https://www.wikidata.org/wiki/Q17490239#P577,earliest_wikidata_release,,not_publicly_disclosed
2015-10-02,2015-10,2015,Best Shooter,game,Call of Duty: Black Ops III,Call of Duty: Black Ops III,https://en.wikipedia.org/wiki/Call_of_Duty:_Black_Ops_III,0,2,active,Call of Duty: Black Ops III – Treyarch,https://en.wikipedia.org/wiki/The_Game_Awards_2015,Q19789342,2015-11-06,day,https://www.wikidata.org/wiki/Q19789342#P577,2015-11-06,first public release,https://www.wikidata.org/wiki/Q19789342#P577,earliest_wikidata_release,,not_publicly_disclosed
2015-10-03,2015-10,2015,Best Shooter,game,Destiny: The Taken King,Destiny: The Taken King,https://en.wikipedia.org/wiki/Destiny:_The_Taken_King,0,3,active,Destiny: The Taken King – Bungie,https://en.wikipedia.org/wiki/The_Game_Awards_2015,Q20992360,2015-09-15,day,https://www.wikidata.org/wiki/Q20992360#P577,2015-09-15,first public release,https://www.wikidata.org/wiki/Q20992360#P577,earliest_wikidata_release,,not_publicly_disclosed
2015-10-04,2015-10,2015,Best Shooter,game,Halo 5: Guardians,Halo 5: Guardians,https://en.wikipedia.org/wiki/Halo_5:_Guardians,0,4,active,Halo 5: Guardians – 343 Industries,https://en.wikipedia.org/wiki/The_Game_Awards_2015,Q16888147,2015-10-27,day,https://www.wikidata.org/wiki/Q16888147#P577,2015-10-27,first public release,https://www.wikidata.org/wiki/Q16888147#P577,earliest_wikidata_release,,not_publicly_disclosed
2015-10-05,2015-10,2015,Best Shooter,game,Star Wars Battlefront,Star Wars Battlefront,https://en.wikipedia.org/wiki/Star_Wars_Battlefront_(2015_video_game),0,5,active,Star Wars Battlefront – EA Digital Illusions CE,https://en.wikipedia.org/wiki/The_Game_Awards_2015,Q54862,2015-11-17,day,https://www.wikidata.org/wiki/Q54862#P577,2015-11-17,first public release,https://www.wikidata.org/wiki/Q54862#P577,earliest_wikidata_release,,not_publicly_disclosed
2015-11-01,2015-11,2015,Best Action/Adventure,game,Metal Gear Solid V: The Phantom Pain,Metal Gear Solid V: The Phantom Pain,https://en.wikipedia.org/wiki/Metal_Gear_Solid_V:_The_Phantom_Pain,1,1,active,Metal Gear Solid V: The Phantom Pain – Kojima Productions,https://en.wikipedia.org/wiki/The_Game_Awards_2015,Q717600,2015-09-01,day,https://www.wikidata.org/wiki/Q717600#P577,2015-09-01,first public release,https://www.wikidata.org/wiki/Q717600#P577,earliest_wikidata_release,,not_publicly_disclosed
2015-11-02,2015-11,2015,Best Action/Adventure,game,Assassin's Creed Syndicate,Assassin's Creed Syndicate,https://en.wikipedia.org/wiki/Assassin%27s_Creed_Syndicate,0,2,active,Assassin's Creed Syndicate – Ubisoft Quebec,https://en.wikipedia.org/wiki/The_Game_Awards_2015,Q18602166,2015-10-23,day,https://www.wikidata.org/wiki/Q18602166#P577,2015-10-23,first public release,https://www.wikidata.org/wiki/Q18602166#P577,earliest_wikidata_release,,not_publicly_disclosed
2015-11-03,2015-11,2015,Best Action/Adventure,game,Batman: Arkham Knight,Batman: Arkham Knight,https://en.wikipedia.org/wiki/Batman:_Arkham_Knight,0,3,active,Batman: Arkham Knight – Rocksteady Studios,https://en.wikipedia.org/wiki/The_Game_Awards_2015,Q15891648,2015-06-23,day,https://www.wikidata.org/wiki/Q15891648#P577,2015-06-23,first public release,https://www.wikidata.org/wiki/Q15891648#P577,earliest_wikidata_release,,not_publicly_disclosed
2015-11-04,2015-11,2015,Best Action/Adventure,game,Ori and the Blind Forest,Ori and the Blind Forest,https://en.wikipedia.org/wiki/Ori_and_the_Blind_Forest,0,4,active,Ori and the Blind Forest – Moon Studios,https://en.wikipedia.org/wiki/The_Game_Awards_2015,Q17513672,2015-03-11,day,https://www.wikidata.org/wiki/Q17513672#P577,2015-03-11,first public release,https://www.wikidata.org/wiki/Q17513672#P577,earliest_wikidata_release,,not_publicly_disclosed
2015-11-05,2015-11,2015,Best Action/Adventure,game,Rise of the Tomb Raider,Rise of the Tomb Raider,https://en.wikipedia.org/wiki/Rise_of_the_Tomb_Raider,0,5,active,Rise of the Tomb Raider – Crystal Dynamics,https://en.wikipedia.org/wiki/The_Game_Awards_2015,Q17154489,2015-11-10,day,https://www.wikidata.org/wiki/Q17154489#P577,2015-11-10,first public release,https://www.wikidata.org/wiki/Q17154489#P577,earliest_wikidata_release,,not_publicly_disclosed
2015-12-01,2015-12,2015,Best Role Playing Game,game,The Witcher 3: Wild Hunt,The Witcher 3: Wild Hunt,https://en.wikipedia.org/wiki/The_Witcher_3:_Wild_Hunt,1,1,active,The Witcher 3: Wild Hunt – CD Projekt Red,https://en.wikipedia.org/wiki/The_Game_Awards_2015,Q4267401,2015-05-19,day,https://www.wikidata.org/wiki/Q4267401#P577,2015-05-19,first public release,https://www.wikidata.org/wiki/Q4267401#P577,earliest_wikidata_release,,not_publicly_disclosed
2015-12-02,2015-12,2015,Best Role Playing Game,game,Bloodborne,Bloodborne,https://en.wikipedia.org/wiki/Bloodborne,0,2,active,Bloodborne – FromSoftware,https://en.wikipedia.org/wiki/The_Game_Awards_2015,Q17154554,2015-03-24,day,https://www.wikidata.org/wiki/Q17154554#P577,2015-03-24,first public release,https://www.wikidata.org/wiki/Q17154554#P577,earliest_wikidata_release,,not_publicly_disclosed
2015-12-03,2015-12,2015,Best Role Playing Game,game,Fallout 4,Fallout 4,https://en.wikipedia.org/wiki/Fallout_4,0,3,active,Fallout 4 – Bethesda Game Studios,https://en.wikipedia.org/wiki/The_Game_Awards_2015,Q10493813,2015-11-09,day,https://www.wikidata.org/wiki/Q10493813#P577,2015-11-09,first public release,https://www.wikidata.org/wiki/Q10493813#P577,earliest_wikidata_release,,not_publicly_disclosed
2015-12-04,2015-12,2015,Best Role Playing Game,game,Pillars of Eternity,Pillars of Eternity,https://en.wikipedia.org/wiki/Pillars_of_Eternity,0,4,active,Pillars of Eternity – Obsidian Entertainment,https://en.wikipedia.org/wiki/The_Game_Awards_2015,Q2617930,2015-03-26,day,https://www.wikidata.org/wiki/Q2617930#P577,2015-03-26,first public release,https://www.wikidata.org/wiki/Q2617930#P577,earliest_wikidata_release,,not_publicly_disclosed
2015-12-05,2015-12,2015,Best Role Playing Game,game,Undertale,Undertale,https://en.wikipedia.org/wiki/Undertale,0,5,active,Undertale – Toby Fox,https://en.wikipedia.org/wiki/The_Game_Awards_2015,Q21039924,2015-09-15,day,https://www.wikidata.org/wiki/Q21039924#P577,2015-09-15,first public release,https://www.wikidata.org/wiki/Q21039924#P577,earliest_wikidata_release,,not_publicly_disclosed
2015-13-01,2015-13,2015,Best Fighting Game,game,Mortal Kombat X,Mortal Kombat X,https://en.wikipedia.org/wiki/Mortal_Kombat_X,1,1,active,Mortal Kombat X – NetherRealm Studios,https://en.wikipedia.org/wiki/The_Game_Awards_2015,Q17118361,2015-04-14,day,https://www.wikidata.org/wiki/Q17118361#P577,2015-04-14,first public release,https://www.wikidata.org/wiki/Q17118361#P577,earliest_wikidata_release,,not_publicly_disclosed
2015-13-02,2015-13,2015,Best Fighting Game,game,Guilty Gear Xrd –SIGN–,Guilty Gear Xrd –SIGN–,https://en.wikipedia.org/wiki/Guilty_Gear_Xrd,0,2,active,Guilty Gear Xrd –SIGN– – Arc System Works Team Red,https://en.wikipedia.org/wiki/The_Game_Awards_2015,Q14622847,2014-02-20,day,https://www.wikidata.org/wiki/Q14622847#P577,,,,earliest_wikidata_release,,not_publicly_disclosed
2015-13-03,2015-13,2015,Best Fighting Game,game,Rise of Incarnates,Rise of Incarnates,https://en.wikipedia.org/wiki/Rise_of_Incarnates,0,3,active,Rise of Incarnates – Bandai Namco Entertainment,https://en.wikipedia.org/wiki/The_Game_Awards_2015,Q17183643,2015-07-01,day,https://www.wikidata.org/wiki/Q17183643#P577,2015-07-01,first public release,https://www.wikidata.org/wiki/Q17183643#P577,earliest_wikidata_release,,not_publicly_disclosed
2015-13-04,2015-13,2015,Best Fighting Game,game,Rising Thunder,Rising Thunder,https://en.wikipedia.org/wiki/Rising_Thunder_(video_game),0,4,active,Rising Thunder – Radiant Entertainment,https://en.wikipedia.org/wiki/The_Game_Awards_2015,Q20967685,2015-08-11,day,https://www.wikidata.org/wiki/Q20967685#P577,2015-08-11,first public release,https://www.wikidata.org/wiki/Q20967685#P577,earliest_wikidata_release,,not_publicly_disclosed
2015-14-01,2015-14,2015,Best Family Game,game,Super Mario Maker,Super Mario Maker,https://en.wikipedia.org/wiki/Super_Mario_Maker,1,1,active,Super Mario Maker – Nintendo,https://en.wikipedia.org/wiki/The_Game_Awards_2015,Q17164955,2015-09-10,day,https://www.wikidata.org/wiki/Q17164955#P577,2015-09-10,first public release,https://www.wikidata.org/wiki/Q17164955#P577,earliest_wikidata_release,,not_publicly_disclosed
2015-14-02,2015-14,2015,Best Family Game,game,Disney Infinity 3.0,Disney Infinity 3.0,https://en.wikipedia.org/wiki/Disney_Infinity_3.0,0,2,active,"Disney Infinity 3.0 – Avalanche Software with additional work by Ninja Theory , Studio Gobo, Sumo Digital and United Front Games",https://en.wikipedia.org/wiki/The_Game_Awards_2015,Q19861433,2015,year,https://www.wikidata.org/wiki/Q19861433#P577,,,,earliest_wikidata_release,,not_publicly_disclosed
2015-14-03,2015-14,2015,Best Family Game,game,Lego Dimensions,Lego Dimensions,https://en.wikipedia.org/wiki/Lego_Dimensions,0,3,active,Lego Dimensions – Traveller's Tales,https://en.wikipedia.org/wiki/The_Game_Awards_2015,Q19789277,2015-09-27,day,https://www.wikidata.org/wiki/Q19789277#P577,2015-09-27,first public release,https://www.wikidata.org/wiki/Q19789277#P577,earliest_wikidata_release,,not_publicly_disclosed
2015-14-04,2015-14,2015,Best Family Game,game,Skylanders: SuperChargers,Skylanders: SuperChargers,https://en.wikipedia.org/wiki/Skylanders:_SuperChargers,0,4,active,Skylanders: SuperChargers – Vicarious Visions and Beenox,https://en.wikipedia.org/wiki/The_Game_Awards_2015,Q20031744,2015,year,https://www.wikidata.org/wiki/Q20031744#P577,,,,earliest_wikidata_release,,not_publicly_disclosed
2015-14-05,2015-14,2015,Best Family Game,game,Splatoon,Splatoon,https://en.wikipedia.org/wiki/Splatoon_(video_game),0,5,active,Splatoon – Nintendo,https://en.wikipedia.org/wiki/The_Game_Awards_2015,Q17490239,2015-05-28,day,https://www.wikidata.org/wiki/Q17490239#P577,2015-05-28,first public release,https://www.wikidata.org/wiki/Q17490239#P577,earliest_wikidata_release,,not_publicly_disclosed
2015-15-01,2015-15,2015,Best Sports/Racing Game,game,Rocket League,Rocket League,https://en.wikipedia.org/wiki/Rocket_League,1,1,active,Rocket League – Psyonix,https://en.wikipedia.org/wiki/The_Game_Awards_2015,Q20031743,2015-07-07,day,https://www.wikidata.org/wiki/Q20031743#P577,2015-07-07,first public release,https://www.wikidata.org/wiki/Q20031743#P577,earliest_wikidata_release,,not_publicly_disclosed
2015-15-02,2015-15,2015,Best Sports/Racing Game,game,FIFA 16,FIFA 16,https://en.wikipedia.org/wiki/FIFA_16,0,2,active,FIFA 16 – EA Canada,https://en.wikipedia.org/wiki/The_Game_Awards_2015,Q20007251,2015-09-22,day,https://www.wikidata.org/wiki/Q20007251#P577,2015-09-22,first public release,https://www.wikidata.org/wiki/Q20007251#P577,earliest_wikidata_release,,not_publicly_disclosed
2015-15-03,2015-15,2015,Best Sports/Racing Game,game,Forza Motorsport 6,Forza Motorsport 6,https://en.wikipedia.org/wiki/Forza_Motorsport_6,0,3,active,Forza Motorsport 6 – Turn 10 Studios,https://en.wikipedia.org/wiki/The_Game_Awards_2015,Q18811551,2015-09-18,day,https://www.wikidata.org/wiki/Q18811551#P577,2015-09-18,first public release,https://www.wikidata.org/wiki/Q18811551#P577,earliest_wikidata_release,,not_publicly_disclosed
2015-15-04,2015-15,2015,Best Sports/Racing Game,game,NBA 2K16,NBA 2K16,https://en.wikipedia.org/wiki/NBA_2K16,0,4,active,NBA 2K16 – Visual Concepts,https://en.wikipedia.org/wiki/The_Game_Awards_2015,Q20049240,2015-09-29,day,https://www.wikidata.org/wiki/Q20049240#P577,2015-09-29,first public release,https://www.wikidata.org/wiki/Q20049240#P577,earliest_wikidata_release,,not_publicly_disclosed
2015-15-05,2015-15,2015,Best Sports/Racing Game,game,Pro Evolution Soccer 2016,Pro Evolution Soccer 2016,https://en.wikipedia.org/wiki/Pro_Evolution_Soccer_2016,0,5,active,Pro Evolution Soccer 2016 – PES Productions,https://en.wikipedia.org/wiki/The_Game_Awards_2015,Q20098839,2015-10-01,day,https://www.wikidata.org/wiki/Q20098839#P577,2015-10-01,first public release,https://www.wikidata.org/wiki/Q20098839#P577,earliest_wikidata_release,,not_publicly_disclosed
2015-16-01,2015-16,2015,Best Multiplayer,game,Splatoon,Splatoon,https://en.wikipedia.org/wiki/Splatoon_(video_game),1,1,active,Splatoon – Nintendo,https://en.wikipedia.org/wiki/The_Game_Awards_2015,Q17490239,2015-05-28,day,https://www.wikidata.org/wiki/Q17490239#P577,2015-05-28,first public release,https://www.wikidata.org/wiki/Q17490239#P577,earliest_wikidata_release,,not_publicly_disclosed
2015-16-02,2015-16,2015,Best Multiplayer,game,Call of Duty: Black Ops III,Call of Duty: Black Ops III,https://en.wikipedia.org/wiki/Call_of_Duty:_Black_Ops_III,0,2,active,Call of Duty: Black Ops III – Treyarch,https://en.wikipedia.org/wiki/The_Game_Awards_2015,Q19789342,2015-11-06,day,https://www.wikidata.org/wiki/Q19789342#P577,2015-11-06,first public release,https://www.wikidata.org/wiki/Q19789342#P577,earliest_wikidata_release,,not_publicly_disclosed
2015-16-03,2015-16,2015,Best Multiplayer,game,Destiny: The Taken King,Destiny: The Taken King,https://en.wikipedia.org/wiki/Destiny:_The_Taken_King,0,3,active,Destiny: The Taken King – Bungie,https://en.wikipedia.org/wiki/The_Game_Awards_2015,Q20992360,2015-09-15,day,https://www.wikidata.org/wiki/Q20992360#P577,2015-09-15,first public release,https://www.wikidata.org/wiki/Q20992360#P577,earliest_wikidata_release,,not_publicly_disclosed
2015-16-04,2015-16,2015,Best Multiplayer,game,Halo 5: Guardians,Halo 5: Guardians,https://en.wikipedia.org/wiki/Halo_5:_Guardians,0,4,active,Halo 5: Guardians – 343 Industries,https://en.wikipedia.org/wiki/The_Game_Awards_2015,Q16888147,2015-10-27,day,https://www.wikidata.org/wiki/Q16888147#P577,2015-10-27,first public release,https://www.wikidata.org/wiki/Q16888147#P577,earliest_wikidata_release,,not_publicly_disclosed
2015-16-05,2015-16,2015,Best Multiplayer,game,Rocket League,Rocket League,https://en.wikipedia.org/wiki/Rocket_League,0,5,active,Rocket League – Psyonix,https://en.wikipedia.org/wiki/The_Game_Awards_2015,Q20031743,2015-07-07,day,https://www.wikidata.org/wiki/Q20031743#P577,2015-07-07,first public release,https://www.wikidata.org/wiki/Q20031743#P577,earliest_wikidata_release,,not_publicly_disclosed
2015-17-01,2015-17,2015,Most Anticipated Game,unreleased_game,No Man's Sky,No Man's Sky,https://en.wikipedia.org/wiki/No_Man%27s_Sky,1,1,active,No Man's Sky – Hello Games,https://en.wikipedia.org/wiki/The_Game_Awards_2015,Q15297043,2016-08-09,day,https://www.wikidata.org/wiki/Q15297043#P577,,,,earliest_wikidata_release,,not_publicly_disclosed
2015-17-02,2015-17,2015,Most Anticipated Game,unreleased_game,Horizon Zero Dawn,Horizon Zero Dawn,https://en.wikipedia.org/wiki/Horizon_Zero_Dawn,0,2,active,Horizon Zero Dawn – Guerrilla Games,https://en.wikipedia.org/wiki/The_Game_Awards_2015,Q20155528,2017-02-28,day,https://www.wikidata.org/wiki/Q20155528#P577,,,,earliest_wikidata_release,,not_publicly_disclosed
2015-17-03,2015-17,2015,Most Anticipated Game,unreleased_game,Quantum Break,Quantum Break,https://en.wikipedia.org/wiki/Quantum_Break,0,3,active,Quantum Break – Remedy Entertainment,https://en.wikipedia.org/wiki/The_Game_Awards_2015,Q13361589,2016-04-05,day,https://www.wikidata.org/wiki/Q13361589#P577,,,,earliest_wikidata_release,,not_publicly_disclosed
2015-17-04,2015-17,2015,Most Anticipated Game,unreleased_game,The Last Guardian,The Last Guardian,https://en.wikipedia.org/wiki/The_Last_Guardian,0,4,active,The Last Guardian – genDESIGN and Japan Studio,https://en.wikipedia.org/wiki/The_Game_Awards_2015,Q2701341,2016-12-06,day,https://www.wikidata.org/wiki/Q2701341#P577,,,,earliest_wikidata_release,,not_publicly_disclosed
2015-17-05,2015-17,2015,Most Anticipated Game,unreleased_game,Uncharted 4: A Thief's End,Uncharted 4: A Thief's End,https://en.wikipedia.org/wiki/Uncharted_4:_A_Thief%27s_End,0,5,active,Uncharted 4: A Thief's End – Naughty Dog,https://en.wikipedia.org/wiki/The_Game_Awards_2015,Q16681843,2016-05-10,day,https://www.wikidata.org/wiki/Q16681843#P577,,,,earliest_wikidata_release,,not_publicly_disclosed
2015-18-01,2015-18,2015,Esports Player of the Year,person,"Kenny ""KennyS"" Schrub (Team EnVyUs",,,1,1,active,"Kenny ""KennyS"" Schrub (Team EnVyUs – Counter-Strike: Global Offensive )",https://en.wikipedia.org/wiki/The_Game_Awards_2015,,,,,,,,no_associated_game,,not_publicly_disclosed
2015-18-02,2015-18,2015,Esports Player of the Year,person,"Lee ""Faker"" Sang-hyeok ( SK Telecom T1",,,0,2,active,"Lee ""Faker"" Sang-hyeok ( SK Telecom T1 – League of Legends )",https://en.wikipedia.org/wiki/The_Game_Awards_2015,,,,,,,,no_associated_game,,not_publicly_disclosed
2015-18-03,2015-18,2015,Esports Player of the Year,person,"Olof ""olofmeister"" Kajbjer ( Fnatic",,,0,3,active,"Olof ""olofmeister"" Kajbjer ( Fnatic – Counter-Strike: Global Offensive )",https://en.wikipedia.org/wiki/The_Game_Awards_2015,,,,,,,,no_associated_game,,not_publicly_disclosed
2015-18-04,2015-18,2015,Esports Player of the Year,person,"Peter ""ppd"" Dager ( Evil Geniuses",,,0,4,active,"Peter ""ppd"" Dager ( Evil Geniuses – Dota 2 )",https://en.wikipedia.org/wiki/The_Game_Awards_2015,,,,,,,,no_associated_game,,not_publicly_disclosed
2015-18-05,2015-18,2015,Esports Player of the Year,person,"Syed Sumail ""Suma1L"" Hassan ( Evil Geniuses",,,0,5,active,"Syed Sumail ""Suma1L"" Hassan ( Evil Geniuses – Dota 2 )",https://en.wikipedia.org/wiki/The_Game_Awards_2015,,,,,,,,no_associated_game,,not_publicly_disclosed
2015-19-01,2015-19,2015,Esports Team of the Year,other,OpTic Gaming,,,1,1,active,OpTic Gaming,https://en.wikipedia.org/wiki/The_Game_Awards_2015,,,,,,,,no_associated_game,,not_publicly_disclosed
2015-19-02,2015-19,2015,Esports Team of the Year,other,Evil Geniuses,,,0,2,active,Evil Geniuses,https://en.wikipedia.org/wiki/The_Game_Awards_2015,,,,,,,,no_associated_game,,not_publicly_disclosed
2015-19-03,2015-19,2015,Esports Team of the Year,other,Fnatic,,,0,3,active,Fnatic,https://en.wikipedia.org/wiki/The_Game_Awards_2015,,,,,,,,no_associated_game,,not_publicly_disclosed
2015-19-04,2015-19,2015,Esports Team of the Year,other,SK Telecom T1,,,0,4,active,SK Telecom T1,https://en.wikipedia.org/wiki/The_Game_Awards_2015,,,,,,,,no_associated_game,,not_publicly_disclosed
2015-19-05,2015-19,2015,Esports Team of the Year,other,Team SoloMid,,,0,5,active,Team SoloMid,https://en.wikipedia.org/wiki/The_Game_Awards_2015,,,,,,,,no_associated_game,,not_publicly_disclosed
2015-20-01,2015-20,2015,Esports Game of the Year,game,Counter-Strike: Global Offensive,Counter-Strike: Global Offensive,https://en.wikipedia.org/wiki/Counter-Strike:_Global_Offensive,1,1,active,Counter-Strike: Global Offensive – developed by Valve,https://en.wikipedia.org/wiki/The_Game_Awards_2015,Q842146,2012-08-21,day,https://www.wikidata.org/wiki/Q842146#P577,,,,earliest_wikidata_release,,not_publicly_disclosed
2015-20-02,2015-20,2015,Esports Game of the Year,game,Call of Duty: Advanced Warfare,Call of Duty: Advanced Warfare,https://en.wikipedia.org/wiki/Call_of_Duty:_Advanced_Warfare,0,2,active,Call of Duty: Advanced Warfare – developed by Sledgehammer Games,https://en.wikipedia.org/wiki/The_Game_Awards_2015,Q16743064,2014-11-04,day,https://www.wikidata.org/wiki/Q16743064#P577,,,,earliest_wikidata_release,,not_publicly_disclosed
2015-20-03,2015-20,2015,Esports Game of the Year,game,Dota 2,Dota 2,https://en.wikipedia.org/wiki/Dota_2,0,3,active,Dota 2 – developed by Valve,https://en.wikipedia.org/wiki/The_Game_Awards_2015,Q771541,2013-07-09,day,https://www.wikidata.org/wiki/Q771541#P577,,,,earliest_wikidata_release,,not_publicly_disclosed
2015-20-04,2015-20,2015,Esports Game of the Year,game,Hearthstone: Heroes of Warcraft,Hearthstone: Heroes of Warcraft,https://en.wikipedia.org/wiki/Hearthstone:_Heroes_of_Warcraft,0,4,active,Hearthstone: Heroes of Warcraft – developed by Blizzard Entertainment,https://en.wikipedia.org/wiki/The_Game_Awards_2015,Q8262784,2014-03-11,day,https://www.wikidata.org/wiki/Q8262784#P577,,,,earliest_wikidata_release,,not_publicly_disclosed
2015-20-05,2015-20,2015,Esports Game of the Year,game,League of Legends,League of Legends,https://en.wikipedia.org/wiki/League_of_Legends,0,5,active,League of Legends – developed by Riot Games,https://en.wikipedia.org/wiki/The_Game_Awards_2015,Q223341,2009-10-27,day,https://www.wikidata.org/wiki/Q223341#P577,,,,earliest_wikidata_release,,not_publicly_disclosed
2015-21-01,2015-21,2015,Trending Gamer,person,Greg Miller,,,1,1,active,Greg Miller,https://en.wikipedia.org/wiki/The_Game_Awards_2015,,,,,,,,no_associated_game,,not_publicly_disclosed
2015-21-02,2015-21,2015,Trending Gamer,person,TotalBiscuit,,,0,2,active,TotalBiscuit,https://en.wikipedia.org/wiki/The_Game_Awards_2015,,,,,,,,no_associated_game,,not_publicly_disclosed
2015-21-03,2015-21,2015,Trending Gamer,person,"Christopher ""MonteCristo"" Mykles",,,0,3,active,"Christopher ""MonteCristo"" Mykles",https://en.wikipedia.org/wiki/The_Game_Awards_2015,,,,,,,,no_associated_game,,not_publicly_disclosed
2015-21-04,2015-21,2015,Trending Gamer,person,Markiplier,,,0,4,active,Markiplier,https://en.wikipedia.org/wiki/The_Game_Awards_2015,,,,,,,,no_associated_game,,not_publicly_disclosed
2015-21-05,2015-21,2015,Trending Gamer,person,PewDiePie,,,0,5,active,PewDiePie,https://en.wikipedia.org/wiki/The_Game_Awards_2015,,,,,,,,no_associated_game,,not_publicly_disclosed
2015-22-01,2015-22,2015,Best Fan Creation,other,Portal Stories: Mel,,,1,1,active,Portal Stories: Mel – by Prism Studios,https://en.wikipedia.org/wiki/The_Game_Awards_2015,,,,,,,,no_associated_game,,not_publicly_disclosed
2015-22-02,2015-22,2015,Best Fan Creation,other,GTA V,,,0,2,active,GTA V – Targets – by Hoodoo Operator,https://en.wikipedia.org/wiki/The_Game_Awards_2015,,,,,,,,no_associated_game,,not_publicly_disclosed
2015-22-03,2015-22,2015,Best Fan Creation,other,Real GTA,,,0,3,active,Real GTA – by Corridor Digital,https://en.wikipedia.org/wiki/The_Game_Awards_2015,,,,,,,,no_associated_game,,not_publicly_disclosed
2015-22-04,2015-22,2015,Best Fan Creation,other,Twitch Plays Dark Souls,,,0,4,active,Twitch Plays Dark Souls – by Twitch,https://en.wikipedia.org/wiki/The_Game_Awards_2015,,,,,,,,no_associated_game,,not_publicly_disclosed
2015-23-01,2015-23,2015,Industry Icon Award,honorary,Brett Sperry and Louis Castle ( Westwood Studios ),,,1,1,active,Brett Sperry and Louis Castle ( Westwood Studios ),https://en.wikipedia.org/wiki/The_Game_Awards_2015,,,,,,,,no_associated_game,,not_publicly_disclosed
2016-01-01,2016-01,2016,Game of the Year,game,Overwatch,Overwatch,https://en.wikipedia.org/wiki/Overwatch_(2016_video_game),1,1,active,Overwatch – Blizzard Entertainment,https://en.wikipedia.org/wiki/The_Game_Awards_2016,Q18515944,2016-05-24,day,https://www.wikidata.org/wiki/Q18515944#P577,2016-05-24,first public release,https://www.wikidata.org/wiki/Q18515944#P577,earliest_wikidata_release,,not_publicly_disclosed
2016-01-02,2016-01,2016,Game of the Year,game,Doom,Doom,https://en.wikipedia.org/wiki/Doom_(2016_video_game),0,2,active,Doom – id Software,https://en.wikipedia.org/wiki/The_Game_Awards_2016,Q513867,2016-05-13,day,https://www.wikidata.org/wiki/Q513867#P577,2016-05-13,first public release,https://www.wikidata.org/wiki/Q513867#P577,earliest_wikidata_release,,not_publicly_disclosed
2016-01-03,2016-01,2016,Game of the Year,game,Inside,Inside,https://en.wikipedia.org/wiki/Inside_(video_game),0,3,active,Inside – Playdead,https://en.wikipedia.org/wiki/The_Game_Awards_2016,Q22019785,2016-06-29,day,https://www.wikidata.org/wiki/Q22019785#P577,2016-06-29,first public release,https://www.wikidata.org/wiki/Q22019785#P577,earliest_wikidata_release,,not_publicly_disclosed
2016-01-04,2016-01,2016,Game of the Year,game,Titanfall 2,Titanfall 2,https://en.wikipedia.org/wiki/Titanfall_2,0,4,active,Titanfall 2 – Respawn Entertainment,https://en.wikipedia.org/wiki/The_Game_Awards_2016,Q24044813,2016-10-28,day,https://www.wikidata.org/wiki/Q24044813#P577,2016-10-28,first public release,https://www.wikidata.org/wiki/Q24044813#P577,earliest_wikidata_release,,not_publicly_disclosed
2016-01-05,2016-01,2016,Game of the Year,game,Uncharted 4: A Thief's End,Uncharted 4: A Thief's End,https://en.wikipedia.org/wiki/Uncharted_4:_A_Thief%27s_End,0,5,active,Uncharted 4: A Thief's End – Naughty Dog,https://en.wikipedia.org/wiki/The_Game_Awards_2016,Q16681843,2016-05-10,day,https://www.wikidata.org/wiki/Q16681843#P577,2016-05-10,first public release,https://www.wikidata.org/wiki/Q16681843#P577,earliest_wikidata_release,,not_publicly_disclosed
2016-02-01,2016-02,2016,Best Game Direction,game,Overwatch,Overwatch,https://en.wikipedia.org/wiki/Overwatch_(2016_video_game),1,1,active,Overwatch – Blizzard Entertainment,https://en.wikipedia.org/wiki/The_Game_Awards_2016,Q18515944,2016-05-24,day,https://www.wikidata.org/wiki/Q18515944#P577,2016-05-24,first public release,https://www.wikidata.org/wiki/Q18515944#P577,earliest_wikidata_release,,not_publicly_disclosed
2016-02-02,2016-02,2016,Best Game Direction,game,Battlefield 1,Battlefield 1,https://en.wikipedia.org/wiki/Battlefield_1,0,2,active,Battlefield 1 – EA DICE,https://en.wikipedia.org/wiki/The_Game_Awards_2016,Q24031560,2016-10-21,day,https://www.wikidata.org/wiki/Q24031560#P577,2016-10-21,first public release,https://www.wikidata.org/wiki/Q24031560#P577,earliest_wikidata_release,,not_publicly_disclosed
2016-02-03,2016-02,2016,Best Game Direction,game,Doom,Doom,https://en.wikipedia.org/wiki/Doom_(2016_video_game),0,3,active,Doom – id Software,https://en.wikipedia.org/wiki/The_Game_Awards_2016,Q513867,2016-05-13,day,https://www.wikidata.org/wiki/Q513867#P577,2016-05-13,first public release,https://www.wikidata.org/wiki/Q513867#P577,earliest_wikidata_release,,not_publicly_disclosed
2016-02-04,2016-02,2016,Best Game Direction,game,Titanfall 2,Titanfall 2,https://en.wikipedia.org/wiki/Titanfall_2,0,4,active,Titanfall 2 – Respawn Entertainment,https://en.wikipedia.org/wiki/The_Game_Awards_2016,Q24044813,2016-10-28,day,https://www.wikidata.org/wiki/Q24044813#P577,2016-10-28,first public release,https://www.wikidata.org/wiki/Q24044813#P577,earliest_wikidata_release,,not_publicly_disclosed
2016-02-05,2016-02,2016,Best Game Direction,game,Uncharted 4: A Thief's End,Uncharted 4: A Thief's End,https://en.wikipedia.org/wiki/Uncharted_4:_A_Thief%27s_End,0,5,active,Uncharted 4: A Thief's End – Naughty Dog,https://en.wikipedia.org/wiki/The_Game_Awards_2016,Q16681843,2016-05-10,day,https://www.wikidata.org/wiki/Q16681843#P577,2016-05-10,first public release,https://www.wikidata.org/wiki/Q16681843#P577,earliest_wikidata_release,,not_publicly_disclosed
2016-03-01,2016-03,2016,Best Narrative,game,Uncharted 4: A Thief's End,Uncharted 4: A Thief's End,https://en.wikipedia.org/wiki/Uncharted_4:_A_Thief%27s_End,1,1,active,Uncharted 4: A Thief's End – Naughty Dog,https://en.wikipedia.org/wiki/The_Game_Awards_2016,Q16681843,2016-05-10,day,https://www.wikidata.org/wiki/Q16681843#P577,2016-05-10,first public release,https://www.wikidata.org/wiki/Q16681843#P577,earliest_wikidata_release,,not_publicly_disclosed
2016-03-02,2016-03,2016,Best Narrative,game,Firewatch,Firewatch,https://en.wikipedia.org/wiki/Firewatch,0,2,active,Firewatch – Campo Santo,https://en.wikipedia.org/wiki/The_Game_Awards_2016,Q19627426,2016-02-09,day,https://www.wikidata.org/wiki/Q19627426#P577,2016-02-09,first public release,https://www.wikidata.org/wiki/Q19627426#P577,earliest_wikidata_release,,not_publicly_disclosed
2016-03-03,2016-03,2016,Best Narrative,game,Inside,Inside,https://en.wikipedia.org/wiki/Inside_(video_game),0,3,active,Inside – Playdead,https://en.wikipedia.org/wiki/The_Game_Awards_2016,Q22019785,2016-06-29,day,https://www.wikidata.org/wiki/Q22019785#P577,2016-06-29,first public release,https://www.wikidata.org/wiki/Q22019785#P577,earliest_wikidata_release,,not_publicly_disclosed
2016-03-04,2016-03,2016,Best Narrative,game,Mafia III,Mafia III,https://en.wikipedia.org/wiki/Mafia_III,0,4,active,Mafia III – Hangar 13,https://en.wikipedia.org/wiki/The_Game_Awards_2016,Q20737889,2016-10-07,day,https://www.wikidata.org/wiki/Q20737889#P577,2016-10-07,first public release,https://www.wikidata.org/wiki/Q20737889#P577,earliest_wikidata_release,,not_publicly_disclosed
2016-03-05,2016-03,2016,Best Narrative,game,Oxenfree,Oxenfree,https://en.wikipedia.org/wiki/Oxenfree,0,5,active,Oxenfree – Night School Studio,https://en.wikipedia.org/wiki/The_Game_Awards_2016,Q22095911,2016-01-14,day,https://www.wikidata.org/wiki/Q22095911#P577,2016-01-14,first public release,https://www.wikidata.org/wiki/Q22095911#P577,earliest_wikidata_release,,not_publicly_disclosed
2016-04-01,2016-04,2016,Best Art Direction,game,Inside,Inside,https://en.wikipedia.org/wiki/Inside_(video_game),1,1,active,Inside – Playdead,https://en.wikipedia.org/wiki/The_Game_Awards_2016,Q22019785,2016-06-29,day,https://www.wikidata.org/wiki/Q22019785#P577,2016-06-29,first public release,https://www.wikidata.org/wiki/Q22019785#P577,earliest_wikidata_release,,not_publicly_disclosed
2016-04-02,2016-04,2016,Best Art Direction,game,Abzû,Abzû,https://en.wikipedia.org/wiki/Abz%C3%BB,0,2,active,Abzû – Giant Squid,https://en.wikipedia.org/wiki/The_Game_Awards_2016,Q20899382,2016-08-02,day,https://www.wikidata.org/wiki/Q20899382#P577,2016-08-02,first public release,https://www.wikidata.org/wiki/Q20899382#P577,earliest_wikidata_release,,not_publicly_disclosed
2016-04-03,2016-04,2016,Best Art Direction,game,Firewatch,Firewatch,https://en.wikipedia.org/wiki/Firewatch,0,3,active,Firewatch – Campo Santo,https://en.wikipedia.org/wiki/The_Game_Awards_2016,Q19627426,2016-02-09,day,https://www.wikidata.org/wiki/Q19627426#P577,2016-02-09,first public release,https://www.wikidata.org/wiki/Q19627426#P577,earliest_wikidata_release,,not_publicly_disclosed
2016-04-04,2016-04,2016,Best Art Direction,game,Overwatch,Overwatch,https://en.wikipedia.org/wiki/Overwatch_(2016_video_game),0,4,active,Overwatch – Blizzard Entertainment,https://en.wikipedia.org/wiki/The_Game_Awards_2016,Q18515944,2016-05-24,day,https://www.wikidata.org/wiki/Q18515944#P577,2016-05-24,first public release,https://www.wikidata.org/wiki/Q18515944#P577,earliest_wikidata_release,,not_publicly_disclosed
2016-04-05,2016-04,2016,Best Art Direction,game,Uncharted 4: A Thief's End,Uncharted 4: A Thief's End,https://en.wikipedia.org/wiki/Uncharted_4:_A_Thief%27s_End,0,5,active,Uncharted 4: A Thief's End – Naughty Dog,https://en.wikipedia.org/wiki/The_Game_Awards_2016,Q16681843,2016-05-10,day,https://www.wikidata.org/wiki/Q16681843#P577,2016-05-10,first public release,https://www.wikidata.org/wiki/Q16681843#P577,earliest_wikidata_release,,not_publicly_disclosed
2016-05-01,2016-05,2016,Best Music/Sound Design,game,Doom,Doom,https://en.wikipedia.org/wiki/Doom_(2016_video_game),1,1,active,Doom – id Software,https://en.wikipedia.org/wiki/The_Game_Awards_2016,Q513867,2016-05-13,day,https://www.wikidata.org/wiki/Q513867#P577,2016-05-13,first public release,https://www.wikidata.org/wiki/Q513867#P577,earliest_wikidata_release,,not_publicly_disclosed
2016-05-02,2016-05,2016,Best Music/Sound Design,game,Battlefield 1,Battlefield 1,https://en.wikipedia.org/wiki/Battlefield_1,0,2,active,Battlefield 1 – EA DICE,https://en.wikipedia.org/wiki/The_Game_Awards_2016,Q24031560,2016-10-21,day,https://www.wikidata.org/wiki/Q24031560#P577,2016-10-21,first public release,https://www.wikidata.org/wiki/Q24031560#P577,earliest_wikidata_release,,not_publicly_disclosed
2016-05-03,2016-05,2016,Best Music/Sound Design,game,Inside,Inside,https://en.wikipedia.org/wiki/Inside_(video_game),0,3,active,Inside – Playdead,https://en.wikipedia.org/wiki/The_Game_Awards_2016,Q22019785,2016-06-29,day,https://www.wikidata.org/wiki/Q22019785#P577,2016-06-29,first public release,https://www.wikidata.org/wiki/Q22019785#P577,earliest_wikidata_release,,not_publicly_disclosed
2016-05-04,2016-05,2016,Best Music/Sound Design,game,Rez Infinite,Rez Infinite,https://en.wikipedia.org/wiki/Rez_Infinite,0,4,active,Rez Infinite – United Game Artists,https://en.wikipedia.org/wiki/The_Game_Awards_2016,Q693311,2016-10-13,day,https://en.wikipedia.org/wiki/Rez#Rez_Infinite,2016-10-13,first public release,https://en.wikipedia.org/wiki/Rez#Rez_Infinite,curated_correction,,not_publicly_disclosed
2016-05-05,2016-05,2016,Best Music/Sound Design,game,Thumper,Thumper,https://en.wikipedia.org/wiki/Thumper_(video_game),0,5,active,Thumper – Drool,https://en.wikipedia.org/wiki/The_Game_Awards_2016,Q20712514,2016-10-10,day,https://www.wikidata.org/wiki/Q20712514#P577,2016-10-10,first public release,https://www.wikidata.org/wiki/Q20712514#P577,earliest_wikidata_release,,not_publicly_disclosed
2016-06-01,2016-06,2016,Best Performance,performance,Nolan North as Nathan Drake,Uncharted 4: A Thief's End,https://en.wikipedia.org/wiki/Uncharted_4:_A_Thief%27s_End,1,1,active,Nolan North as Nathan Drake – Uncharted 4: A Thief's End,https://en.wikipedia.org/wiki/The_Game_Awards_2016,Q16681843,2016-05-10,day,https://www.wikidata.org/wiki/Q16681843#P577,2016-05-10,first public release,https://www.wikidata.org/wiki/Q16681843#P577,earliest_wikidata_release,,not_publicly_disclosed
2016-06-02,2016-06,2016,Best Performance,performance,Alex Hernandez as Lincoln Clay,Mafia III,https://en.wikipedia.org/wiki/Mafia_III,0,2,active,Alex Hernandez as Lincoln Clay – Mafia III,https://en.wikipedia.org/wiki/The_Game_Awards_2016,Q20737889,2016-10-07,day,https://www.wikidata.org/wiki/Q20737889#P577,2016-10-07,first public release,https://www.wikidata.org/wiki/Q20737889#P577,earliest_wikidata_release,,not_publicly_disclosed
2016-06-03,2016-06,2016,Best Performance,performance,Cissy Jones as Delilah,Firewatch,https://en.wikipedia.org/wiki/Firewatch,0,3,active,Cissy Jones as Delilah – Firewatch,https://en.wikipedia.org/wiki/The_Game_Awards_2016,Q19627426,2016-02-09,day,https://www.wikidata.org/wiki/Q19627426#P577,2016-02-09,first public release,https://www.wikidata.org/wiki/Q19627426#P577,earliest_wikidata_release,,not_publicly_disclosed
2016-06-04,2016-06,2016,Best Performance,performance,Emily Rose as Elena Fisher,Uncharted 4: A Thief's End,https://en.wikipedia.org/wiki/Uncharted_4:_A_Thief%27s_End,0,4,active,Emily Rose as Elena Fisher – Uncharted 4: A Thief's End,https://en.wikipedia.org/wiki/The_Game_Awards_2016,Q16681843,2016-05-10,day,https://www.wikidata.org/wiki/Q16681843#P577,2016-05-10,first public release,https://www.wikidata.org/wiki/Q16681843#P577,earliest_wikidata_release,,not_publicly_disclosed
2016-06-05,2016-06,2016,Best Performance,performance,Rich Sommer as Henry,Firewatch,https://en.wikipedia.org/wiki/Firewatch,0,5,active,Rich Sommer as Henry – Firewatch,https://en.wikipedia.org/wiki/The_Game_Awards_2016,Q19627426,2016-02-09,day,https://www.wikidata.org/wiki/Q19627426#P577,2016-02-09,first public release,https://www.wikidata.org/wiki/Q19627426#P577,earliest_wikidata_release,,not_publicly_disclosed
2016-06-06,2016-06,2016,Best Performance,performance,Troy Baker as Sam Drake,Uncharted 4: A Thief's End,https://en.wikipedia.org/wiki/Uncharted_4:_A_Thief%27s_End,0,6,active,Troy Baker as Sam Drake – Uncharted 4: A Thief's End,https://en.wikipedia.org/wiki/The_Game_Awards_2016,Q16681843,2016-05-10,day,https://www.wikidata.org/wiki/Q16681843#P577,2016-05-10,first public release,https://www.wikidata.org/wiki/Q16681843#P577,earliest_wikidata_release,,not_publicly_disclosed
2016-07-01,2016-07,2016,Games for Impact,game,"That Dragon, Cancer","That Dragon, Cancer","https://en.wikipedia.org/wiki/That_Dragon,_Cancer",1,1,active,"That Dragon, Cancer – Numinous Games",https://en.wikipedia.org/wiki/The_Game_Awards_2016,Q16267891,2016-01-11,day,https://www.wikidata.org/wiki/Q16267891#P577,2016-01-11,first public release,https://www.wikidata.org/wiki/Q16267891#P577,earliest_wikidata_release,,not_publicly_disclosed
2016-07-02,2016-07,2016,Games for Impact,game,Block'hood,Block'hood,https://en.wikipedia.org/wiki/Block%27hood,0,2,active,Block'hood – Plethora Project,https://en.wikipedia.org/wiki/The_Game_Awards_2016,Q23024065,2016-03-10,day,https://en.wikipedia.org/wiki/Block%27hood#Development,2016-03-10,first public release,https://en.wikipedia.org/wiki/Block%27hood#Development,curated_correction,,not_publicly_disclosed
2016-07-03,2016-07,2016,Games for Impact,game,Orwell,Orwell,https://en.wikipedia.org/wiki/Orwell_(video_game),0,3,active,Orwell – Osmotic,https://en.wikipedia.org/wiki/The_Game_Awards_2016,Q27940629,2016-10-27,day,https://www.wikidata.org/wiki/Q27940629#P577,2016-10-27,first public release,https://www.wikidata.org/wiki/Q27940629#P577,earliest_wikidata_release,,not_publicly_disclosed
2016-07-04,2016-07,2016,Games for Impact,game,Sea Hero Quest,Sea Hero Quest,https://en.wikipedia.org/wiki/Sea_Hero_Quest,0,4,active,Sea Hero Quest – Glitchers,https://en.wikipedia.org/wiki/The_Game_Awards_2016,Q24038990,,,,,,,no_release_claim,,not_publicly_disclosed
2016-07-05,2016-07,2016,Games for Impact,game,1979 Revolution: Black Friday,1979 Revolution: Black Friday,https://en.wikipedia.org/wiki/1979_Revolution:_Black_Friday,0,5,active,1979 Revolution: Black Friday – iNK Stories,https://en.wikipedia.org/wiki/The_Game_Awards_2016,Q23976492,2016-04-04,day,https://www.wikidata.org/wiki/Q23976492#P577,2016-04-04,first public release,https://www.wikidata.org/wiki/Q23976492#P577,earliest_wikidata_release,,not_publicly_disclosed
2016-08-01,2016-08,2016,Best Independent Game,game,Inside,Inside,https://en.wikipedia.org/wiki/Inside_(video_game),1,1,active,Inside – Playdead,https://en.wikipedia.org/wiki/The_Game_Awards_2016,Q22019785,2016-06-29,day,https://www.wikidata.org/wiki/Q22019785#P577,2016-06-29,first public release,https://www.wikidata.org/wiki/Q22019785#P577,earliest_wikidata_release,,not_publicly_disclosed
2016-08-02,2016-08,2016,Best Independent Game,game,Firewatch,Firewatch,https://en.wikipedia.org/wiki/Firewatch,0,2,active,Firewatch – Campo Santo,https://en.wikipedia.org/wiki/The_Game_Awards_2016,Q19627426,2016-02-09,day,https://www.wikidata.org/wiki/Q19627426#P577,2016-02-09,first public release,https://www.wikidata.org/wiki/Q19627426#P577,earliest_wikidata_release,,not_publicly_disclosed
2016-08-03,2016-08,2016,Best Independent Game,game,Hyper Light Drifter,Hyper Light Drifter,https://en.wikipedia.org/wiki/Hyper_Light_Drifter,0,3,active,Hyper Light Drifter – Heart Machine,https://en.wikipedia.org/wiki/The_Game_Awards_2016,Q16457556,2016-03-31,day,https://www.wikidata.org/wiki/Q16457556#P577,2016-03-31,first public release,https://www.wikidata.org/wiki/Q16457556#P577,earliest_wikidata_release,,not_publicly_disclosed
2016-08-04,2016-08,2016,Best Independent Game,game,Stardew Valley,Stardew Valley,https://en.wikipedia.org/wiki/Stardew_Valley,0,4,active,Stardew Valley – ConcernedApe,https://en.wikipedia.org/wiki/The_Game_Awards_2016,Q23013817,2016-02-26,day,https://www.wikidata.org/wiki/Q23013817#P577,2016-02-26,first public release,https://www.wikidata.org/wiki/Q23013817#P577,earliest_wikidata_release,,not_publicly_disclosed
2016-08-05,2016-08,2016,Best Independent Game,game,The Witness,The Witness,https://en.wikipedia.org/wiki/The_Witness_(2016_video_game),0,5,active,"The Witness – Thekla, Inc.",https://en.wikipedia.org/wiki/The_Game_Awards_2016,Q1711359,2016-01-26,day,https://www.wikidata.org/wiki/Q1711359#P577,2016-01-26,first public release,https://www.wikidata.org/wiki/Q1711359#P577,earliest_wikidata_release,,not_publicly_disclosed
2016-09-01,2016-09,2016,Best Mobile/Handheld Game,game,Pokémon Go,Pokémon Go,https://en.wikipedia.org/wiki/Pok%C3%A9mon_Go,1,1,active,Pokémon Go – Niantic,https://en.wikipedia.org/wiki/The_Game_Awards_2016,Q20966579,2016-07-06,day,https://www.wikidata.org/wiki/Q20966579#P577,2016-07-06,first public release,https://www.wikidata.org/wiki/Q20966579#P577,earliest_wikidata_release,,not_publicly_disclosed
2016-09-02,2016-09,2016,Best Mobile/Handheld Game,game,Clash Royale,Clash Royale,https://en.wikipedia.org/wiki/Clash_Royale,0,2,active,Clash Royale – Supercell,https://en.wikipedia.org/wiki/The_Game_Awards_2016,Q22095476,2016-03-02,day,https://www.wikidata.org/wiki/Q22095476#P577,2016-03-02,first public release,https://www.wikidata.org/wiki/Q22095476#P577,earliest_wikidata_release,,not_publicly_disclosed
2016-09-03,2016-09,2016,Best Mobile/Handheld Game,game,Fire Emblem Fates,Fire Emblem Fates,https://en.wikipedia.org/wiki/Fire_Emblem_Fates,0,3,active,Fire Emblem Fates – Intelligent Systems,https://en.wikipedia.org/wiki/The_Game_Awards_2016,Q18762399,2015-06-25,day,https://www.wikidata.org/wiki/Q18762399#P577,,,,earliest_wikidata_release,,not_publicly_disclosed
2016-09-04,2016-09,2016,Best Mobile/Handheld Game,game,Monster Hunter Generations,Monster Hunter Generations,https://en.wikipedia.org/wiki/Monster_Hunter_Generations,0,4,active,Monster Hunter Generations – Capcom,https://en.wikipedia.org/wiki/The_Game_Awards_2016,Q20856979,2015-11-28,day,https://www.wikidata.org/wiki/Q20856979#P577,,,,earliest_wikidata_release,,not_publicly_disclosed
2016-09-05,2016-09,2016,Best Mobile/Handheld Game,game,Severed,Severed,https://en.wikipedia.org/wiki/Severed_(video_game),0,5,active,Severed – DrinkBox Studios,https://en.wikipedia.org/wiki/The_Game_Awards_2016,Q23927058,2016,year,https://www.wikidata.org/wiki/Q23927058#P577,,,,earliest_wikidata_release,,not_publicly_disclosed
2016-10-01,2016-10,2016,Best VR Game,game,Rez Infinite,Rez Infinite,https://en.wikipedia.org/wiki/Rez_Infinite,1,1,active,Rez Infinite – United Game Artists,https://en.wikipedia.org/wiki/The_Game_Awards_2016,Q693311,2016-10-13,day,https://en.wikipedia.org/wiki/Rez#Rez_Infinite,2016-10-13,first public release,https://en.wikipedia.org/wiki/Rez#Rez_Infinite,curated_correction,,not_publicly_disclosed
2016-10-02,2016-10,2016,Best VR Game,game,Batman: Arkham VR,Batman: Arkham VR,https://en.wikipedia.org/wiki/Batman:_Arkham_VR,0,2,active,Batman: Arkham VR – Rocksteady Studios,https://en.wikipedia.org/wiki/The_Game_Awards_2016,Q27067490,2016-10-13,day,https://www.wikidata.org/wiki/Q27067490#P577,2016-10-13,first public release,https://www.wikidata.org/wiki/Q27067490#P577,earliest_wikidata_release,,not_publicly_disclosed
2016-10-03,2016-10,2016,Best VR Game,game,Eve: Valkyrie,Eve: Valkyrie,https://en.wikipedia.org/wiki/Eve:_Valkyrie,0,3,active,Eve: Valkyrie – CCP Games,https://en.wikipedia.org/wiki/The_Game_Awards_2016,Q16267827,2016-03-28,day,https://www.wikidata.org/wiki/Q16267827#P577,2016-03-28,first public release,https://www.wikidata.org/wiki/Q16267827#P577,earliest_wikidata_release,,not_publicly_disclosed
2016-10-04,2016-10,2016,Best VR Game,game,Job Simulator,Job Simulator,https://en.wikipedia.org/wiki/Job_Simulator,0,4,active,Job Simulator – Owlchemy Labs,https://en.wikipedia.org/wiki/The_Game_Awards_2016,Q23762874,2016-04-05,day,https://www.wikidata.org/wiki/Q23762874#P577,2016-04-05,first public release,https://www.wikidata.org/wiki/Q23762874#P577,earliest_wikidata_release,,not_publicly_disclosed
2016-10-05,2016-10,2016,Best VR Game,game,Thumper,Thumper,https://en.wikipedia.org/wiki/Thumper_(video_game),0,5,active,Thumper – Drool,https://en.wikipedia.org/wiki/The_Game_Awards_2016,Q20712514,2016-10-10,day,https://www.wikidata.org/wiki/Q20712514#P577,2016-10-10,first public release,https://www.wikidata.org/wiki/Q20712514#P577,earliest_wikidata_release,,not_publicly_disclosed
2016-11-01,2016-11,2016,Best Action Game,game,Doom,Doom,https://en.wikipedia.org/wiki/Doom_(2016_video_game),1,1,active,Doom – id Software,https://en.wikipedia.org/wiki/The_Game_Awards_2016,Q513867,2016-05-13,day,https://www.wikidata.org/wiki/Q513867#P577,2016-05-13,first public release,https://www.wikidata.org/wiki/Q513867#P577,earliest_wikidata_release,,not_publicly_disclosed
2016-11-02,2016-11,2016,Best Action Game,game,Battlefield 1,Battlefield 1,https://en.wikipedia.org/wiki/Battlefield_1,0,2,active,Battlefield 1 – EA DICE,https://en.wikipedia.org/wiki/The_Game_Awards_2016,Q24031560,2016-10-21,day,https://www.wikidata.org/wiki/Q24031560#P577,2016-10-21,first public release,https://www.wikidata.org/wiki/Q24031560#P577,earliest_wikidata_release,,not_publicly_disclosed
2016-11-03,2016-11,2016,Best Action Game,game,Gears of War 4,Gears of War 4,https://en.wikipedia.org/wiki/Gears_of_War_4,0,3,active,Gears of War 4 – The Coalition,https://en.wikipedia.org/wiki/The_Game_Awards_2016,Q20125373,2016-10-11,day,https://www.wikidata.org/wiki/Q20125373#P577,2016-10-11,first public release,https://www.wikidata.org/wiki/Q20125373#P577,earliest_wikidata_release,,not_publicly_disclosed
2016-11-04,2016-11,2016,Best Action Game,game,Overwatch,Overwatch,https://en.wikipedia.org/wiki/Overwatch_(2016_video_game),0,4,active,Overwatch – Blizzard Entertainment,https://en.wikipedia.org/wiki/The_Game_Awards_2016,Q18515944,2016-05-24,day,https://www.wikidata.org/wiki/Q18515944#P577,2016-05-24,first public release,https://www.wikidata.org/wiki/Q18515944#P577,earliest_wikidata_release,,not_publicly_disclosed
2016-11-05,2016-11,2016,Best Action Game,game,Titanfall 2,Titanfall 2,https://en.wikipedia.org/wiki/Titanfall_2,0,5,active,Titanfall 2 – Respawn Entertainment,https://en.wikipedia.org/wiki/The_Game_Awards_2016,Q24044813,2016-10-28,day,https://www.wikidata.org/wiki/Q24044813#P577,2016-10-28,first public release,https://www.wikidata.org/wiki/Q24044813#P577,earliest_wikidata_release,,not_publicly_disclosed
2016-12-01,2016-12,2016,Best Action/Adventure,game,Dishonored 2,Dishonored 2,https://en.wikipedia.org/wiki/Dishonored_2,1,1,active,Dishonored 2 – Arkane Studios,https://en.wikipedia.org/wiki/The_Game_Awards_2016,Q20095751,2016-11-11,day,https://www.wikidata.org/wiki/Q20095751#P577,2016-11-11,first public release,https://www.wikidata.org/wiki/Q20095751#P577,earliest_wikidata_release,,not_publicly_disclosed
2016-12-02,2016-12,2016,Best Action/Adventure,game,Hitman,Hitman,https://en.wikipedia.org/wiki/Hitman_(2016_video_game),0,2,active,Hitman – IO Interactive,https://en.wikipedia.org/wiki/The_Game_Awards_2016,Q15630929,2016-03-11,day,https://www.wikidata.org/wiki/Q15630929#P577,2016-03-11,first public release,https://www.wikidata.org/wiki/Q15630929#P577,earliest_wikidata_release,,not_publicly_disclosed
2016-12-03,2016-12,2016,Best Action/Adventure,game,Hyper Light Drifter,Hyper Light Drifter,https://en.wikipedia.org/wiki/Hyper_Light_Drifter,0,3,active,Hyper Light Drifter – Heart Machine,https://en.wikipedia.org/wiki/The_Game_Awards_2016,Q16457556,2016-03-31,day,https://www.wikidata.org/wiki/Q16457556#P577,2016-03-31,first public release,https://www.wikidata.org/wiki/Q16457556#P577,earliest_wikidata_release,,not_publicly_disclosed
2016-12-04,2016-12,2016,Best Action/Adventure,game,Ratchet & Clank,Ratchet & Clank,https://en.wikipedia.org/wiki/Ratchet_%26_Clank_(2016_video_game),0,4,active,Ratchet & Clank – Insomniac Games,https://en.wikipedia.org/wiki/The_Game_Awards_2016,Q17183048,2016,year,https://www.wikidata.org/wiki/Q17183048#P577,,,,earliest_wikidata_release,,not_publicly_disclosed
2016-12-05,2016-12,2016,Best Action/Adventure,game,Uncharted 4: A Thief's End,Uncharted 4: A Thief's End,https://en.wikipedia.org/wiki/Uncharted_4:_A_Thief%27s_End,0,5,active,Uncharted 4: A Thief's End – Naughty Dog,https://en.wikipedia.org/wiki/The_Game_Awards_2016,Q16681843,2016-05-10,day,https://www.wikidata.org/wiki/Q16681843#P577,2016-05-10,first public release,https://www.wikidata.org/wiki/Q16681843#P577,earliest_wikidata_release,,not_publicly_disclosed
2016-13-01,2016-13,2016,Best Role Playing Game,game,The Witcher 3: Wild Hunt,The Witcher 3: Wild Hunt – Blood and Wine,https://en.wikipedia.org/wiki/The_Witcher_3:_Wild_Hunt_%E2%80%93_Blood_and_Wine,1,1,active,The Witcher 3: Wild Hunt – Blood and Wine – CD Projekt Red,https://en.wikipedia.org/wiki/The_Game_Awards_2016,Q24807230,2016-05-31,day,https://www.wikidata.org/wiki/Q24807230#P577,2016-05-31,first public release,https://www.wikidata.org/wiki/Q24807230#P577,earliest_wikidata_release,,not_publicly_disclosed
2016-13-02,2016-13,2016,Best Role Playing Game,game,Dark Souls III,Dark Souls III,https://en.wikipedia.org/wiki/Dark_Souls_III,0,2,active,Dark Souls III – FromSoftware,https://en.wikipedia.org/wiki/The_Game_Awards_2016,Q20112508,2016-03-24,day,https://www.wikidata.org/wiki/Q20112508#P577,2016-03-24,first public release,https://www.wikidata.org/wiki/Q20112508#P577,earliest_wikidata_release,,not_publicly_disclosed
2016-13-03,2016-13,2016,Best Role Playing Game,game,Deus Ex: Mankind Divided,Deus Ex: Mankind Divided,https://en.wikipedia.org/wiki/Deus_Ex:_Mankind_Divided,0,3,active,Deus Ex: Mankind Divided – Eidos Montréal,https://en.wikipedia.org/wiki/The_Game_Awards_2016,Q19772510,2016-08-23,day,https://www.wikidata.org/wiki/Q19772510#P577,2016-08-23,first public release,https://www.wikidata.org/wiki/Q19772510#P577,earliest_wikidata_release,,not_publicly_disclosed
2016-13-04,2016-13,2016,Best Role Playing Game,game,World of Warcraft: Legion,World of Warcraft: Legion,https://en.wikipedia.org/wiki/World_of_Warcraft:_Legion,0,4,active,World of Warcraft: Legion – Blizzard Entertainment,https://en.wikipedia.org/wiki/The_Game_Awards_2016,Q20754818,2016-08-30,day,https://www.wikidata.org/wiki/Q20754818#P577,2016-08-30,first public release,https://www.wikidata.org/wiki/Q20754818#P577,earliest_wikidata_release,,not_publicly_disclosed
2016-13-05,2016-13,2016,Best Role Playing Game,game,Xenoblade Chronicles X,Xenoblade Chronicles X,https://en.wikipedia.org/wiki/Xenoblade_Chronicles_X,0,5,active,Xenoblade Chronicles X – Monolith Soft,https://en.wikipedia.org/wiki/The_Game_Awards_2016,Q15614860,2015-04-29,day,https://www.wikidata.org/wiki/Q15614860#P577,,,,earliest_wikidata_release,,not_publicly_disclosed
2016-14-01,2016-14,2016,Best Fighting Game,game,Street Fighter V,Street Fighter V,https://en.wikipedia.org/wiki/Street_Fighter_V,1,1,active,Street Fighter V – Capcom,https://en.wikipedia.org/wiki/The_Game_Awards_2016,Q18608589,2016-02-16,day,https://www.wikidata.org/wiki/Q18608589#P577,2016-02-16,first public release,https://www.wikidata.org/wiki/Q18608589#P577,earliest_wikidata_release,,not_publicly_disclosed
2016-14-02,2016-14,2016,Best Fighting Game,game,Killer Instinct Season Three,Killer Instinct Season Three,https://en.wikipedia.org/wiki/Killer_Instinct_(2013_video_game),0,2,active,Killer Instinct Season Three – Iron Galaxy,https://en.wikipedia.org/wiki/The_Game_Awards_2016,Q13522696,2013-11-22,day,https://www.wikidata.org/wiki/Q13522696#P577,,,,earliest_wikidata_release,,not_publicly_disclosed
2016-14-03,2016-14,2016,Best Fighting Game,game,The King of Fighters XIV,The King of Fighters XIV,https://en.wikipedia.org/wiki/The_King_of_Fighters_XIV,0,3,active,The King of Fighters XIV – SNK,https://en.wikipedia.org/wiki/The_Game_Awards_2016,Q20990658,2016-08-23,day,https://en.wikipedia.org/wiki/The_King_of_Fighters_XIV,2016-08-23,first public release,https://en.wikipedia.org/wiki/The_King_of_Fighters_XIV,curated_correction,,not_publicly_disclosed
2016-14-04,2016-14,2016,Best Fighting Game,game,Pokkén Tournament,Pokkén Tournament,https://en.wikipedia.org/wiki/Pokk%C3%A9n_Tournament,0,4,active,Pokkén Tournament – Bandai Namco Studios,https://en.wikipedia.org/wiki/The_Game_Awards_2016,Q18185769,2015-07-16,day,https://www.wikidata.org/wiki/Q18185769#P577,,,,earliest_wikidata_release,,not_publicly_disclosed
2016-15-01,2016-15,2016,Best Strategy Game,game,Civilization VI,Civilization VI,https://en.wikipedia.org/wiki/Civilization_VI,1,1,active,Civilization VI – Firaxis Games,https://en.wikipedia.org/wiki/The_Game_Awards_2016,Q24050047,2016-10-21,day,https://www.wikidata.org/wiki/Q24050047#P577,2016-10-21,first public release,https://www.wikidata.org/wiki/Q24050047#P577,earliest_wikidata_release,,not_publicly_disclosed
2016-15-02,2016-15,2016,Best Strategy Game,game,Fire Emblem Fates,Fire Emblem Fates,https://en.wikipedia.org/wiki/Fire_Emblem_Fates,0,2,active,Fire Emblem Fates – Intelligent Systems,https://en.wikipedia.org/wiki/The_Game_Awards_2016,Q18762399,2015-06-25,day,https://www.wikidata.org/wiki/Q18762399#P577,,,,earliest_wikidata_release,,not_publicly_disclosed
2016-15-03,2016-15,2016,Best Strategy Game,game,The Banner Saga 2,The Banner Saga 2,https://en.wikipedia.org/wiki/The_Banner_Saga_2,0,3,active,The Banner Saga 2 – Stoic,https://en.wikipedia.org/wiki/The_Game_Awards_2016,Q23647157,2016-04-19,day,https://www.wikidata.org/wiki/Q23647157#P577,2016-04-19,first public release,https://www.wikidata.org/wiki/Q23647157#P577,earliest_wikidata_release,,not_publicly_disclosed
2016-15-04,2016-15,2016,Best Strategy Game,game,Total War: Warhammer,Total War: Warhammer,https://en.wikipedia.org/wiki/Total_War:_Warhammer,0,4,active,Total War: Warhammer – Creative Assembly,https://en.wikipedia.org/wiki/The_Game_Awards_2016,Q20712541,2016-04-28,day,https://www.wikidata.org/wiki/Q20712541#P577,2016-04-28,first public release,https://www.wikidata.org/wiki/Q20712541#P577,earliest_wikidata_release,,not_publicly_disclosed
2016-15-05,2016-15,2016,Best Strategy Game,game,XCOM 2,XCOM 2,https://en.wikipedia.org/wiki/XCOM_2,0,5,active,XCOM 2 – Firaxis Games,https://en.wikipedia.org/wiki/The_Game_Awards_2016,Q20030150,2016-02-05,day,https://www.wikidata.org/wiki/Q20030150#P577,2016-02-05,first public release,https://www.wikidata.org/wiki/Q20030150#P577,earliest_wikidata_release,,not_publicly_disclosed
2016-16-01,2016-16,2016,Best Family Game,game,Pokémon Go,Pokémon Go,https://en.wikipedia.org/wiki/Pok%C3%A9mon_Go,1,1,active,Pokémon Go – Niantic,https://en.wikipedia.org/wiki/The_Game_Awards_2016,Q20966579,2016-07-06,day,https://www.wikidata.org/wiki/Q20966579#P577,2016-07-06,first public release,https://www.wikidata.org/wiki/Q20966579#P577,earliest_wikidata_release,,not_publicly_disclosed
2016-16-02,2016-16,2016,Best Family Game,game,Dragon Quest Builders,Dragon Quest Builders,https://en.wikipedia.org/wiki/Dragon_Quest_Builders,0,2,active,Dragon Quest Builders – Square Enix,https://en.wikipedia.org/wiki/The_Game_Awards_2016,Q20679959,2016-01-28,day,https://www.wikidata.org/wiki/Q20679959#P577,2016-01-28,first public release,https://www.wikidata.org/wiki/Q20679959#P577,earliest_wikidata_release,,not_publicly_disclosed
2016-16-03,2016-16,2016,Best Family Game,game,Lego Star Wars: The Force Awakens,Lego Star Wars: The Force Awakens,https://en.wikipedia.org/wiki/Lego_Star_Wars:_The_Force_Awakens,0,3,active,Lego Star Wars: The Force Awakens – TT Fusion,https://en.wikipedia.org/wiki/The_Game_Awards_2016,Q22570384,2016-06-27,day,https://www.wikidata.org/wiki/Q22570384#P577,2016-06-27,first public release,https://www.wikidata.org/wiki/Q22570384#P577,earliest_wikidata_release,,not_publicly_disclosed
2016-16-04,2016-16,2016,Best Family Game,game,Ratchet & Clank,Ratchet & Clank,https://en.wikipedia.org/wiki/Ratchet_%26_Clank_(2016_video_game),0,4,active,Ratchet & Clank – Insomniac Games,https://en.wikipedia.org/wiki/The_Game_Awards_2016,Q17183048,2016,year,https://www.wikidata.org/wiki/Q17183048#P577,,,,earliest_wikidata_release,,not_publicly_disclosed
2016-16-05,2016-16,2016,Best Family Game,game,Skylanders: Imaginators,Skylanders: Imaginators,https://en.wikipedia.org/wiki/Skylanders:_Imaginators,0,5,active,Skylanders: Imaginators – Toys for Bob,https://en.wikipedia.org/wiki/The_Game_Awards_2016,Q24938010,2016,year,https://www.wikidata.org/wiki/Q24938010#P577,,,,earliest_wikidata_release,,not_publicly_disclosed
2016-17-01,2016-17,2016,Best Sports/Racing Game,game,Forza Horizon 3,Forza Horizon 3,https://en.wikipedia.org/wiki/Forza_Horizon_3,1,1,active,Forza Horizon 3 – Playground Games,https://en.wikipedia.org/wiki/The_Game_Awards_2016,Q24646839,2016-09-27,day,https://www.wikidata.org/wiki/Q24646839#P577,2016-09-27,first public release,https://www.wikidata.org/wiki/Q24646839#P577,earliest_wikidata_release,,not_publicly_disclosed
2016-17-02,2016-17,2016,Best Sports/Racing Game,game,FIFA 17,FIFA 17,https://en.wikipedia.org/wiki/FIFA_17,0,2,active,FIFA 17 – EA Canada,https://en.wikipedia.org/wiki/The_Game_Awards_2016,Q24442399,2016-09-27,day,https://www.wikidata.org/wiki/Q24442399#P577,2016-09-27,first public release,https://www.wikidata.org/wiki/Q24442399#P577,earliest_wikidata_release,,not_publicly_disclosed
2016-17-03,2016-17,2016,Best Sports/Racing Game,game,MLB The Show 16,MLB The Show 16,https://en.wikipedia.org/wiki/MLB_The_Show_16,0,3,active,MLB The Show 16 – San Diego Studio,https://en.wikipedia.org/wiki/The_Game_Awards_2016,Q21772564,2016-03-29,day,https://www.wikidata.org/wiki/Q21772564#P577,2016-03-29,first public release,https://www.wikidata.org/wiki/Q21772564#P577,earliest_wikidata_release,,not_publicly_disclosed
2016-17-04,2016-17,2016,Best Sports/Racing Game,game,NBA 2K17,NBA 2K17,https://en.wikipedia.org/wiki/NBA_2K17,0,4,active,NBA 2K17 – Visual Concepts,https://en.wikipedia.org/wiki/The_Game_Awards_2016,Q23838183,2016-09-20,day,https://www.wikidata.org/wiki/Q23838183#P577,2016-09-20,first public release,https://www.wikidata.org/wiki/Q23838183#P577,earliest_wikidata_release,,not_publicly_disclosed
2016-17-05,2016-17,2016,Best Sports/Racing Game,game,Pro Evolution Soccer 2017,Pro Evolution Soccer 2017,https://en.wikipedia.org/wiki/Pro_Evolution_Soccer_2017,0,5,active,Pro Evolution Soccer 2017 – PES Productions,https://en.wikipedia.org/wiki/The_Game_Awards_2016,Q24326087,2016-09,month,https://www.wikidata.org/wiki/Q24326087#P577,,,,earliest_wikidata_release,,not_publicly_disclosed
2016-18-01,2016-18,2016,Best Multiplayer,game,Overwatch,Overwatch,https://en.wikipedia.org/wiki/Overwatch_(2016_video_game),1,1,active,Overwatch – Blizzard Entertainment,https://en.wikipedia.org/wiki/The_Game_Awards_2016,Q18515944,2016-05-24,day,https://www.wikidata.org/wiki/Q18515944#P577,2016-05-24,first public release,https://www.wikidata.org/wiki/Q18515944#P577,earliest_wikidata_release,,not_publicly_disclosed
2016-18-02,2016-18,2016,Best Multiplayer,game,Battlefield 1,Battlefield 1,https://en.wikipedia.org/wiki/Battlefield_1,0,2,active,Battlefield 1 – EA DICE,https://en.wikipedia.org/wiki/The_Game_Awards_2016,Q24031560,2016-10-21,day,https://www.wikidata.org/wiki/Q24031560#P577,2016-10-21,first public release,https://www.wikidata.org/wiki/Q24031560#P577,earliest_wikidata_release,,not_publicly_disclosed
2016-18-03,2016-18,2016,Best Multiplayer,game,Gears of War 4,Gears of War 4,https://en.wikipedia.org/wiki/Gears_of_War_4,0,3,active,Gears of War 4 – The Coalition,https://en.wikipedia.org/wiki/The_Game_Awards_2016,Q20125373,2016-10-11,day,https://www.wikidata.org/wiki/Q20125373#P577,2016-10-11,first public release,https://www.wikidata.org/wiki/Q20125373#P577,earliest_wikidata_release,,not_publicly_disclosed
2016-18-04,2016-18,2016,Best Multiplayer,game,Overcooked,Overcooked,https://en.wikipedia.org/wiki/Overcooked,0,4,active,Overcooked – Ghost Town Games,https://en.wikipedia.org/wiki/The_Game_Awards_2016,Q26252727,2016-08-03,day,https://www.wikidata.org/wiki/Q26252727#P577,2016-08-03,first public release,https://www.wikidata.org/wiki/Q26252727#P577,earliest_wikidata_release,,not_publicly_disclosed
2016-18-05,2016-18,2016,Best Multiplayer,game,Titanfall 2,Titanfall 2,https://en.wikipedia.org/wiki/Titanfall_2,0,5,active,Titanfall 2 – Respawn Entertainment,https://en.wikipedia.org/wiki/The_Game_Awards_2016,Q24044813,2016-10-28,day,https://www.wikidata.org/wiki/Q24044813#P577,2016-10-28,first public release,https://www.wikidata.org/wiki/Q24044813#P577,earliest_wikidata_release,,not_publicly_disclosed
2016-18-06,2016-18,2016,Best Multiplayer,game,Tom Clancy's Rainbow Six Siege,Tom Clancy's Rainbow Six Siege,https://en.wikipedia.org/wiki/Tom_Clancy%27s_Rainbow_Six_Siege,0,6,active,Tom Clancy's Rainbow Six Siege – Ubisoft Montreal,https://en.wikipedia.org/wiki/The_Game_Awards_2016,Q17183996,2015-12-01,day,https://www.wikidata.org/wiki/Q17183996#P577,,,,earliest_wikidata_release,,not_publicly_disclosed
2016-19-01,2016-19,2016,Most Anticipated Game,unreleased_game,The Legend of Zelda: Breath of the Wild,The Legend of Zelda: Breath of the Wild,https://en.wikipedia.org/wiki/The_Legend_of_Zelda:_Breath_of_the_Wild,1,1,active,The Legend of Zelda: Breath of the Wild – by Nintendo EPD,https://en.wikipedia.org/wiki/The_Game_Awards_2016,Q17185964,2017-03-03,day,https://www.wikidata.org/wiki/Q17185964#P577,,,,earliest_wikidata_release,,not_publicly_disclosed
2016-19-02,2016-19,2016,Most Anticipated Game,unreleased_game,God of War,God of War,https://en.wikipedia.org/wiki/God_of_War_(2018_video_game),0,2,active,God of War – by Santa Monica Studio,https://en.wikipedia.org/wiki/The_Game_Awards_2016,Q18345138,2018-04-20,day,https://www.wikidata.org/wiki/Q18345138#P577,,,,earliest_wikidata_release,,not_publicly_disclosed
2016-19-03,2016-19,2016,Most Anticipated Game,unreleased_game,Horizon Zero Dawn,Horizon Zero Dawn,https://en.wikipedia.org/wiki/Horizon_Zero_Dawn,0,3,active,Horizon Zero Dawn – by Guerrilla Games,https://en.wikipedia.org/wiki/The_Game_Awards_2016,Q20155528,2017-02-28,day,https://www.wikidata.org/wiki/Q20155528#P577,,,,earliest_wikidata_release,,not_publicly_disclosed
2016-19-04,2016-19,2016,Most Anticipated Game,unreleased_game,Mass Effect: Andromeda,Mass Effect: Andromeda,https://en.wikipedia.org/wiki/Mass_Effect:_Andromeda,0,4,active,Mass Effect: Andromeda – by BioWare,https://en.wikipedia.org/wiki/The_Game_Awards_2016,Q20113552,2017-03-21,day,https://www.wikidata.org/wiki/Q20113552#P577,,,,earliest_wikidata_release,,not_publicly_disclosed
2016-19-05,2016-19,2016,Most Anticipated Game,unreleased_game,Red Dead Redemption 2,Red Dead Redemption 2,https://en.wikipedia.org/wiki/Red_Dead_Redemption_2,0,5,active,Red Dead Redemption 2 – by Rockstar Games,https://en.wikipedia.org/wiki/The_Game_Awards_2016,Q27438121,2018-10-26,day,https://www.wikidata.org/wiki/Q27438121#P577,,,,earliest_wikidata_release,,not_publicly_disclosed
2016-20-01,2016-20,2016,Trending Gamer,person,Boogie2988,,,1,1,active,Boogie2988,https://en.wikipedia.org/wiki/The_Game_Awards_2016,,,,,,,,no_associated_game,,not_publicly_disclosed
2016-20-02,2016-20,2016,Trending Gamer,person,AngryJoeShow,,,0,2,active,AngryJoeShow,https://en.wikipedia.org/wiki/The_Game_Awards_2016,,,,,,,,no_associated_game,,not_publicly_disclosed
2016-20-03,2016-20,2016,Trending Gamer,person,Danny O'Dwyer,,,0,3,active,Danny O'Dwyer,https://en.wikipedia.org/wiki/The_Game_Awards_2016,,,,,,,,no_associated_game,,not_publicly_disclosed
2016-20-04,2016-20,2016,Trending Gamer,person,JackSepticEye,,,0,4,active,JackSepticEye,https://en.wikipedia.org/wiki/The_Game_Awards_2016,,,,,,,,no_associated_game,,not_publicly_disclosed
2016-20-05,2016-20,2016,Trending Gamer,person,Lirik,,,0,5,active,Lirik,https://en.wikipedia.org/wiki/The_Game_Awards_2016,,,,,,,,no_associated_game,,not_publicly_disclosed
2016-21-01,2016-21,2016,Best Fan Creation,other,Enderal: The Shards of Order,,,1,1,active,Enderal: The Shards of Order,https://en.wikipedia.org/wiki/The_Game_Awards_2016,,,,,,,,no_associated_game,,not_publicly_disclosed
2016-21-02,2016-21,2016,Best Fan Creation,other,Brutal Doom 64,,,0,2,active,Brutal Doom 64,https://en.wikipedia.org/wiki/The_Game_Awards_2016,,,,,,,,no_associated_game,,not_publicly_disclosed
2016-21-03,2016-21,2016,Best Fan Creation,other,AM2R,,,0,3,active,AM2R,https://en.wikipedia.org/wiki/The_Game_Awards_2016,,,,,,,,no_associated_game,,not_publicly_disclosed
2016-21-04,2016-21,2016,Best Fan Creation,other,Pokémon Uranium,,,0,4,active,Pokémon Uranium,https://en.wikipedia.org/wiki/The_Game_Awards_2016,,,,,,,,no_associated_game,,not_publicly_disclosed
2016-22-01,2016-22,2016,Esports Player of the Year,person,"Marcelo ""coldzera"" David ( SK Gaming",,,1,1,active,"Marcelo ""coldzera"" David ( SK Gaming – Counter-Strike: Global Offensive )",https://en.wikipedia.org/wiki/The_Game_Awards_2016,,,,,,,,no_associated_game,,not_publicly_disclosed
2016-22-02,2016-22,2016,Esports Player of the Year,person,"Lee ""Faker"" Sang-hyeok ( SK Telecom T1",,,0,2,active,"Lee ""Faker"" Sang-hyeok ( SK Telecom T1 – League of Legends )",https://en.wikipedia.org/wiki/The_Game_Awards_2016,,,,,,,,no_associated_game,,not_publicly_disclosed
2016-22-03,2016-22,2016,Esports Player of the Year,person,"Hyun ""ByuN"" Woo ( StarCraft II )",,,0,3,active,"Hyun ""ByuN"" Woo ( StarCraft II )",https://en.wikipedia.org/wiki/The_Game_Awards_2016,,,,,,,,no_associated_game,,not_publicly_disclosed
2016-22-04,2016-22,2016,Esports Player of the Year,person,"Lee ""Infiltration"" Seon-woo ( Team Razer",,,0,4,active,"Lee ""Infiltration"" Seon-woo ( Team Razer – Street Fighter V )",https://en.wikipedia.org/wiki/The_Game_Awards_2016,,,,,,,,no_associated_game,,not_publicly_disclosed
2016-22-05,2016-22,2016,Esports Player of the Year,person,"Juan ""Hungrybox"" Debiedma ( Team Liquid",,,0,5,active,"Juan ""Hungrybox"" Debiedma ( Team Liquid – Super Smash Bros. Melee )",https://en.wikipedia.org/wiki/The_Game_Awards_2016,,,,,,,,no_associated_game,,not_publicly_disclosed
2016-23-01,2016-23,2016,Esports Team of the Year,other,Cloud9,,,1,1,active,Cloud9,https://en.wikipedia.org/wiki/The_Game_Awards_2016,,,,,,,,no_associated_game,,not_publicly_disclosed
2016-23-02,2016-23,2016,Esports Team of the Year,other,SK Telecom T1,,,0,2,active,SK Telecom T1,https://en.wikipedia.org/wiki/The_Game_Awards_2016,,,,,,,,no_associated_game,,not_publicly_disclosed
2016-23-03,2016-23,2016,Esports Team of the Year,other,Wings Gaming,,,0,3,active,Wings Gaming,https://en.wikipedia.org/wiki/The_Game_Awards_2016,,,,,,,,no_associated_game,,not_publicly_disclosed
2016-23-04,2016-23,2016,Esports Team of the Year,other,SK Gaming,,,0,4,active,SK Gaming,https://en.wikipedia.org/wiki/The_Game_Awards_2016,,,,,,,,no_associated_game,,not_publicly_disclosed
2016-23-05,2016-23,2016,Esports Team of the Year,other,ROX Tigers,,,0,5,active,ROX Tigers,https://en.wikipedia.org/wiki/The_Game_Awards_2016,,,,,,,,no_associated_game,,not_publicly_disclosed
2016-24-01,2016-24,2016,Esports Game of the Year,game,Overwatch,Overwatch,https://en.wikipedia.org/wiki/Overwatch_(2016_video_game),1,1,active,Overwatch – Blizzard Entertainment,https://en.wikipedia.org/wiki/The_Game_Awards_2016,Q18515944,2016-05-24,day,https://www.wikidata.org/wiki/Q18515944#P577,2016-05-24,first public release,https://www.wikidata.org/wiki/Q18515944#P577,earliest_wikidata_release,,not_publicly_disclosed
2016-24-02,2016-24,2016,Esports Game of the Year,game,Counter-Strike: Global Offensive,Counter-Strike: Global Offensive,https://en.wikipedia.org/wiki/Counter-Strike:_Global_Offensive,0,2,active,Counter-Strike: Global Offensive – Valve,https://en.wikipedia.org/wiki/The_Game_Awards_2016,Q842146,2012-08-21,day,https://www.wikidata.org/wiki/Q842146#P577,,,,earliest_wikidata_release,,not_publicly_disclosed
2016-24-03,2016-24,2016,Esports Game of the Year,game,Dota 2,Dota 2,https://en.wikipedia.org/wiki/Dota_2,0,3,active,Dota 2 – Valve,https://en.wikipedia.org/wiki/The_Game_Awards_2016,Q771541,2013-07-09,day,https://www.wikidata.org/wiki/Q771541#P577,,,,earliest_wikidata_release,,not_publicly_disclosed
2016-24-04,2016-24,2016,Esports Game of the Year,game,League of Legends,League of Legends,https://en.wikipedia.org/wiki/League_of_Legends,0,4,active,League of Legends – Riot Games,https://en.wikipedia.org/wiki/The_Game_Awards_2016,Q223341,2009-10-27,day,https://www.wikidata.org/wiki/Q223341#P577,,,,earliest_wikidata_release,,not_publicly_disclosed
2016-24-05,2016-24,2016,Esports Game of the Year,game,Street Fighter V,Street Fighter V,https://en.wikipedia.org/wiki/Street_Fighter_V,0,5,active,Street Fighter V – Capcom,https://en.wikipedia.org/wiki/The_Game_Awards_2016,Q18608589,2016-02-16,day,https://www.wikidata.org/wiki/Q18608589#P577,2016-02-16,first public release,https://www.wikidata.org/wiki/Q18608589#P577,earliest_wikidata_release,,not_publicly_disclosed
2016-25-01,2016-25,2016,Industry Icon Award,honorary,Hideo Kojima,,,1,1,active,Hideo Kojima,https://en.wikipedia.org/wiki/The_Game_Awards_2016,,,,,,,,no_associated_game,,not_publicly_disclosed
2017-01-01,2017-01,2017,Game of the Year,game,The Legend of Zelda: Breath of the Wild,The Legend of Zelda: Breath of the Wild,https://en.wikipedia.org/wiki/The_Legend_of_Zelda:_Breath_of_the_Wild,1,1,active,The Legend of Zelda: Breath of the Wild – Nintendo,https://en.wikipedia.org/wiki/The_Game_Awards_2017,Q17185964,2017-03-03,day,https://www.wikidata.org/wiki/Q17185964#P577,2017-03-03,first public release,https://www.wikidata.org/wiki/Q17185964#P577,earliest_wikidata_release,,not_publicly_disclosed
2017-01-02,2017-01,2017,Game of the Year,game,Horizon Zero Dawn,Horizon Zero Dawn,https://en.wikipedia.org/wiki/Horizon_Zero_Dawn,0,2,active,Horizon Zero Dawn – Guerrilla Games / Sony Interactive Entertainment,https://en.wikipedia.org/wiki/The_Game_Awards_2017,Q20155528,2017-02-28,day,https://www.wikidata.org/wiki/Q20155528#P577,2017-02-28,first public release,https://www.wikidata.org/wiki/Q20155528#P577,earliest_wikidata_release,,not_publicly_disclosed
2017-01-03,2017-01,2017,Game of the Year,game,Persona 5,Persona 5,https://en.wikipedia.org/wiki/Persona_5,0,3,active,Persona 5 – Atlus,https://en.wikipedia.org/wiki/The_Game_Awards_2017,Q15225985,2016-09-15,day,https://www.wikidata.org/wiki/Q15225985#P577,2017-04-04,worldwide release after 2016 Japanese launch,https://en.wikipedia.org/wiki/Persona_5,earliest_wikidata_release,,not_publicly_disclosed
2017-01-04,2017-01,2017,Game of the Year,game,PlayerUnknown's Battlegrounds,PlayerUnknown's Battlegrounds,https://en.wikipedia.org/wiki/PlayerUnknown%27s_Battlegrounds,0,4,active,PlayerUnknown's Battlegrounds – PUBG Corporation,https://en.wikipedia.org/wiki/The_Game_Awards_2017,Q28937399,2017-03-23,day,https://www.wikidata.org/wiki/Q28937399#P577,2017-03-23,first public release,https://www.wikidata.org/wiki/Q28937399#P577,earliest_wikidata_release,,not_publicly_disclosed
2017-01-05,2017-01,2017,Game of the Year,game,Super Mario Odyssey,Super Mario Odyssey,https://en.wikipedia.org/wiki/Super_Mario_Odyssey,0,5,active,Super Mario Odyssey – Nintendo,https://en.wikipedia.org/wiki/The_Game_Awards_2017,Q28234671,2017-10-27,day,https://www.wikidata.org/wiki/Q28234671#P577,2017-10-27,first public release,https://www.wikidata.org/wiki/Q28234671#P577,earliest_wikidata_release,,not_publicly_disclosed
2017-02-01,2017-02,2017,Best Game Direction,game,The Legend of Zelda: Breath of the Wild,The Legend of Zelda: Breath of the Wild,https://en.wikipedia.org/wiki/The_Legend_of_Zelda:_Breath_of_the_Wild,1,1,active,The Legend of Zelda: Breath of the Wild – Nintendo,https://en.wikipedia.org/wiki/The_Game_Awards_2017,Q17185964,2017-03-03,day,https://www.wikidata.org/wiki/Q17185964#P577,2017-03-03,first public release,https://www.wikidata.org/wiki/Q17185964#P577,earliest_wikidata_release,,not_publicly_disclosed
2017-02-02,2017-02,2017,Best Game Direction,game,Horizon Zero Dawn,Horizon Zero Dawn,https://en.wikipedia.org/wiki/Horizon_Zero_Dawn,0,2,active,Horizon Zero Dawn – Guerrilla Games / Sony Interactive Entertainment,https://en.wikipedia.org/wiki/The_Game_Awards_2017,Q20155528,2017-02-28,day,https://www.wikidata.org/wiki/Q20155528#P577,2017-02-28,first public release,https://www.wikidata.org/wiki/Q20155528#P577,earliest_wikidata_release,,not_publicly_disclosed
2017-02-03,2017-02,2017,Best Game Direction,game,Resident Evil 7: Biohazard,Resident Evil 7: Biohazard,https://en.wikipedia.org/wiki/Resident_Evil_7:_Biohazard,0,3,active,Resident Evil 7: Biohazard – Capcom,https://en.wikipedia.org/wiki/The_Game_Awards_2017,Q24577667,2017-01-24,day,https://www.wikidata.org/wiki/Q24577667#P577,2017-01-24,first public release,https://www.wikidata.org/wiki/Q24577667#P577,earliest_wikidata_release,,not_publicly_disclosed
2017-02-04,2017-02,2017,Best Game Direction,game,Super Mario Odyssey,Super Mario Odyssey,https://en.wikipedia.org/wiki/Super_Mario_Odyssey,0,4,active,Super Mario Odyssey – Nintendo,https://en.wikipedia.org/wiki/The_Game_Awards_2017,Q28234671,2017-10-27,day,https://www.wikidata.org/wiki/Q28234671#P577,2017-10-27,first public release,https://www.wikidata.org/wiki/Q28234671#P577,earliest_wikidata_release,,not_publicly_disclosed
2017-02-05,2017-02,2017,Best Game Direction,game,Wolfenstein II: The New Colossus,Wolfenstein II: The New Colossus,https://en.wikipedia.org/wiki/Wolfenstein_II:_The_New_Colossus,0,5,active,Wolfenstein II: The New Colossus – MachineGames / Bethesda Softworks,https://en.wikipedia.org/wiki/The_Game_Awards_2017,Q30276412,2017-10-27,day,https://www.wikidata.org/wiki/Q30276412#P577,2017-10-27,first public release,https://www.wikidata.org/wiki/Q30276412#P577,earliest_wikidata_release,,not_publicly_disclosed
2017-03-01,2017-03,2017,Best Narrative,game,What Remains of Edith Finch,What Remains of Edith Finch,https://en.wikipedia.org/wiki/What_Remains_of_Edith_Finch,1,1,active,What Remains of Edith Finch – Giant Sparrow / Annapurna Interactive,https://en.wikipedia.org/wiki/The_Game_Awards_2017,Q28451186,2017-04-25,day,https://www.wikidata.org/wiki/Q28451186#P577,2017-04-25,first public release,https://www.wikidata.org/wiki/Q28451186#P577,earliest_wikidata_release,,not_publicly_disclosed
2017-03-02,2017-03,2017,Best Narrative,game,Hellblade: Senua's Sacrifice,Hellblade: Senua's Sacrifice,https://en.wikipedia.org/wiki/Hellblade:_Senua%27s_Sacrifice,0,2,active,Hellblade: Senua's Sacrifice – Ninja Theory,https://en.wikipedia.org/wiki/The_Game_Awards_2017,Q18185763,2017-08-08,day,https://www.wikidata.org/wiki/Q18185763#P577,2017-08-08,first public release,https://www.wikidata.org/wiki/Q18185763#P577,earliest_wikidata_release,,not_publicly_disclosed
2017-03-03,2017-03,2017,Best Narrative,game,Horizon Zero Dawn,Horizon Zero Dawn,https://en.wikipedia.org/wiki/Horizon_Zero_Dawn,0,3,active,Horizon Zero Dawn – Guerrilla Games / Sony Interactive Entertainment,https://en.wikipedia.org/wiki/The_Game_Awards_2017,Q20155528,2017-02-28,day,https://www.wikidata.org/wiki/Q20155528#P577,2017-02-28,first public release,https://www.wikidata.org/wiki/Q20155528#P577,earliest_wikidata_release,,not_publicly_disclosed
2017-03-04,2017-03,2017,Best Narrative,game,Nier: Automata,Nier: Automata,https://en.wikipedia.org/wiki/Nier:_Automata,0,4,active,Nier: Automata – PlatinumGames / Square Enix,https://en.wikipedia.org/wiki/The_Game_Awards_2017,Q21078985,2017-02-23,day,https://www.wikidata.org/wiki/Q21078985#P577,2017-02-23,first public release,https://www.wikidata.org/wiki/Q21078985#P577,earliest_wikidata_release,,not_publicly_disclosed
2017-03-05,2017-03,2017,Best Narrative,game,Wolfenstein II: The New Colossus,Wolfenstein II: The New Colossus,https://en.wikipedia.org/wiki/Wolfenstein_II:_The_New_Colossus,0,5,active,Wolfenstein II: The New Colossus – MachineGames / Bethesda Softworks,https://en.wikipedia.org/wiki/The_Game_Awards_2017,Q30276412,2017-10-27,day,https://www.wikidata.org/wiki/Q30276412#P577,2017-10-27,first public release,https://www.wikidata.org/wiki/Q30276412#P577,earliest_wikidata_release,,not_publicly_disclosed
2017-04-01,2017-04,2017,Best Art Direction,game,Cuphead,Cuphead,https://en.wikipedia.org/wiki/Cuphead,1,1,active,Cuphead – Studio MDHR,https://en.wikipedia.org/wiki/The_Game_Awards_2017,Q18149495,2017-09-29,day,https://www.wikidata.org/wiki/Q18149495#P577,2017-09-29,first public release,https://www.wikidata.org/wiki/Q18149495#P577,earliest_wikidata_release,,not_publicly_disclosed
2017-04-02,2017-04,2017,Best Art Direction,game,Destiny 2,Destiny 2,https://en.wikipedia.org/wiki/Destiny_2,0,2,active,Destiny 2 – Bungie / Activision,https://en.wikipedia.org/wiki/The_Game_Awards_2017,Q29045915,2017-09-06,day,https://www.wikidata.org/wiki/Q29045915#P577,2017-09-06,first public release,https://www.wikidata.org/wiki/Q29045915#P577,earliest_wikidata_release,,not_publicly_disclosed
2017-04-03,2017-04,2017,Best Art Direction,game,Horizon Zero Dawn,Horizon Zero Dawn,https://en.wikipedia.org/wiki/Horizon_Zero_Dawn,0,3,active,Horizon Zero Dawn – Guerrilla Games / Sony Interactive Entertainment,https://en.wikipedia.org/wiki/The_Game_Awards_2017,Q20155528,2017-02-28,day,https://www.wikidata.org/wiki/Q20155528#P577,2017-02-28,first public release,https://www.wikidata.org/wiki/Q20155528#P577,earliest_wikidata_release,,not_publicly_disclosed
2017-04-04,2017-04,2017,Best Art Direction,game,Persona 5,Persona 5,https://en.wikipedia.org/wiki/Persona_5,0,4,active,Persona 5 – Atlus,https://en.wikipedia.org/wiki/The_Game_Awards_2017,Q15225985,2016-09-15,day,https://www.wikidata.org/wiki/Q15225985#P577,2017-04-04,worldwide release after 2016 Japanese launch,https://en.wikipedia.org/wiki/Persona_5,earliest_wikidata_release,,not_publicly_disclosed
2017-04-05,2017-04,2017,Best Art Direction,game,The Legend of Zelda: Breath of the Wild,The Legend of Zelda: Breath of the Wild,https://en.wikipedia.org/wiki/The_Legend_of_Zelda:_Breath_of_the_Wild,0,5,active,The Legend of Zelda: Breath of the Wild – Nintendo,https://en.wikipedia.org/wiki/The_Game_Awards_2017,Q17185964,2017-03-03,day,https://www.wikidata.org/wiki/Q17185964#P577,2017-03-03,first public release,https://www.wikidata.org/wiki/Q17185964#P577,earliest_wikidata_release,,not_publicly_disclosed
2017-05-01,2017-05,2017,Best Score/Music,game,Nier: Automata,Nier: Automata,https://en.wikipedia.org/wiki/Nier:_Automata,1,1,active,Nier: Automata – PlatinumGames / Square Enix,https://en.wikipedia.org/wiki/The_Game_Awards_2017,Q21078985,2017-02-23,day,https://www.wikidata.org/wiki/Q21078985#P577,2017-02-23,first public release,https://www.wikidata.org/wiki/Q21078985#P577,earliest_wikidata_release,,not_publicly_disclosed
2017-05-02,2017-05,2017,Best Score/Music,game,Cuphead,Cuphead,https://en.wikipedia.org/wiki/Cuphead,0,2,active,Cuphead – Studio MDHR,https://en.wikipedia.org/wiki/The_Game_Awards_2017,Q18149495,2017-09-29,day,https://www.wikidata.org/wiki/Q18149495#P577,2017-09-29,first public release,https://www.wikidata.org/wiki/Q18149495#P577,earliest_wikidata_release,,not_publicly_disclosed
2017-05-03,2017-05,2017,Best Score/Music,game,Destiny 2,Destiny 2,https://en.wikipedia.org/wiki/Destiny_2,0,3,active,Destiny 2 – Bungie / Activision,https://en.wikipedia.org/wiki/The_Game_Awards_2017,Q29045915,2017-09-06,day,https://www.wikidata.org/wiki/Q29045915#P577,2017-09-06,first public release,https://www.wikidata.org/wiki/Q29045915#P577,earliest_wikidata_release,,not_publicly_disclosed
2017-05-04,2017-05,2017,Best Score/Music,game,Persona 5,Persona 5,https://en.wikipedia.org/wiki/Persona_5,0,4,active,Persona 5 – Atlus,https://en.wikipedia.org/wiki/The_Game_Awards_2017,Q15225985,2016-09-15,day,https://www.wikidata.org/wiki/Q15225985#P577,2017-04-04,worldwide release after 2016 Japanese launch,https://en.wikipedia.org/wiki/Persona_5,earliest_wikidata_release,,not_publicly_disclosed
2017-05-05,2017-05,2017,Best Score/Music,game,Super Mario Odyssey,Super Mario Odyssey,https://en.wikipedia.org/wiki/Super_Mario_Odyssey,0,5,active,Super Mario Odyssey – Nintendo,https://en.wikipedia.org/wiki/The_Game_Awards_2017,Q28234671,2017-10-27,day,https://www.wikidata.org/wiki/Q28234671#P577,2017-10-27,first public release,https://www.wikidata.org/wiki/Q28234671#P577,earliest_wikidata_release,,not_publicly_disclosed
2017-05-06,2017-05,2017,Best Score/Music,game,The Legend of Zelda: Breath of the Wild,The Legend of Zelda: Breath of the Wild,https://en.wikipedia.org/wiki/The_Legend_of_Zelda:_Breath_of_the_Wild,0,6,active,The Legend of Zelda: Breath of the Wild – Nintendo,https://en.wikipedia.org/wiki/The_Game_Awards_2017,Q17185964,2017-03-03,day,https://www.wikidata.org/wiki/Q17185964#P577,2017-03-03,first public release,https://www.wikidata.org/wiki/Q17185964#P577,earliest_wikidata_release,,not_publicly_disclosed
2017-06-01,2017-06,2017,Best Audio Design,game,Hellblade: Senua's Sacrifice,Hellblade: Senua's Sacrifice,https://en.wikipedia.org/wiki/Hellblade:_Senua%27s_Sacrifice,1,1,active,Hellblade: Senua's Sacrifice – Ninja Theory,https://en.wikipedia.org/wiki/The_Game_Awards_2017,Q18185763,2017-08-08,day,https://www.wikidata.org/wiki/Q18185763#P577,2017-08-08,first public release,https://www.wikidata.org/wiki/Q18185763#P577,earliest_wikidata_release,,not_publicly_disclosed
2017-06-02,2017-06,2017,Best Audio Design,game,Destiny 2,Destiny 2,https://en.wikipedia.org/wiki/Destiny_2,0,2,active,Destiny 2 – Bungie / Activision,https://en.wikipedia.org/wiki/The_Game_Awards_2017,Q29045915,2017-09-06,day,https://www.wikidata.org/wiki/Q29045915#P577,2017-09-06,first public release,https://www.wikidata.org/wiki/Q29045915#P577,earliest_wikidata_release,,not_publicly_disclosed
2017-06-03,2017-06,2017,Best Audio Design,game,Resident Evil 7: Biohazard,Resident Evil 7: Biohazard,https://en.wikipedia.org/wiki/Resident_Evil_7:_Biohazard,0,3,active,Resident Evil 7: Biohazard – Capcom,https://en.wikipedia.org/wiki/The_Game_Awards_2017,Q24577667,2017-01-24,day,https://www.wikidata.org/wiki/Q24577667#P577,2017-01-24,first public release,https://www.wikidata.org/wiki/Q24577667#P577,earliest_wikidata_release,,not_publicly_disclosed
2017-06-04,2017-06,2017,Best Audio Design,game,Super Mario Odyssey,Super Mario Odyssey,https://en.wikipedia.org/wiki/Super_Mario_Odyssey,0,4,active,Super Mario Odyssey – Nintendo,https://en.wikipedia.org/wiki/The_Game_Awards_2017,Q28234671,2017-10-27,day,https://www.wikidata.org/wiki/Q28234671#P577,2017-10-27,first public release,https://www.wikidata.org/wiki/Q28234671#P577,earliest_wikidata_release,,not_publicly_disclosed
2017-06-05,2017-06,2017,Best Audio Design,game,The Legend of Zelda: Breath of the Wild,The Legend of Zelda: Breath of the Wild,https://en.wikipedia.org/wiki/The_Legend_of_Zelda:_Breath_of_the_Wild,0,5,active,The Legend of Zelda: Breath of the Wild – Nintendo,https://en.wikipedia.org/wiki/The_Game_Awards_2017,Q17185964,2017-03-03,day,https://www.wikidata.org/wiki/Q17185964#P577,2017-03-03,first public release,https://www.wikidata.org/wiki/Q17185964#P577,earliest_wikidata_release,,not_publicly_disclosed
2017-07-01,2017-07,2017,Best Performance,performance,Melina Juergens as Senua,Hellblade: Senua's Sacrifice,https://en.wikipedia.org/wiki/Hellblade:_Senua%27s_Sacrifice,1,1,active,Melina Juergens as Senua – Hellblade: Senua's Sacrifice,https://en.wikipedia.org/wiki/The_Game_Awards_2017,Q18185763,2017-08-08,day,https://www.wikidata.org/wiki/Q18185763#P577,2017-08-08,first public release,https://www.wikidata.org/wiki/Q18185763#P577,earliest_wikidata_release,,not_publicly_disclosed
2017-07-02,2017-07,2017,Best Performance,performance,Ashly Burch as Aloy,Horizon Zero Dawn,https://en.wikipedia.org/wiki/Horizon_Zero_Dawn,0,2,active,Ashly Burch as Aloy – Horizon Zero Dawn,https://en.wikipedia.org/wiki/The_Game_Awards_2017,Q20155528,2017-02-28,day,https://www.wikidata.org/wiki/Q20155528#P577,2017-02-28,first public release,https://www.wikidata.org/wiki/Q20155528#P577,earliest_wikidata_release,,not_publicly_disclosed
2017-07-03,2017-07,2017,Best Performance,performance,Brian Bloom as B.J. Blazkowicz,Wolfenstein II: The New Colossus,https://en.wikipedia.org/wiki/Wolfenstein_II:_The_New_Colossus,0,3,active,Brian Bloom as B.J. Blazkowicz – Wolfenstein II: The New Colossus,https://en.wikipedia.org/wiki/The_Game_Awards_2017,Q30276412,2017-10-27,day,https://www.wikidata.org/wiki/Q30276412#P577,2017-10-27,first public release,https://www.wikidata.org/wiki/Q30276412#P577,earliest_wikidata_release,,not_publicly_disclosed
2017-07-04,2017-07,2017,Best Performance,performance,Claudia Black as Chloe Frazer,Uncharted: The Lost Legacy,https://en.wikipedia.org/wiki/Uncharted:_The_Lost_Legacy,0,4,active,Claudia Black as Chloe Frazer – Uncharted: The Lost Legacy,https://en.wikipedia.org/wiki/The_Game_Awards_2017,Q28088198,2017-08-22,day,https://www.wikidata.org/wiki/Q28088198#P577,2017-08-22,first public release,https://www.wikidata.org/wiki/Q28088198#P577,earliest_wikidata_release,,not_publicly_disclosed
2017-07-05,2017-07,2017,Best Performance,performance,Laura Bailey as Nadine Ross,Uncharted: The Lost Legacy,https://en.wikipedia.org/wiki/Uncharted:_The_Lost_Legacy,0,5,active,Laura Bailey as Nadine Ross – Uncharted: The Lost Legacy,https://en.wikipedia.org/wiki/The_Game_Awards_2017,Q28088198,2017-08-22,day,https://www.wikidata.org/wiki/Q28088198#P577,2017-08-22,first public release,https://www.wikidata.org/wiki/Q28088198#P577,earliest_wikidata_release,,not_publicly_disclosed
2017-08-01,2017-08,2017,Games for Impact,game,Hellblade: Senua's Sacrifice,Hellblade: Senua's Sacrifice,https://en.wikipedia.org/wiki/Hellblade:_Senua%27s_Sacrifice,1,1,active,Hellblade: Senua's Sacrifice – Ninja Theory,https://en.wikipedia.org/wiki/The_Game_Awards_2017,Q18185763,2017-08-08,day,https://www.wikidata.org/wiki/Q18185763#P577,2017-08-08,first public release,https://www.wikidata.org/wiki/Q18185763#P577,earliest_wikidata_release,,not_publicly_disclosed
2017-08-02,2017-08,2017,Games for Impact,game,"Bury Me, My Love","Bury Me, My Love","https://en.wikipedia.org/wiki/Bury_Me,_My_Love",0,2,active,"Bury Me, My Love – The Pixel Hunt",https://en.wikipedia.org/wiki/The_Game_Awards_2017,Q63953247,2017-10-25,day,https://www.wikidata.org/wiki/Q63953247#P577,2017-10-25,first public release,https://www.wikidata.org/wiki/Q63953247#P577,earliest_wikidata_release,,not_publicly_disclosed
2017-08-03,2017-08,2017,Games for Impact,game,Life Is Strange: Before the Storm,Life Is Strange: Before the Storm,https://en.wikipedia.org/wiki/Life_Is_Strange:_Before_the_Storm,0,3,active,Life Is Strange: Before the Storm – Deck Nine,https://en.wikipedia.org/wiki/The_Game_Awards_2017,Q30242632,2017-08-31,day,https://www.wikidata.org/wiki/Q30242632#P577,2017-08-31,first public release,https://www.wikidata.org/wiki/Q30242632#P577,earliest_wikidata_release,,not_publicly_disclosed
2017-08-04,2017-08,2017,Games for Impact,game,Night in the Woods,Night in the Woods,https://en.wikipedia.org/wiki/Night_in_the_Woods,0,4,active,Night in the Woods – Infinite Fall,https://en.wikipedia.org/wiki/The_Game_Awards_2017,Q19383244,2017-02-21,day,https://www.wikidata.org/wiki/Q19383244#P577,2017-02-21,first public release,https://www.wikidata.org/wiki/Q19383244#P577,earliest_wikidata_release,,not_publicly_disclosed
2017-08-05,2017-08,2017,Games for Impact,game,Please Knock on My Door,Please Knock on My Door,,0,5,active,Please Knock on My Door – Levall Games AB,https://en.wikipedia.org/wiki/The_Game_Awards_2017,,,,,,,,no_game_link,,not_publicly_disclosed
2017-08-06,2017-08,2017,Games for Impact,game,What Remains of Edith Finch,What Remains of Edith Finch,https://en.wikipedia.org/wiki/What_Remains_of_Edith_Finch,0,6,active,What Remains of Edith Finch – Giant Sparrow,https://en.wikipedia.org/wiki/The_Game_Awards_2017,Q28451186,2017-04-25,day,https://www.wikidata.org/wiki/Q28451186#P577,2017-04-25,first public release,https://www.wikidata.org/wiki/Q28451186#P577,earliest_wikidata_release,,not_publicly_disclosed
2017-09-01,2017-09,2017,Best Ongoing Game,game,Overwatch,Overwatch,https://en.wikipedia.org/wiki/Overwatch_(2016_video_game),1,1,active,Overwatch – Blizzard Entertainment,https://en.wikipedia.org/wiki/The_Game_Awards_2017,Q18515944,2016-05-24,day,https://www.wikidata.org/wiki/Q18515944#P577,,,,earliest_wikidata_release,,not_publicly_disclosed
2017-09-02,2017-09,2017,Best Ongoing Game,game,Destiny 2,Destiny 2,https://en.wikipedia.org/wiki/Destiny_2,0,2,active,Destiny 2 – Bungie,https://en.wikipedia.org/wiki/The_Game_Awards_2017,Q29045915,2017-09-06,day,https://www.wikidata.org/wiki/Q29045915#P577,2017-09-06,first public release,https://www.wikidata.org/wiki/Q29045915#P577,earliest_wikidata_release,,not_publicly_disclosed
2017-09-03,2017-09,2017,Best Ongoing Game,game,Grand Theft Auto Online,Grand Theft Auto Online,https://en.wikipedia.org/wiki/Grand_Theft_Auto_Online,0,3,active,Grand Theft Auto Online – Rockstar Games,https://en.wikipedia.org/wiki/The_Game_Awards_2017,Q14594724,2013-10-01,day,https://www.wikidata.org/wiki/Q14594724#P577,,,,earliest_wikidata_release,,not_publicly_disclosed
2017-09-04,2017-09,2017,Best Ongoing Game,game,PlayerUnknown's Battlegrounds,PlayerUnknown's Battlegrounds,https://en.wikipedia.org/wiki/PlayerUnknown%27s_Battlegrounds,0,4,active,PlayerUnknown's Battlegrounds – PUBG Corporation,https://en.wikipedia.org/wiki/The_Game_Awards_2017,Q28937399,2017-03-23,day,https://www.wikidata.org/wiki/Q28937399#P577,2017-03-23,first public release,https://www.wikidata.org/wiki/Q28937399#P577,earliest_wikidata_release,,not_publicly_disclosed
2017-09-05,2017-09,2017,Best Ongoing Game,game,Tom Clancy's Rainbow Six Siege,Tom Clancy's Rainbow Six Siege,https://en.wikipedia.org/wiki/Tom_Clancy%27s_Rainbow_Six_Siege,0,5,active,Tom Clancy's Rainbow Six Siege – Ubisoft,https://en.wikipedia.org/wiki/The_Game_Awards_2017,Q17183996,2015-12-01,day,https://www.wikidata.org/wiki/Q17183996#P577,,,,earliest_wikidata_release,,not_publicly_disclosed
2017-09-06,2017-09,2017,Best Ongoing Game,game,Warframe,Warframe,https://en.wikipedia.org/wiki/Warframe,0,6,active,Warframe – Digital Extremes,https://en.wikipedia.org/wiki/The_Game_Awards_2017,Q7969348,2013-03-25,day,https://www.wikidata.org/wiki/Q7969348#P577,,,,earliest_wikidata_release,,not_publicly_disclosed
2017-10-01,2017-10,2017,Best Independent Game,game,Cuphead,Cuphead,https://en.wikipedia.org/wiki/Cuphead,1,1,active,Cuphead – Studio MDHR,https://en.wikipedia.org/wiki/The_Game_Awards_2017,Q18149495,2017-09-29,day,https://www.wikidata.org/wiki/Q18149495#P577,2017-09-29,first public release,https://www.wikidata.org/wiki/Q18149495#P577,earliest_wikidata_release,,not_publicly_disclosed
2017-10-02,2017-10,2017,Best Independent Game,game,Hellblade: Senua's Sacrifice,Hellblade: Senua's Sacrifice,https://en.wikipedia.org/wiki/Hellblade:_Senua%27s_Sacrifice,0,2,active,Hellblade: Senua's Sacrifice – Ninja Theory,https://en.wikipedia.org/wiki/The_Game_Awards_2017,Q18185763,2017-08-08,day,https://www.wikidata.org/wiki/Q18185763#P577,2017-08-08,first public release,https://www.wikidata.org/wiki/Q18185763#P577,earliest_wikidata_release,,not_publicly_disclosed
2017-10-03,2017-10,2017,Best Independent Game,game,Night in the Woods,Night in the Woods,https://en.wikipedia.org/wiki/Night_in_the_Woods,0,3,active,Night in the Woods – Infinite Fall,https://en.wikipedia.org/wiki/The_Game_Awards_2017,Q19383244,2017-02-21,day,https://www.wikidata.org/wiki/Q19383244#P577,2017-02-21,first public release,https://www.wikidata.org/wiki/Q19383244#P577,earliest_wikidata_release,,not_publicly_disclosed
2017-10-04,2017-10,2017,Best Independent Game,game,Pyre,Pyre,https://en.wikipedia.org/wiki/Pyre_(video_game),0,4,active,Pyre – Supergiant Games,https://en.wikipedia.org/wiki/The_Game_Awards_2017,Q23947160,2017-07-25,day,https://www.wikidata.org/wiki/Q23947160#P577,2017-07-25,first public release,https://www.wikidata.org/wiki/Q23947160#P577,earliest_wikidata_release,,not_publicly_disclosed
2017-10-05,2017-10,2017,Best Independent Game,game,What Remains of Edith Finch,What Remains of Edith Finch,https://en.wikipedia.org/wiki/What_Remains_of_Edith_Finch,0,5,active,What Remains of Edith Finch – Giant Sparrow,https://en.wikipedia.org/wiki/The_Game_Awards_2017,Q28451186,2017-04-25,day,https://www.wikidata.org/wiki/Q28451186#P577,2017-04-25,first public release,https://www.wikidata.org/wiki/Q28451186#P577,earliest_wikidata_release,,not_publicly_disclosed
2017-11-01,2017-11,2017,Best Mobile Game,game,Monument Valley 2,Monument Valley 2,https://en.wikipedia.org/wiki/Monument_Valley_2,1,1,active,Monument Valley 2 – ustwo games,https://en.wikipedia.org/wiki/The_Game_Awards_2017,Q30140600,2017-06-05,day,https://www.wikidata.org/wiki/Q30140600#P577,2017-06-05,first public release,https://www.wikidata.org/wiki/Q30140600#P577,earliest_wikidata_release,,not_publicly_disclosed
2017-11-02,2017-11,2017,Best Mobile Game,game,Fire Emblem Heroes,Fire Emblem Heroes,https://en.wikipedia.org/wiki/Fire_Emblem_Heroes,0,2,active,Fire Emblem Heroes – Intelligent Systems,https://en.wikipedia.org/wiki/The_Game_Awards_2017,Q28382640,2017-02-02,day,https://www.wikidata.org/wiki/Q28382640#P577,2017-02-02,first public release,https://www.wikidata.org/wiki/Q28382640#P577,earliest_wikidata_release,,not_publicly_disclosed
2017-11-03,2017-11,2017,Best Mobile Game,game,Hidden Folks,Hidden Folks,https://en.wikipedia.org/wiki/Hidden_Folks,0,3,active,Hidden Folks – Adriaan de Jongh and Sylvain Tegroeg,https://en.wikipedia.org/wiki/The_Game_Awards_2017,Q28797354,2017-02-15,day,https://www.wikidata.org/wiki/Q28797354#P577,2017-02-15,first public release,https://www.wikidata.org/wiki/Q28797354#P577,earliest_wikidata_release,,not_publicly_disclosed
2017-11-04,2017-11,2017,Best Mobile Game,game,Old Man's Journey,Old Man's Journey,https://en.wikipedia.org/wiki/Old_Man%27s_Journey,0,4,active,Old Man's Journey – Broken Rules,https://en.wikipedia.org/wiki/The_Game_Awards_2017,Q30640499,2017-05-17,day,https://www.wikidata.org/wiki/Q30640499#P577,2017-05-17,first public release,https://www.wikidata.org/wiki/Q30640499#P577,earliest_wikidata_release,,not_publicly_disclosed
2017-11-05,2017-11,2017,Best Mobile Game,game,Super Mario Run,Super Mario Run,https://en.wikipedia.org/wiki/Super_Mario_Run,0,5,active,Super Mario Run – Nintendo,https://en.wikipedia.org/wiki/The_Game_Awards_2017,Q26831232,2016-12-15,day,https://www.wikidata.org/wiki/Q26831232#P577,,,,earliest_wikidata_release,,not_publicly_disclosed
2017-12-01,2017-12,2017,Best Handheld Game,game,Metroid: Samus Returns,Metroid: Samus Returns,https://en.wikipedia.org/wiki/Metroid:_Samus_Returns,1,1,active,Metroid: Samus Returns – MercurySteam / Nintendo,https://en.wikipedia.org/wiki/The_Game_Awards_2017,Q30325600,2017-09-15,day,https://www.wikidata.org/wiki/Q30325600#P577,2017-09-15,first public release,https://www.wikidata.org/wiki/Q30325600#P577,earliest_wikidata_release,,not_publicly_disclosed
2017-12-02,2017-12,2017,Best Handheld Game,game,Ever Oasis,Ever Oasis,https://en.wikipedia.org/wiki/Ever_Oasis,0,2,active,Ever Oasis – Grezzo,https://en.wikipedia.org/wiki/The_Game_Awards_2017,Q24807252,2017,year,https://www.wikidata.org/wiki/Q24807252#P577,,,,earliest_wikidata_release,,not_publicly_disclosed
2017-12-03,2017-12,2017,Best Handheld Game,game,Fire Emblem Echoes: Shadows of Valentia,Fire Emblem Echoes: Shadows of Valentia,https://en.wikipedia.org/wiki/Fire_Emblem_Echoes:_Shadows_of_Valentia,0,3,active,Fire Emblem Echoes: Shadows of Valentia – Intelligent Systems,https://en.wikipedia.org/wiki/The_Game_Awards_2017,Q28450801,2017-04-20,day,https://www.wikidata.org/wiki/Q28450801#P577,2017-04-20,first public release,https://www.wikidata.org/wiki/Q28450801#P577,earliest_wikidata_release,,not_publicly_disclosed
2017-12-04,2017-12,2017,Best Handheld Game,game,Monster Hunter Stories,Monster Hunter Stories,https://en.wikipedia.org/wiki/Monster_Hunter_Stories,0,4,active,Monster Hunter Stories – Marvelous Entertainment,https://en.wikipedia.org/wiki/The_Game_Awards_2017,Q26157961,2016-10-08,day,https://www.wikidata.org/wiki/Q26157961#P577,,,,earliest_wikidata_release,,not_publicly_disclosed
2017-12-05,2017-12,2017,Best Handheld Game,game,Poochy and Yoshi's Woolly World,Poochy and Yoshi's Woolly World,https://en.wikipedia.org/wiki/Poochy_and_Yoshi%27s_Woolly_World,0,5,active,Poochy and Yoshi's Woolly World – Good-Feel,https://en.wikipedia.org/wiki/The_Game_Awards_2017,Q11955503,2015-06-25,day,https://www.wikidata.org/wiki/Q11955503#P577,,,,earliest_wikidata_release,,not_publicly_disclosed
2017-13-01,2017-13,2017,Best VR/AR Game,game,Resident Evil 7: Biohazard,Resident Evil 7: Biohazard,https://en.wikipedia.org/wiki/Resident_Evil_7:_Biohazard,1,1,active,Resident Evil 7: Biohazard – Capcom,https://en.wikipedia.org/wiki/The_Game_Awards_2017,Q24577667,2017-01-24,day,https://www.wikidata.org/wiki/Q24577667#P577,2017-01-24,first public release,https://www.wikidata.org/wiki/Q24577667#P577,earliest_wikidata_release,,not_publicly_disclosed
2017-13-02,2017-13,2017,Best VR/AR Game,game,Farpoint,Farpoint,https://en.wikipedia.org/wiki/Farpoint_(video_game),0,2,active,Farpoint – Impulse Gear,https://en.wikipedia.org/wiki/The_Game_Awards_2017,Q42317400,2017-05-16,day,https://www.wikidata.org/wiki/Q42317400#P577,2017-05-16,first public release,https://www.wikidata.org/wiki/Q42317400#P577,earliest_wikidata_release,,not_publicly_disclosed
2017-13-03,2017-13,2017,Best VR/AR Game,game,Lone Echo,Lone Echo,https://en.wikipedia.org/wiki/Lone_Echo,0,3,active,Lone Echo – Ready at Dawn,https://en.wikipedia.org/wiki/The_Game_Awards_2017,Q33256940,2017,year,https://www.wikidata.org/wiki/Q33256940#P577,,,,earliest_wikidata_release,,not_publicly_disclosed
2017-13-04,2017-13,2017,Best VR/AR Game,game,Star Trek: Bridge Crew,Star Trek: Bridge Crew,https://en.wikipedia.org/wiki/Star_Trek:_Bridge_Crew,0,4,active,Star Trek: Bridge Crew – Red Storm Entertainment,https://en.wikipedia.org/wiki/The_Game_Awards_2017,Q28312015,2017-05-29,day,https://www.wikidata.org/wiki/Q28312015#P577,2017-05-29,first public release,https://www.wikidata.org/wiki/Q28312015#P577,earliest_wikidata_release,,not_publicly_disclosed
2017-13-05,2017-13,2017,Best VR/AR Game,game,Superhot VR,Superhot VR,https://en.wikipedia.org/wiki/Superhot_VR,0,5,active,Superhot VR – Superhot Team,https://en.wikipedia.org/wiki/The_Game_Awards_2017,Q16267745,2016-02-25,day,https://www.wikidata.org/wiki/Q16267745#P577,,,,earliest_wikidata_release,,not_publicly_disclosed
2017-14-01,2017-14,2017,Best Action Game,game,Wolfenstein II: The New Colossus,Wolfenstein II: The New Colossus,https://en.wikipedia.org/wiki/Wolfenstein_II:_The_New_Colossus,1,1,active,Wolfenstein II: The New Colossus – MachineGames / Bethesda Softworks,https://en.wikipedia.org/wiki/The_Game_Awards_2017,Q30276412,2017-10-27,day,https://www.wikidata.org/wiki/Q30276412#P577,2017-10-27,first public release,https://www.wikidata.org/wiki/Q30276412#P577,earliest_wikidata_release,,not_publicly_disclosed
2017-14-02,2017-14,2017,Best Action Game,game,Cuphead,Cuphead,https://en.wikipedia.org/wiki/Cuphead,0,2,active,Cuphead – Studio MDHR,https://en.wikipedia.org/wiki/The_Game_Awards_2017,Q18149495,2017-09-29,day,https://www.wikidata.org/wiki/Q18149495#P577,2017-09-29,first public release,https://www.wikidata.org/wiki/Q18149495#P577,earliest_wikidata_release,,not_publicly_disclosed
2017-14-03,2017-14,2017,Best Action Game,game,Destiny 2,Destiny 2,https://en.wikipedia.org/wiki/Destiny_2,0,3,active,Destiny 2 – Bungie/Activision,https://en.wikipedia.org/wiki/The_Game_Awards_2017,Q29045915,2017-09-06,day,https://www.wikidata.org/wiki/Q29045915#P577,2017-09-06,first public release,https://www.wikidata.org/wiki/Q29045915#P577,earliest_wikidata_release,,not_publicly_disclosed
2017-14-04,2017-14,2017,Best Action Game,game,Nioh,Nioh,https://en.wikipedia.org/wiki/Nioh,0,4,active,Nioh – Team Ninja,https://en.wikipedia.org/wiki/The_Game_Awards_2017,Q7023416,2017-02-07,day,https://www.wikidata.org/wiki/Q7023416#P577,2017-02-07,first public release,https://www.wikidata.org/wiki/Q7023416#P577,earliest_wikidata_release,,not_publicly_disclosed
2017-14-05,2017-14,2017,Best Action Game,game,Prey,Prey,https://en.wikipedia.org/wiki/Prey_(2017_video_game),0,5,active,Prey – Arkane Studios / Bethesda Softworks,https://en.wikipedia.org/wiki/The_Game_Awards_2017,Q4047343,2017-05-05,day,https://www.wikidata.org/wiki/Q4047343#P577,2017-05-05,first public release,https://www.wikidata.org/wiki/Q4047343#P577,earliest_wikidata_release,,not_publicly_disclosed
2017-15-01,2017-15,2017,Best Action/Adventure,game,The Legend of Zelda: Breath of the Wild,The Legend of Zelda: Breath of the Wild,https://en.wikipedia.org/wiki/The_Legend_of_Zelda:_Breath_of_the_Wild,1,1,active,The Legend of Zelda: Breath of the Wild – Nintendo,https://en.wikipedia.org/wiki/The_Game_Awards_2017,Q17185964,2017-03-03,day,https://www.wikidata.org/wiki/Q17185964#P577,2017-03-03,first public release,https://www.wikidata.org/wiki/Q17185964#P577,earliest_wikidata_release,,not_publicly_disclosed
2017-15-02,2017-15,2017,Best Action/Adventure,game,Assassin's Creed: Origins,Assassin's Creed: Origins,https://en.wikipedia.org/wiki/Assassin%27s_Creed:_Origins,0,2,active,Assassin's Creed: Origins – Ubisoft,https://en.wikipedia.org/wiki/The_Game_Awards_2017,Q30138024,2017-10-27,day,https://www.wikidata.org/wiki/Q30138024#P577,2017-10-27,first public release,https://www.wikidata.org/wiki/Q30138024#P577,earliest_wikidata_release,,not_publicly_disclosed
2017-15-03,2017-15,2017,Best Action/Adventure,game,Horizon Zero Dawn,Horizon Zero Dawn,https://en.wikipedia.org/wiki/Horizon_Zero_Dawn,0,3,active,Horizon Zero Dawn – Guerrilla Games / Sony Interactive Entertainment,https://en.wikipedia.org/wiki/The_Game_Awards_2017,Q20155528,2017-02-28,day,https://www.wikidata.org/wiki/Q20155528#P577,2017-02-28,first public release,https://www.wikidata.org/wiki/Q20155528#P577,earliest_wikidata_release,,not_publicly_disclosed
2017-15-04,2017-15,2017,Best Action/Adventure,game,Super Mario Odyssey,Super Mario Odyssey,https://en.wikipedia.org/wiki/Super_Mario_Odyssey,0,4,active,Super Mario Odyssey – Nintendo,https://en.wikipedia.org/wiki/The_Game_Awards_2017,Q28234671,2017-10-27,day,https://www.wikidata.org/wiki/Q28234671#P577,2017-10-27,first public release,https://www.wikidata.org/wiki/Q28234671#P577,earliest_wikidata_release,,not_publicly_disclosed
2017-15-05,2017-15,2017,Best Action/Adventure,game,Uncharted: The Lost Legacy,Uncharted: The Lost Legacy,https://en.wikipedia.org/wiki/Uncharted:_The_Lost_Legacy,0,5,active,Uncharted: The Lost Legacy – Naughty Dog / Sony Interactive Entertainment,https://en.wikipedia.org/wiki/The_Game_Awards_2017,Q28088198,2017-08-22,day,https://www.wikidata.org/wiki/Q28088198#P577,2017-08-22,first public release,https://www.wikidata.org/wiki/Q28088198#P577,earliest_wikidata_release,,not_publicly_disclosed
2017-16-01,2017-16,2017,Best Role Playing Game,game,Persona 5,Persona 5,https://en.wikipedia.org/wiki/Persona_5,1,1,active,Persona 5 – Atlus,https://en.wikipedia.org/wiki/The_Game_Awards_2017,Q15225985,2016-09-15,day,https://www.wikidata.org/wiki/Q15225985#P577,2017-04-04,worldwide release after 2016 Japanese launch,https://en.wikipedia.org/wiki/Persona_5,earliest_wikidata_release,,not_publicly_disclosed
2017-16-02,2017-16,2017,Best Role Playing Game,game,Divinity: Original Sin II,Divinity: Original Sin II,https://en.wikipedia.org/wiki/Divinity:_Original_Sin_II,0,2,active,Divinity: Original Sin II – Larian Studios,https://en.wikipedia.org/wiki/The_Game_Awards_2017,Q20899735,2017-09-14,day,https://www.wikidata.org/wiki/Q20899735#P577,2017-09-14,first public release,https://www.wikidata.org/wiki/Q20899735#P577,earliest_wikidata_release,,not_publicly_disclosed
2017-16-03,2017-16,2017,Best Role Playing Game,game,Final Fantasy XV,Final Fantasy XV,https://en.wikipedia.org/wiki/Final_Fantasy_XV,0,3,active,Final Fantasy XV – Square Enix,https://en.wikipedia.org/wiki/The_Game_Awards_2017,Q1779100,2016-11-29,day,https://www.wikidata.org/wiki/Q1779100#P577,,,,earliest_wikidata_release,,not_publicly_disclosed
2017-16-04,2017-16,2017,Best Role Playing Game,game,Nier: Automata,Nier: Automata,https://en.wikipedia.org/wiki/Nier:_Automata,0,4,active,Nier: Automata – PlatinumGames / Square Enix,https://en.wikipedia.org/wiki/The_Game_Awards_2017,Q21078985,2017-02-23,day,https://www.wikidata.org/wiki/Q21078985#P577,2017-02-23,first public release,https://www.wikidata.org/wiki/Q21078985#P577,earliest_wikidata_release,,not_publicly_disclosed
2017-16-05,2017-16,2017,Best Role Playing Game,game,South Park: The Fractured but Whole,South Park: The Fractured but Whole,https://en.wikipedia.org/wiki/South_Park:_The_Fractured_but_Whole,0,5,active,South Park: The Fractured but Whole – Ubisoft,https://en.wikipedia.org/wiki/The_Game_Awards_2017,Q21083982,2017-10-17,day,https://www.wikidata.org/wiki/Q21083982#P577,2017-10-17,first public release,https://www.wikidata.org/wiki/Q21083982#P577,earliest_wikidata_release,,not_publicly_disclosed
2017-17-01,2017-17,2017,Best Fighting Game,game,Injustice 2,Injustice 2,https://en.wikipedia.org/wiki/Injustice_2,1,1,active,Injustice 2 – NetherRealm Studios,https://en.wikipedia.org/wiki/The_Game_Awards_2017,Q24717189,2017-05-11,day,https://www.wikidata.org/wiki/Q24717189#P577,2017-05-11,first public release,https://www.wikidata.org/wiki/Q24717189#P577,earliest_wikidata_release,,not_publicly_disclosed
2017-17-02,2017-17,2017,Best Fighting Game,game,ARMS,ARMS,https://en.wikipedia.org/wiki/Arms_(video_game),0,2,active,ARMS – Nintendo,https://en.wikipedia.org/wiki/The_Game_Awards_2017,Q28312454,2017-06-16,day,https://www.wikidata.org/wiki/Q28312454#P577,2017-06-16,first public release,https://www.wikidata.org/wiki/Q28312454#P577,earliest_wikidata_release,,not_publicly_disclosed
2017-17-03,2017-17,2017,Best Fighting Game,game,Marvel vs. Capcom: Infinite,Marvel vs. Capcom: Infinite,https://en.wikipedia.org/wiki/Marvel_vs._Capcom:_Infinite,0,3,active,Marvel vs. Capcom: Infinite – Capcom,https://en.wikipedia.org/wiki/The_Game_Awards_2017,Q27971937,2017-09,month,https://www.wikidata.org/wiki/Q27971937#P577,,,,earliest_wikidata_release,,not_publicly_disclosed
2017-17-04,2017-17,2017,Best Fighting Game,game,Nidhogg 2,Nidhogg 2,https://en.wikipedia.org/wiki/Nidhogg_2,0,4,active,Nidhogg 2 – Messhof Games,https://en.wikipedia.org/wiki/The_Game_Awards_2017,Q37509830,2017,year,https://www.wikidata.org/wiki/Q37509830#P577,,,,earliest_wikidata_release,,not_publicly_disclosed
2017-17-05,2017-17,2017,Best Fighting Game,game,Tekken 7,Tekken 7,https://en.wikipedia.org/wiki/Tekken_7,0,5,active,Tekken 7 – Bandai Namco,https://en.wikipedia.org/wiki/The_Game_Awards_2017,Q17378799,2015-03-18,day,https://www.wikidata.org/wiki/Q17378799#P577,,,,earliest_wikidata_release,,not_publicly_disclosed
2017-18-01,2017-18,2017,Best Family Game,game,Super Mario Odyssey,Super Mario Odyssey,https://en.wikipedia.org/wiki/Super_Mario_Odyssey,1,1,active,Super Mario Odyssey – Nintendo,https://en.wikipedia.org/wiki/The_Game_Awards_2017,Q28234671,2017-10-27,day,https://www.wikidata.org/wiki/Q28234671#P577,2017-10-27,first public release,https://www.wikidata.org/wiki/Q28234671#P577,earliest_wikidata_release,,not_publicly_disclosed
2017-18-02,2017-18,2017,Best Family Game,game,Mario Kart 8 Deluxe,Mario Kart 8 Deluxe,https://en.wikipedia.org/wiki/Mario_Kart_8_Deluxe,0,2,active,"Mario Kart 8 Deluxe – Nintendo , Bandai Namco",https://en.wikipedia.org/wiki/The_Game_Awards_2017,Q28321447,2017-04-28,day,https://www.wikidata.org/wiki/Q28321447#P577,2017-04-28,first public release,https://www.wikidata.org/wiki/Q28321447#P577,earliest_wikidata_release,,not_publicly_disclosed
2017-18-03,2017-18,2017,Best Family Game,game,Mario + Rabbids Kingdom Battle,Mario + Rabbids Kingdom Battle,https://en.wikipedia.org/wiki/Mario_%2B_Rabbids_Kingdom_Battle,0,3,active,Mario + Rabbids Kingdom Battle – Ubisoft,https://en.wikipedia.org/wiki/The_Game_Awards_2017,Q30246427,2017-08-29,day,https://www.wikidata.org/wiki/Q30246427#P577,2017-08-29,first public release,https://www.wikidata.org/wiki/Q30246427#P577,earliest_wikidata_release,,not_publicly_disclosed
2017-18-04,2017-18,2017,Best Family Game,game,Sonic Mania,Sonic Mania,https://en.wikipedia.org/wiki/Sonic_Mania,0,4,active,"Sonic Mania – Christian Whitehead , PagodaWest Games, Headcannon",https://en.wikipedia.org/wiki/The_Game_Awards_2017,Q25991770,2017-08-15,day,https://www.wikidata.org/wiki/Q25991770#P577,2017-08-15,first public release,https://www.wikidata.org/wiki/Q25991770#P577,earliest_wikidata_release,,not_publicly_disclosed
2017-18-05,2017-18,2017,Best Family Game,game,Splatoon 2,Splatoon 2,https://en.wikipedia.org/wiki/Splatoon_2,0,5,active,Splatoon 2 – Nintendo,https://en.wikipedia.org/wiki/The_Game_Awards_2017,Q28129061,2017-07-21,day,https://www.wikidata.org/wiki/Q28129061#P577,2017-07-21,first public release,https://www.wikidata.org/wiki/Q28129061#P577,earliest_wikidata_release,,not_publicly_disclosed
2017-19-01,2017-19,2017,Best Strategy Game,game,Mario + Rabbids Kingdom Battle,Mario + Rabbids Kingdom Battle,https://en.wikipedia.org/wiki/Mario_%2B_Rabbids_Kingdom_Battle,1,1,active,Mario + Rabbids Kingdom Battle – Ubisoft,https://en.wikipedia.org/wiki/The_Game_Awards_2017,Q30246427,2017-08-29,day,https://www.wikidata.org/wiki/Q30246427#P577,2017-08-29,first public release,https://www.wikidata.org/wiki/Q30246427#P577,earliest_wikidata_release,,not_publicly_disclosed
2017-19-02,2017-19,2017,Best Strategy Game,game,Halo Wars 2,Halo Wars 2,https://en.wikipedia.org/wiki/Halo_Wars_2,0,2,active,Halo Wars 2 – Creative Assembly and 343 Industries,https://en.wikipedia.org/wiki/The_Game_Awards_2017,Q20831013,2017-02-21,day,https://www.wikidata.org/wiki/Q20831013#P577,2017-02-21,first public release,https://www.wikidata.org/wiki/Q20831013#P577,earliest_wikidata_release,,not_publicly_disclosed
2017-19-03,2017-19,2017,Best Strategy Game,game,Total War: Warhammer II,Total War: Warhammer II,https://en.wikipedia.org/wiki/Total_War:_Warhammer_II,0,3,active,Total War: Warhammer II – Creative Assembly,https://en.wikipedia.org/wiki/The_Game_Awards_2017,Q29061507,2017-09-28,day,https://www.wikidata.org/wiki/Q29061507#P577,2017-09-28,first public release,https://www.wikidata.org/wiki/Q29061507#P577,earliest_wikidata_release,,not_publicly_disclosed
2017-19-04,2017-19,2017,Best Strategy Game,game,Tooth and Tail,Tooth and Tail,https://en.wikipedia.org/wiki/Tooth_and_Tail,0,4,active,Tooth and Tail – Pocketwatch Games,https://en.wikipedia.org/wiki/The_Game_Awards_2017,Q39266330,2017-09-12,day,https://www.wikidata.org/wiki/Q39266330#P577,2017-09-12,first public release,https://www.wikidata.org/wiki/Q39266330#P577,earliest_wikidata_release,,not_publicly_disclosed
2017-19-05,2017-19,2017,Best Strategy Game,game,XCOM 2: War of the Chosen,XCOM 2: War of the Chosen,https://en.wikipedia.org/wiki/XCOM_2:_War_of_the_Chosen,0,5,active,XCOM 2: War of the Chosen – Firaxis Games,https://en.wikipedia.org/wiki/The_Game_Awards_2017,Q39052928,2017-08-29,day,https://www.wikidata.org/wiki/Q39052928#P577,2017-08-29,first public release,https://www.wikidata.org/wiki/Q39052928#P577,earliest_wikidata_release,,not_publicly_disclosed
2017-20-01,2017-20,2017,Best Sports/Racing Game,game,Forza Motorsport 7,Forza Motorsport 7,https://en.wikipedia.org/wiki/Forza_Motorsport_7,1,1,active,Forza Motorsport 7 – Turn 10 Studios,https://en.wikipedia.org/wiki/The_Game_Awards_2017,Q30339213,2017-10-03,day,https://www.wikidata.org/wiki/Q30339213#P577,2017-10-03,first public release,https://www.wikidata.org/wiki/Q30339213#P577,earliest_wikidata_release,,not_publicly_disclosed
2017-20-02,2017-20,2017,Best Sports/Racing Game,game,FIFA 18,FIFA 18,https://en.wikipedia.org/wiki/FIFA_18,0,2,active,FIFA 18 – EA Vancouver,https://en.wikipedia.org/wiki/The_Game_Awards_2017,Q30138107,2017-09-29,day,https://www.wikidata.org/wiki/Q30138107#P577,2017-09-29,first public release,https://www.wikidata.org/wiki/Q30138107#P577,earliest_wikidata_release,,not_publicly_disclosed
2017-20-03,2017-20,2017,Best Sports/Racing Game,game,Gran Turismo Sport,Gran Turismo Sport,https://en.wikipedia.org/wiki/Gran_Turismo_Sport,0,3,active,Gran Turismo Sport – Polyphony Digital,https://en.wikipedia.org/wiki/The_Game_Awards_2017,Q21563294,2017-10,month,https://www.wikidata.org/wiki/Q21563294#P577,,,,earliest_wikidata_release,,not_publicly_disclosed
2017-20-04,2017-20,2017,Best Sports/Racing Game,game,NBA 2K18,NBA 2K18,https://en.wikipedia.org/wiki/NBA_2K18,0,4,active,NBA 2K18 – Visual Concepts,https://en.wikipedia.org/wiki/The_Game_Awards_2017,Q30203644,2017-09-19,day,https://www.wikidata.org/wiki/Q30203644#P577,2017-09-19,first public release,https://www.wikidata.org/wiki/Q30203644#P577,earliest_wikidata_release,,not_publicly_disclosed
2017-20-05,2017-20,2017,Best Sports/Racing Game,game,Pro Evolution Soccer 2018,Pro Evolution Soccer 2018,https://en.wikipedia.org/wiki/Pro_Evolution_Soccer_2018,0,5,active,Pro Evolution Soccer 2018 – Konami,https://en.wikipedia.org/wiki/The_Game_Awards_2017,Q28678483,2017,year,https://www.wikidata.org/wiki/Q28678483#P577,,,,earliest_wikidata_release,,not_publicly_disclosed
2017-20-06,2017-20,2017,Best Sports/Racing Game,game,Project Cars 2,Project Cars 2,https://en.wikipedia.org/wiki/Project_Cars_2,0,6,active,Project Cars 2 – Slightly Mad Studios,https://en.wikipedia.org/wiki/The_Game_Awards_2017,Q31086405,2017-09-22,day,https://www.wikidata.org/wiki/Q31086405#P577,2017-09-22,first public release,https://www.wikidata.org/wiki/Q31086405#P577,earliest_wikidata_release,,not_publicly_disclosed
2017-21-01,2017-21,2017,Best Multiplayer,game,PlayerUnknown's Battlegrounds,PlayerUnknown's Battlegrounds,https://en.wikipedia.org/wiki/PlayerUnknown%27s_Battlegrounds,1,1,active,PlayerUnknown's Battlegrounds – PUBG Corporation,https://en.wikipedia.org/wiki/The_Game_Awards_2017,Q28937399,2017-03-23,day,https://www.wikidata.org/wiki/Q28937399#P577,2017-03-23,first public release,https://www.wikidata.org/wiki/Q28937399#P577,earliest_wikidata_release,,not_publicly_disclosed
2017-21-02,2017-21,2017,Best Multiplayer,game,Call of Duty: WWII,Call of Duty: WWII,https://en.wikipedia.org/wiki/Call_of_Duty:_WWII,0,2,active,Call of Duty: WWII – Sledgehammer Games / Activision,https://en.wikipedia.org/wiki/The_Game_Awards_2017,Q29577137,2017-11-03,day,https://www.wikidata.org/wiki/Q29577137#P577,2017-11-03,first public release,https://www.wikidata.org/wiki/Q29577137#P577,earliest_wikidata_release,,not_publicly_disclosed
2017-21-03,2017-21,2017,Best Multiplayer,game,Destiny 2,Destiny 2,https://en.wikipedia.org/wiki/Destiny_2,0,3,active,Destiny 2 – Bungie / Activision,https://en.wikipedia.org/wiki/The_Game_Awards_2017,Q29045915,2017-09-06,day,https://www.wikidata.org/wiki/Q29045915#P577,2017-09-06,first public release,https://www.wikidata.org/wiki/Q29045915#P577,earliest_wikidata_release,,not_publicly_disclosed
2017-21-04,2017-21,2017,Best Multiplayer,game,Fortnite,Fortnite,https://en.wikipedia.org/wiki/Fortnite,0,4,active,Fortnite – Epic Games,https://en.wikipedia.org/wiki/The_Game_Awards_2017,Q349375,2017-07-25,day,https://www.wikidata.org/wiki/Q349375#P577,2017-07-25,first public release,https://www.wikidata.org/wiki/Q349375#P577,earliest_wikidata_release,,not_publicly_disclosed
2017-21-05,2017-21,2017,Best Multiplayer,game,Mario Kart 8 Deluxe,Mario Kart 8 Deluxe,https://en.wikipedia.org/wiki/Mario_Kart_8_Deluxe,0,5,active,Mario Kart 8 Deluxe – Nintendo,https://en.wikipedia.org/wiki/The_Game_Awards_2017,Q28321447,2017-04-28,day,https://www.wikidata.org/wiki/Q28321447#P577,2017-04-28,first public release,https://www.wikidata.org/wiki/Q28321447#P577,earliest_wikidata_release,,not_publicly_disclosed
2017-21-06,2017-21,2017,Best Multiplayer,game,Splatoon 2,Splatoon 2,https://en.wikipedia.org/wiki/Splatoon_2,0,6,active,Splatoon 2 – Nintendo,https://en.wikipedia.org/wiki/The_Game_Awards_2017,Q28129061,2017-07-21,day,https://www.wikidata.org/wiki/Q28129061#P577,2017-07-21,first public release,https://www.wikidata.org/wiki/Q28129061#P577,earliest_wikidata_release,,not_publicly_disclosed
2017-22-01,2017-22,2017,Student Game Award,game,Level Squared,Level Squared,,1,1,active,"Level Squared – Kip Brennan, Stephen Scoglio, and Dane Perry Svendsen, Swinburne University",https://en.wikipedia.org/wiki/The_Game_Awards_2017,,,,,,,,no_game_link,,not_publicly_disclosed
2017-22-02,2017-22,2017,Student Game Award,game,Falling Sky,Falling Sky,,0,2,active,"Falling Sky – Jonathan Nielssen, Nikolay Savov, and Mohsen Shah, National Film and Television School",https://en.wikipedia.org/wiki/The_Game_Awards_2017,,,,,,,,no_game_link,,not_publicly_disclosed
2017-22-03,2017-22,2017,Student Game Award,game,From Light,From Light,,0,3,active,"From Light – Alejandro Grossman, Steven Li, and Sherveen Uduwana, University of Southern California",https://en.wikipedia.org/wiki/The_Game_Awards_2017,,,,,,,,no_game_link,,not_publicly_disclosed
2017-22-04,2017-22,2017,Student Game Award,game,Hollowed,Hollowed,,0,4,active,"Hollowed – Erin Marek, Jerrick Flores, and Charley Choucard, University of Central Florida",https://en.wikipedia.org/wiki/The_Game_Awards_2017,,,,,,,,no_game_link,,not_publicly_disclosed
2017-22-05,2017-22,2017,Student Game Award,game,Impulsion,Impulsion,,0,5,active,"Impulsion – Hugo Verger, Remi Bertrand, and Maxime Lupinski, Institut de l'Internet et du Multimédia",https://en.wikipedia.org/wiki/The_Game_Awards_2017,,,,,,,,no_game_link,,not_publicly_disclosed
2017-22-06,2017-22,2017,Student Game Award,game,Meaning,Meaning,,0,6,active,"Meaning – Hariz Yet, DigiPen Institute of Technology Singapore",https://en.wikipedia.org/wiki/The_Game_Awards_2017,,,,,,,,no_game_link,,not_publicly_disclosed
2017-23-01,2017-23,2017,Best Debut Indie Game,game,Cuphead,Cuphead,https://en.wikipedia.org/wiki/Cuphead,1,1,active,Cuphead – Studio MDHR,https://en.wikipedia.org/wiki/The_Game_Awards_2017,Q18149495,2017-09-29,day,https://www.wikidata.org/wiki/Q18149495#P577,2017-09-29,first public release,https://www.wikidata.org/wiki/Q18149495#P577,earliest_wikidata_release,,not_publicly_disclosed
2017-23-02,2017-23,2017,Best Debut Indie Game,game,Golf Story,Golf Story,https://en.wikipedia.org/wiki/Golf_Story,0,2,active,Golf Story – Sidebar Games,https://en.wikipedia.org/wiki/The_Game_Awards_2017,Q41734090,2017-09-28,day,https://www.wikidata.org/wiki/Q41734090#P577,2017-09-28,first public release,https://www.wikidata.org/wiki/Q41734090#P577,earliest_wikidata_release,,not_publicly_disclosed
2017-23-03,2017-23,2017,Best Debut Indie Game,game,Hollow Knight,Hollow Knight,https://en.wikipedia.org/wiki/Hollow_Knight,0,3,active,Hollow Knight – Team Cherry,https://en.wikipedia.org/wiki/The_Game_Awards_2017,Q29300592,2017-02-24,day,https://www.wikidata.org/wiki/Q29300592#P577,2017-02-24,first public release,https://www.wikidata.org/wiki/Q29300592#P577,earliest_wikidata_release,,not_publicly_disclosed
2017-23-04,2017-23,2017,Best Debut Indie Game,game,Mr. Shifty,Mr. Shifty,https://en.wikipedia.org/wiki/Mr._Shifty,0,4,active,Mr. Shifty – Team Shifty,https://en.wikipedia.org/wiki/The_Game_Awards_2017,Q29564219,2017-04-13,day,https://www.wikidata.org/wiki/Q29564219#P577,2017-04-13,first public release,https://www.wikidata.org/wiki/Q29564219#P577,earliest_wikidata_release,,not_publicly_disclosed
2017-23-05,2017-23,2017,Best Debut Indie Game,game,Slime Rancher,Slime Rancher,https://en.wikipedia.org/wiki/Slime_Rancher,0,5,active,Slime Rancher – Monomi Park,https://en.wikipedia.org/wiki/The_Game_Awards_2017,Q22344828,2017-08-01,day,https://www.wikidata.org/wiki/Q22344828#P577,2017-08-01,first public release,https://www.wikidata.org/wiki/Q22344828#P577,earliest_wikidata_release,,not_publicly_disclosed
2017-24-01,2017-24,2017,Most Anticipated Game,unreleased_game,The Last of Us Part II,The Last of Us Part II,https://en.wikipedia.org/wiki/The_Last_of_Us_Part_II,1,1,active,The Last of Us Part II – Naughty Dog,https://en.wikipedia.org/wiki/The_Game_Awards_2017,Q27950674,2020-06-19,day,https://www.wikidata.org/wiki/Q27950674#P577,,,,earliest_wikidata_release,,not_publicly_disclosed
2017-24-02,2017-24,2017,Most Anticipated Game,unreleased_game,God of War,God of War,https://en.wikipedia.org/wiki/God_of_War_(2018_video_game),0,2,active,God of War – Santa Monica Studio,https://en.wikipedia.org/wiki/The_Game_Awards_2017,Q18345138,2018-04-20,day,https://www.wikidata.org/wiki/Q18345138#P577,,,,earliest_wikidata_release,,not_publicly_disclosed
2017-24-03,2017-24,2017,Most Anticipated Game,unreleased_game,Marvel's Spider-Man,Marvel's Spider-Man,https://en.wikipedia.org/wiki/Marvel%27s_Spider-Man_(video_game),0,3,active,Marvel's Spider-Man – Insomniac Games,https://en.wikipedia.org/wiki/The_Game_Awards_2017,Q25340029,2018-09-07,day,https://www.wikidata.org/wiki/Q25340029#P577,,,,earliest_wikidata_release,,not_publicly_disclosed
2017-24-04,2017-24,2017,Most Anticipated Game,unreleased_game,Monster Hunter: World,Monster Hunter: World,https://en.wikipedia.org/wiki/Monster_Hunter:_World,0,4,active,Monster Hunter: World – Capcom,https://en.wikipedia.org/wiki/The_Game_Awards_2017,Q30252256,2018-01-26,day,https://www.wikidata.org/wiki/Q30252256#P577,,,,earliest_wikidata_release,,not_publicly_disclosed
2017-24-05,2017-24,2017,Most Anticipated Game,unreleased_game,Red Dead Redemption 2,Red Dead Redemption 2,https://en.wikipedia.org/wiki/Red_Dead_Redemption_2,0,5,active,Red Dead Redemption 2 – Rockstar Games,https://en.wikipedia.org/wiki/The_Game_Awards_2017,Q27438121,2018-10-26,day,https://www.wikidata.org/wiki/Q27438121#P577,,,,earliest_wikidata_release,,not_publicly_disclosed
2017-25-01,2017-25,2017,Trending Gamer,person,"Guy ""Dr DisRespect"" Beahm",,,1,1,active,"Guy ""Dr DisRespect"" Beahm",https://en.wikipedia.org/wiki/The_Game_Awards_2017,,,,,,,,no_associated_game,,not_publicly_disclosed
2017-25-02,2017-25,2017,Trending Gamer,person,Andrea Rene,,,0,2,active,Andrea Rene,https://en.wikipedia.org/wiki/The_Game_Awards_2017,,,,,,,,no_associated_game,,not_publicly_disclosed
2017-25-03,2017-25,2017,Trending Gamer,person,"Clint ""Halfcoordinated"" Lexa",,,0,3,active,"Clint ""Halfcoordinated"" Lexa",https://en.wikipedia.org/wiki/The_Game_Awards_2017,,,,,,,,no_associated_game,,not_publicly_disclosed
2017-25-04,2017-25,2017,Trending Gamer,person,"Michael ""Shroud"" Grzesiek",,,0,4,active,"Michael ""Shroud"" Grzesiek",https://en.wikipedia.org/wiki/The_Game_Awards_2017,,,,,,,,no_associated_game,,not_publicly_disclosed
2017-25-05,2017-25,2017,Trending Gamer,person,Steven Spohn,,,0,5,active,Steven Spohn,https://en.wikipedia.org/wiki/The_Game_Awards_2017,,,,,,,,no_associated_game,,not_publicly_disclosed
2017-26-01,2017-26,2017,Best Esports Game,game,Overwatch,Overwatch,https://en.wikipedia.org/wiki/Overwatch_(2016_video_game),1,1,active,Overwatch – Blizzard Entertainment,https://en.wikipedia.org/wiki/The_Game_Awards_2017,Q18515944,2016-05-24,day,https://www.wikidata.org/wiki/Q18515944#P577,,,,earliest_wikidata_release,,not_publicly_disclosed
2017-26-02,2017-26,2017,Best Esports Game,game,Counter-Strike: Global Offensive,Counter-Strike: Global Offensive,https://en.wikipedia.org/wiki/Counter-Strike:_Global_Offensive,0,2,active,Counter-Strike: Global Offensive – Valve,https://en.wikipedia.org/wiki/The_Game_Awards_2017,Q842146,2012-08-21,day,https://www.wikidata.org/wiki/Q842146#P577,,,,earliest_wikidata_release,,not_publicly_disclosed
2017-26-03,2017-26,2017,Best Esports Game,game,Dota 2,Dota 2,https://en.wikipedia.org/wiki/Dota_2,0,3,active,Dota 2 – Valve,https://en.wikipedia.org/wiki/The_Game_Awards_2017,Q771541,2013-07-09,day,https://www.wikidata.org/wiki/Q771541#P577,,,,earliest_wikidata_release,,not_publicly_disclosed
2017-26-04,2017-26,2017,Best Esports Game,game,League of Legends,League of Legends,https://en.wikipedia.org/wiki/League_of_Legends,0,4,active,League of Legends – Riot Games,https://en.wikipedia.org/wiki/The_Game_Awards_2017,Q223341,2009-10-27,day,https://www.wikidata.org/wiki/Q223341#P577,,,,earliest_wikidata_release,,not_publicly_disclosed
2017-26-05,2017-26,2017,Best Esports Game,game,Rocket League,Rocket League,https://en.wikipedia.org/wiki/Rocket_League,0,5,active,Rocket League – Psyonix,https://en.wikipedia.org/wiki/The_Game_Awards_2017,Q20031743,2015-07-07,day,https://www.wikidata.org/wiki/Q20031743#P577,,,,earliest_wikidata_release,,not_publicly_disclosed
2017-27-01,2017-27,2017,Best Esports Player,person,"Lee ""Faker"" Sang-hyeok ( SK Telecom T1 , League of Legends )",,,1,1,active,"Lee ""Faker"" Sang-hyeok ( SK Telecom T1 , League of Legends )",https://en.wikipedia.org/wiki/The_Game_Awards_2017,,,,,,,,no_associated_game,,not_publicly_disclosed
2017-27-02,2017-27,2017,Best Esports Player,person,"Marcelo ""coldzera"" David ( SK Gaming , Counter-Strike: GO )",,,0,2,active,"Marcelo ""coldzera"" David ( SK Gaming , Counter-Strike: GO )",https://en.wikipedia.org/wiki/The_Game_Awards_2017,,,,,,,,no_associated_game,,not_publicly_disclosed
2017-27-03,2017-27,2017,Best Esports Player,person,"Nikola ""NiKo"" Kovač ( FaZe Clan , Counter-Strike: GO )",,,0,3,active,"Nikola ""NiKo"" Kovač ( FaZe Clan , Counter-Strike: GO )",https://en.wikipedia.org/wiki/The_Game_Awards_2017,,,,,,,,no_associated_game,,not_publicly_disclosed
2017-27-04,2017-27,2017,Best Esports Player,person,"Ryu ""ryujehong"" Je-hong ( Seoul Dynasty , Overwatch )",,,0,4,active,"Ryu ""ryujehong"" Je-hong ( Seoul Dynasty , Overwatch )",https://en.wikipedia.org/wiki/The_Game_Awards_2017,,,,,,,,no_associated_game,,not_publicly_disclosed
2017-27-05,2017-27,2017,Best Esports Player,person,"Kurosh ""KuroKy"" Salehi Takhasomi ( Team Liquid , Dota 2 )",,,0,5,active,"Kurosh ""KuroKy"" Salehi Takhasomi ( Team Liquid , Dota 2 )",https://en.wikipedia.org/wiki/The_Game_Awards_2017,,,,,,,,no_associated_game,,not_publicly_disclosed
2017-28-01,2017-28,2017,Best Esports Team,other,Cloud9,,,1,1,active,Cloud9,https://en.wikipedia.org/wiki/The_Game_Awards_2017,,,,,,,,no_associated_game,,not_publicly_disclosed
2017-28-02,2017-28,2017,Best Esports Team,other,FaZe Clan,,,0,2,active,FaZe Clan,https://en.wikipedia.org/wiki/The_Game_Awards_2017,,,,,,,,no_associated_game,,not_publicly_disclosed
2017-28-03,2017-28,2017,Best Esports Team,other,Lunatic-Hai,,,0,3,active,Lunatic-Hai,https://en.wikipedia.org/wiki/The_Game_Awards_2017,,,,,,,,no_associated_game,,not_publicly_disclosed
2017-28-04,2017-28,2017,Best Esports Team,other,SK Telecom T1,,,0,4,active,SK Telecom T1,https://en.wikipedia.org/wiki/The_Game_Awards_2017,,,,,,,,no_associated_game,,not_publicly_disclosed
2017-28-05,2017-28,2017,Best Esports Team,other,Team Liquid,,,0,5,active,Team Liquid,https://en.wikipedia.org/wiki/The_Game_Awards_2017,,,,,,,,no_associated_game,,not_publicly_disclosed
2017-29-01,2017-29,2017,Chinese Fan Game Award,game,jx3 HD,jx3 HD,,1,1,active,jx3 HD – Kingsoft Corporation,https://en.wikipedia.org/wiki/The_Game_Awards_2017,,,,,,,,no_game_link,,not_publicly_disclosed
2017-29-02,2017-29,2017,Chinese Fan Game Award,game,Honor of Kings,Honor of Kings,https://en.wikipedia.org/wiki/Honor_of_Kings,0,2,active,Honor of Kings – TiMi Studios,https://en.wikipedia.org/wiki/The_Game_Awards_2017,Q28360116,2015-11-26,day,https://www.wikidata.org/wiki/Q28360116#P577,,,,earliest_wikidata_release,,not_publicly_disclosed
2017-29-03,2017-29,2017,Chinese Fan Game Award,game,Icey,Icey,https://en.wikipedia.org/wiki/Icey,0,3,active,Icey – FantaBlade Network,https://en.wikipedia.org/wiki/The_Game_Awards_2017,Q28417007,2016,year,https://www.wikidata.org/wiki/Q28417007#P577,,,,earliest_wikidata_release,,not_publicly_disclosed
2017-29-04,2017-29,2017,Chinese Fan Game Award,game,Gumballs & Dungeons,Gumballs & Dungeons,,0,4,active,Gumballs & Dungeons – QcPlay Limited,https://en.wikipedia.org/wiki/The_Game_Awards_2017,,,,,,,,no_game_link,,not_publicly_disclosed
2017-29-05,2017-29,2017,Chinese Fan Game Award,game,Monument Valley 2,Monument Valley 2,https://en.wikipedia.org/wiki/Monument_Valley_2,0,5,active,Monument Valley 2 – ustwo games,https://en.wikipedia.org/wiki/The_Game_Awards_2017,Q30140600,2017-06-05,day,https://www.wikidata.org/wiki/Q30140600#P577,2017-06-05,first public release,https://www.wikidata.org/wiki/Q30140600#P577,earliest_wikidata_release,,not_publicly_disclosed
2017-30-01,2017-30,2017,Industry Icon Award,honorary,Carol Shaw,,,1,1,active,Carol Shaw,https://en.wikipedia.org/wiki/The_Game_Awards_2017,,,,,,,,no_associated_game,,not_publicly_disclosed
2018-01-01,2018-01,2018,Game of the Year,game,God of War,God of War,https://en.wikipedia.org/wiki/God_of_War_(2018_video_game),1,1,active,God of War – Santa Monica Studio / Sony Interactive Entertainment,https://en.wikipedia.org/wiki/The_Game_Awards_2018,Q18345138,2018-04-20,day,https://www.wikidata.org/wiki/Q18345138#P577,2018-04-20,first public release,https://www.wikidata.org/wiki/Q18345138#P577,earliest_wikidata_release,,not_publicly_disclosed
2018-01-02,2018-01,2018,Game of the Year,game,Assassin's Creed Odyssey,Assassin's Creed Odyssey,https://en.wikipedia.org/wiki/Assassin%27s_Creed_Odyssey,0,2,active,Assassin's Creed Odyssey – Ubisoft Quebec / Ubisoft,https://en.wikipedia.org/wiki/The_Game_Awards_2018,Q54617566,2018-10-05,day,https://www.wikidata.org/wiki/Q54617566#P577,2018-10-05,first public release,https://www.wikidata.org/wiki/Q54617566#P577,earliest_wikidata_release,,not_publicly_disclosed
2018-01-03,2018-01,2018,Game of the Year,game,Celeste,Celeste,https://en.wikipedia.org/wiki/Celeste_(video_game),0,3,active,Celeste – Maddy Makes Games,https://en.wikipedia.org/wiki/The_Game_Awards_2018,Q28451532,2018-01-25,day,https://www.wikidata.org/wiki/Q28451532#P577,2018-01-25,first public release,https://www.wikidata.org/wiki/Q28451532#P577,earliest_wikidata_release,,not_publicly_disclosed
2018-01-04,2018-01,2018,Game of the Year,game,Marvel's Spider-Man,Marvel's Spider-Man,https://en.wikipedia.org/wiki/Marvel%27s_Spider-Man_(video_game),0,4,active,Marvel's Spider-Man – Insomniac Games / Sony Interactive Entertainment,https://en.wikipedia.org/wiki/The_Game_Awards_2018,Q25340029,2018-09-07,day,https://www.wikidata.org/wiki/Q25340029#P577,2018-09-07,first public release,https://www.wikidata.org/wiki/Q25340029#P577,earliest_wikidata_release,,not_publicly_disclosed
2018-01-05,2018-01,2018,Game of the Year,game,Monster Hunter: World,Monster Hunter: World,https://en.wikipedia.org/wiki/Monster_Hunter:_World,0,5,active,Monster Hunter: World – Capcom,https://en.wikipedia.org/wiki/The_Game_Awards_2018,Q30252256,2018-01-26,day,https://www.wikidata.org/wiki/Q30252256#P577,2018-01-26,first public release,https://www.wikidata.org/wiki/Q30252256#P577,earliest_wikidata_release,,not_publicly_disclosed
2018-01-06,2018-01,2018,Game of the Year,game,Red Dead Redemption 2,Red Dead Redemption 2,https://en.wikipedia.org/wiki/Red_Dead_Redemption_2,0,6,active,Red Dead Redemption 2 – Rockstar Games,https://en.wikipedia.org/wiki/The_Game_Awards_2018,Q27438121,2018-10-26,day,https://www.wikidata.org/wiki/Q27438121#P577,2018-10-26,first public release,https://www.wikidata.org/wiki/Q27438121#P577,earliest_wikidata_release,,not_publicly_disclosed
2018-02-01,2018-02,2018,Best Game Direction,game,God of War,God of War,https://en.wikipedia.org/wiki/God_of_War_(2018_video_game),1,1,active,God of War – Santa Monica Studio / Sony Interactive Entertainment,https://en.wikipedia.org/wiki/The_Game_Awards_2018,Q18345138,2018-04-20,day,https://www.wikidata.org/wiki/Q18345138#P577,2018-04-20,first public release,https://www.wikidata.org/wiki/Q18345138#P577,earliest_wikidata_release,,not_publicly_disclosed
2018-02-02,2018-02,2018,Best Game Direction,game,A Way Out,A Way Out,https://en.wikipedia.org/wiki/A_Way_Out_(video_game),0,2,active,A Way Out – Hazelight Studios / Electronic Arts,https://en.wikipedia.org/wiki/The_Game_Awards_2018,Q30229306,2018-03-23,day,https://www.wikidata.org/wiki/Q30229306#P577,2018-03-23,first public release,https://www.wikidata.org/wiki/Q30229306#P577,earliest_wikidata_release,,not_publicly_disclosed
2018-02-03,2018-02,2018,Best Game Direction,game,Detroit: Become Human,Detroit: Become Human,https://en.wikipedia.org/wiki/Detroit:_Become_Human,0,3,active,Detroit: Become Human – Quantic Dream / Sony Interactive Entertainment,https://en.wikipedia.org/wiki/The_Game_Awards_2018,Q21246348,2018-05-25,day,https://www.wikidata.org/wiki/Q21246348#P577,2018-05-25,first public release,https://www.wikidata.org/wiki/Q21246348#P577,earliest_wikidata_release,,not_publicly_disclosed
2018-02-04,2018-02,2018,Best Game Direction,game,Marvel's Spider-Man,Marvel's Spider-Man,https://en.wikipedia.org/wiki/Marvel%27s_Spider-Man_(video_game),0,4,active,Marvel's Spider-Man – Insomniac Games / Sony Interactive Entertainment,https://en.wikipedia.org/wiki/The_Game_Awards_2018,Q25340029,2018-09-07,day,https://www.wikidata.org/wiki/Q25340029#P577,2018-09-07,first public release,https://www.wikidata.org/wiki/Q25340029#P577,earliest_wikidata_release,,not_publicly_disclosed
2018-02-05,2018-02,2018,Best Game Direction,game,Red Dead Redemption 2,Red Dead Redemption 2,https://en.wikipedia.org/wiki/Red_Dead_Redemption_2,0,5,active,Red Dead Redemption 2 – Rockstar Games,https://en.wikipedia.org/wiki/The_Game_Awards_2018,Q27438121,2018-10-26,day,https://www.wikidata.org/wiki/Q27438121#P577,2018-10-26,first public release,https://www.wikidata.org/wiki/Q27438121#P577,earliest_wikidata_release,,not_publicly_disclosed
2018-03-01,2018-03,2018,Best Narrative,game,Red Dead Redemption 2,Red Dead Redemption 2,https://en.wikipedia.org/wiki/Red_Dead_Redemption_2,1,1,active,Red Dead Redemption 2 – Rockstar Games,https://en.wikipedia.org/wiki/The_Game_Awards_2018,Q27438121,2018-10-26,day,https://www.wikidata.org/wiki/Q27438121#P577,2018-10-26,first public release,https://www.wikidata.org/wiki/Q27438121#P577,earliest_wikidata_release,,not_publicly_disclosed
2018-03-02,2018-03,2018,Best Narrative,game,Detroit: Become Human,Detroit: Become Human,https://en.wikipedia.org/wiki/Detroit:_Become_Human,0,2,active,Detroit: Become Human – Quantic Dream / Sony Interactive Entertainment,https://en.wikipedia.org/wiki/The_Game_Awards_2018,Q21246348,2018-05-25,day,https://www.wikidata.org/wiki/Q21246348#P577,2018-05-25,first public release,https://www.wikidata.org/wiki/Q21246348#P577,earliest_wikidata_release,,not_publicly_disclosed
2018-03-03,2018-03,2018,Best Narrative,game,God of War,God of War,https://en.wikipedia.org/wiki/God_of_War_(2018_video_game),0,3,active,God of War – Santa Monica Studio / Sony Interactive Entertainment,https://en.wikipedia.org/wiki/The_Game_Awards_2018,Q18345138,2018-04-20,day,https://www.wikidata.org/wiki/Q18345138#P577,2018-04-20,first public release,https://www.wikidata.org/wiki/Q18345138#P577,earliest_wikidata_release,,not_publicly_disclosed
2018-03-04,2018-03,2018,Best Narrative,game,Life Is Strange 2: Episode 1,Life Is Strange 2: Episode 1,https://en.wikipedia.org/wiki/Life_Is_Strange_2:_Episode_1,0,4,active,Life Is Strange 2: Episode 1 – Dontnod Entertainment / Square Enix,https://en.wikipedia.org/wiki/The_Game_Awards_2018,Q30010677,2018-09-26,day,https://www.wikidata.org/wiki/Q30010677#P577,2018-09-26,first public release,https://www.wikidata.org/wiki/Q30010677#P577,earliest_wikidata_release,,not_publicly_disclosed
2018-03-05,2018-03,2018,Best Narrative,game,Marvel's Spider-Man,Marvel's Spider-Man,https://en.wikipedia.org/wiki/Marvel%27s_Spider-Man_(video_game),0,5,active,Marvel's Spider-Man – Insomniac Games / Sony Interactive Entertainment,https://en.wikipedia.org/wiki/The_Game_Awards_2018,Q25340029,2018-09-07,day,https://www.wikidata.org/wiki/Q25340029#P577,2018-09-07,first public release,https://www.wikidata.org/wiki/Q25340029#P577,earliest_wikidata_release,,not_publicly_disclosed
2018-04-01,2018-04,2018,Best Art Direction,game,Return of the Obra Dinn,Return of the Obra Dinn,https://en.wikipedia.org/wiki/Return_of_the_Obra_Dinn,1,1,active,Return of the Obra Dinn – 3909 LLC,https://en.wikipedia.org/wiki/The_Game_Awards_2018,Q48987695,2018-10-18,day,https://www.wikidata.org/wiki/Q48987695#P577,2018-10-18,first public release,https://www.wikidata.org/wiki/Q48987695#P577,earliest_wikidata_release,,not_publicly_disclosed
2018-04-02,2018-04,2018,Best Art Direction,game,Assassin's Creed Odyssey,Assassin's Creed Odyssey,https://en.wikipedia.org/wiki/Assassin%27s_Creed_Odyssey,0,2,active,Assassin's Creed Odyssey – Ubisoft Quebec / Ubisoft,https://en.wikipedia.org/wiki/The_Game_Awards_2018,Q54617566,2018-10-05,day,https://www.wikidata.org/wiki/Q54617566#P577,2018-10-05,first public release,https://www.wikidata.org/wiki/Q54617566#P577,earliest_wikidata_release,,not_publicly_disclosed
2018-04-03,2018-04,2018,Best Art Direction,game,God of War,God of War,https://en.wikipedia.org/wiki/God_of_War_(2018_video_game),0,3,active,God of War – Santa Monica Studio / Sony Interactive Entertainment,https://en.wikipedia.org/wiki/The_Game_Awards_2018,Q18345138,2018-04-20,day,https://www.wikidata.org/wiki/Q18345138#P577,2018-04-20,first public release,https://www.wikidata.org/wiki/Q18345138#P577,earliest_wikidata_release,,not_publicly_disclosed
2018-04-04,2018-04,2018,Best Art Direction,game,Red Dead Redemption 2,Red Dead Redemption 2,https://en.wikipedia.org/wiki/Red_Dead_Redemption_2,0,4,active,Red Dead Redemption 2 – Rockstar Games,https://en.wikipedia.org/wiki/The_Game_Awards_2018,Q27438121,2018-10-26,day,https://www.wikidata.org/wiki/Q27438121#P577,2018-10-26,first public release,https://www.wikidata.org/wiki/Q27438121#P577,earliest_wikidata_release,,not_publicly_disclosed
2018-04-05,2018-04,2018,Best Art Direction,game,Octopath Traveler,Octopath Traveler,https://en.wikipedia.org/wiki/Octopath_Traveler,0,5,active,"Octopath Traveler – Square Enix Business Division 11 , Acquire / Nintendo",https://en.wikipedia.org/wiki/The_Game_Awards_2018,Q40887608,2018-07-13,day,https://www.wikidata.org/wiki/Q40887608#P577,2018-07-13,first public release,https://www.wikidata.org/wiki/Q40887608#P577,earliest_wikidata_release,,not_publicly_disclosed
2018-05-01,2018-05,2018,Best Score/Music,game,Red Dead Redemption 2,Red Dead Redemption 2,https://en.wikipedia.org/wiki/Red_Dead_Redemption_2,1,1,active,Red Dead Redemption 2 – Woody Jackson,https://en.wikipedia.org/wiki/The_Game_Awards_2018,Q27438121,2018-10-26,day,https://www.wikidata.org/wiki/Q27438121#P577,2018-10-26,first public release,https://www.wikidata.org/wiki/Q27438121#P577,earliest_wikidata_release,,not_publicly_disclosed
2018-05-02,2018-05,2018,Best Score/Music,game,Celeste,Celeste,https://en.wikipedia.org/wiki/Celeste_(video_game),0,2,active,Celeste – Lena Raine,https://en.wikipedia.org/wiki/The_Game_Awards_2018,Q28451532,2018-01-25,day,https://www.wikidata.org/wiki/Q28451532#P577,2018-01-25,first public release,https://www.wikidata.org/wiki/Q28451532#P577,earliest_wikidata_release,,not_publicly_disclosed
2018-05-03,2018-05,2018,Best Score/Music,game,God of War,God of War,https://en.wikipedia.org/wiki/God_of_War_(2018_video_game),0,3,active,God of War – Bear McCreary,https://en.wikipedia.org/wiki/The_Game_Awards_2018,Q18345138,2018-04-20,day,https://www.wikidata.org/wiki/Q18345138#P577,2018-04-20,first public release,https://www.wikidata.org/wiki/Q18345138#P577,earliest_wikidata_release,,not_publicly_disclosed
2018-05-04,2018-05,2018,Best Score/Music,game,Marvel's Spider-Man,Marvel's Spider-Man,https://en.wikipedia.org/wiki/Marvel%27s_Spider-Man_(video_game),0,4,active,Marvel's Spider-Man – John Paesano,https://en.wikipedia.org/wiki/The_Game_Awards_2018,Q25340029,2018-09-07,day,https://www.wikidata.org/wiki/Q25340029#P577,2018-09-07,first public release,https://www.wikidata.org/wiki/Q25340029#P577,earliest_wikidata_release,,not_publicly_disclosed
2018-05-05,2018-05,2018,Best Score/Music,game,Ni no Kuni II: Revenant Kingdom,Ni no Kuni II: Revenant Kingdom,https://en.wikipedia.org/wiki/Ni_no_Kuni_II:_Revenant_Kingdom,0,5,active,Ni no Kuni II: Revenant Kingdom – Joe Hisaishi,https://en.wikipedia.org/wiki/The_Game_Awards_2018,Q23952658,2018-03-23,day,https://www.wikidata.org/wiki/Q23952658#P577,2018-03-23,first public release,https://www.wikidata.org/wiki/Q23952658#P577,earliest_wikidata_release,,not_publicly_disclosed
2018-05-06,2018-05,2018,Best Score/Music,game,Octopath Traveler,Octopath Traveler,https://en.wikipedia.org/wiki/Octopath_Traveler,0,6,active,Octopath Traveler – Yasunori Nishiki,https://en.wikipedia.org/wiki/The_Game_Awards_2018,Q40887608,2018-07-13,day,https://www.wikidata.org/wiki/Q40887608#P577,2018-07-13,first public release,https://www.wikidata.org/wiki/Q40887608#P577,earliest_wikidata_release,,not_publicly_disclosed
2018-06-01,2018-06,2018,Best Audio Design,game,Red Dead Redemption 2,Red Dead Redemption 2,https://en.wikipedia.org/wiki/Red_Dead_Redemption_2,1,1,active,Red Dead Redemption 2 – Rockstar Games,https://en.wikipedia.org/wiki/The_Game_Awards_2018,Q27438121,2018-10-26,day,https://www.wikidata.org/wiki/Q27438121#P577,2018-10-26,first public release,https://www.wikidata.org/wiki/Q27438121#P577,earliest_wikidata_release,,not_publicly_disclosed
2018-06-02,2018-06,2018,Best Audio Design,game,Call of Duty: Black Ops 4,Call of Duty: Black Ops 4,https://en.wikipedia.org/wiki/Call_of_Duty:_Black_Ops_4,0,2,active,Call of Duty: Black Ops 4 – Treyarch / Activision,https://en.wikipedia.org/wiki/The_Game_Awards_2018,Q50376633,2018-10-12,day,https://www.wikidata.org/wiki/Q50376633#P577,2018-10-12,first public release,https://www.wikidata.org/wiki/Q50376633#P577,earliest_wikidata_release,,not_publicly_disclosed
2018-06-03,2018-06,2018,Best Audio Design,game,Forza Horizon 4,Forza Horizon 4,https://en.wikipedia.org/wiki/Forza_Horizon_4,0,3,active,Forza Horizon 4 – Playground Games / Microsoft Studios,https://en.wikipedia.org/wiki/The_Game_Awards_2018,Q54893555,2018-10-02,day,https://www.wikidata.org/wiki/Q54893555#P577,2018-10-02,first public release,https://www.wikidata.org/wiki/Q54893555#P577,earliest_wikidata_release,,not_publicly_disclosed
2018-06-04,2018-06,2018,Best Audio Design,game,God of War,God of War,https://en.wikipedia.org/wiki/God_of_War_(2018_video_game),0,4,active,God of War – Santa Monica Studio / Sony Interactive Entertainment,https://en.wikipedia.org/wiki/The_Game_Awards_2018,Q18345138,2018-04-20,day,https://www.wikidata.org/wiki/Q18345138#P577,2018-04-20,first public release,https://www.wikidata.org/wiki/Q18345138#P577,earliest_wikidata_release,,not_publicly_disclosed
2018-06-05,2018-06,2018,Best Audio Design,game,Marvel's Spider-Man,Marvel's Spider-Man,https://en.wikipedia.org/wiki/Marvel%27s_Spider-Man_(video_game),0,5,active,Marvel's Spider-Man – Insomniac Games / Sony Interactive Entertainment,https://en.wikipedia.org/wiki/The_Game_Awards_2018,Q25340029,2018-09-07,day,https://www.wikidata.org/wiki/Q25340029#P577,2018-09-07,first public release,https://www.wikidata.org/wiki/Q25340029#P577,earliest_wikidata_release,,not_publicly_disclosed
2018-07-01,2018-07,2018,Best Performance,performance,Roger Clark as Arthur Morgan,Red Dead Redemption 2,https://en.wikipedia.org/wiki/Red_Dead_Redemption_2,1,1,active,Roger Clark as Arthur Morgan – Red Dead Redemption 2,https://en.wikipedia.org/wiki/The_Game_Awards_2018,Q27438121,2018-10-26,day,https://www.wikidata.org/wiki/Q27438121#P577,2018-10-26,first public release,https://www.wikidata.org/wiki/Q27438121#P577,earliest_wikidata_release,,not_publicly_disclosed
2018-07-02,2018-07,2018,Best Performance,performance,Bryan Dechart as Connor,Detroit: Become Human,https://en.wikipedia.org/wiki/Detroit:_Become_Human,0,2,active,Bryan Dechart as Connor – Detroit: Become Human,https://en.wikipedia.org/wiki/The_Game_Awards_2018,Q21246348,2018-05-25,day,https://www.wikidata.org/wiki/Q21246348#P577,2018-05-25,first public release,https://www.wikidata.org/wiki/Q21246348#P577,earliest_wikidata_release,,not_publicly_disclosed
2018-07-03,2018-07,2018,Best Performance,performance,Christopher Judge as Kratos,God of War,https://en.wikipedia.org/wiki/God_of_War_(2018_video_game),0,3,active,Christopher Judge as Kratos – God of War,https://en.wikipedia.org/wiki/The_Game_Awards_2018,Q18345138,2018-04-20,day,https://www.wikidata.org/wiki/Q18345138#P577,2018-04-20,first public release,https://www.wikidata.org/wiki/Q18345138#P577,earliest_wikidata_release,,not_publicly_disclosed
2018-07-04,2018-07,2018,Best Performance,performance,Yuri Lowenthal as Spider-Man,Marvel's Spider-Man,https://en.wikipedia.org/wiki/Marvel%27s_Spider-Man_(video_game),0,4,active,Yuri Lowenthal as Spider-Man – Marvel's Spider-Man,https://en.wikipedia.org/wiki/The_Game_Awards_2018,Q25340029,2018-09-07,day,https://www.wikidata.org/wiki/Q25340029#P577,2018-09-07,first public release,https://www.wikidata.org/wiki/Q25340029#P577,earliest_wikidata_release,,not_publicly_disclosed
2018-07-05,2018-07,2018,Best Performance,performance,Melissanthi Mahut as Kassandra,Assassin's Creed Odyssey,https://en.wikipedia.org/wiki/Assassin%27s_Creed_Odyssey,0,5,active,Melissanthi Mahut as Kassandra – Assassin's Creed Odyssey,https://en.wikipedia.org/wiki/The_Game_Awards_2018,Q54617566,2018-10-05,day,https://www.wikidata.org/wiki/Q54617566#P577,2018-10-05,first public release,https://www.wikidata.org/wiki/Q54617566#P577,earliest_wikidata_release,,not_publicly_disclosed
2018-08-01,2018-08,2018,Games for Impact,game,Celeste,Celeste,https://en.wikipedia.org/wiki/Celeste_(video_game),1,1,active,Celeste – Maddy Makes Games,https://en.wikipedia.org/wiki/The_Game_Awards_2018,Q28451532,2018-01-25,day,https://www.wikidata.org/wiki/Q28451532#P577,2018-01-25,first public release,https://www.wikidata.org/wiki/Q28451532#P577,earliest_wikidata_release,,not_publicly_disclosed
2018-08-02,2018-08,2018,Games for Impact,game,11-11: Memories Retold,11-11: Memories Retold,https://en.wikipedia.org/wiki/11-11:_Memories_Retold,0,2,active,"11-11: Memories Retold – DigixArt , Aardman Animations / Bandai Namco Entertainment",https://en.wikipedia.org/wiki/The_Game_Awards_2018,Q58874101,2018-11-08,day,https://www.wikidata.org/wiki/Q58874101#P577,2018-11-08,first public release,https://www.wikidata.org/wiki/Q58874101#P577,earliest_wikidata_release,,not_publicly_disclosed
2018-08-03,2018-08,2018,Games for Impact,game,Florence,Florence,https://en.wikipedia.org/wiki/Florence_(video_game),0,3,active,Florence – Mountains / Annapurna Interactive,https://en.wikipedia.org/wiki/The_Game_Awards_2018,Q51844095,2018-02-05,day,https://www.wikidata.org/wiki/Q51844095#P577,2018-02-05,first public release,https://www.wikidata.org/wiki/Q51844095#P577,earliest_wikidata_release,,not_publicly_disclosed
2018-08-04,2018-08,2018,Games for Impact,game,Life Is Strange 2: Episode 1,Life Is Strange 2: Episode 1,https://en.wikipedia.org/wiki/Life_Is_Strange_2:_Episode_1,0,4,active,Life Is Strange 2: Episode 1 – Dontnod Entertainment / Square Enix,https://en.wikipedia.org/wiki/The_Game_Awards_2018,Q30010677,2018-09-26,day,https://www.wikidata.org/wiki/Q30010677#P577,2018-09-26,first public release,https://www.wikidata.org/wiki/Q30010677#P577,earliest_wikidata_release,,not_publicly_disclosed
2018-08-05,2018-08,2018,Games for Impact,game,The Missing: J.J. Macfield and the Island of Memories,The Missing: J.J. Macfield and the Island of Memories,https://en.wikipedia.org/wiki/The_Missing:_J.J._Macfield_and_the_Island_of_Memories,0,5,active,The Missing: J.J. Macfield and the Island of Memories – White Owls / Arc System Works,https://en.wikipedia.org/wiki/The_Game_Awards_2018,Q60748895,2018-10-12,day,https://www.wikidata.org/wiki/Q60748895#P577,2018-10-12,first public release,https://www.wikidata.org/wiki/Q60748895#P577,earliest_wikidata_release,,not_publicly_disclosed
2018-09-01,2018-09,2018,Best Ongoing Game,game,Fortnite,Fortnite,https://en.wikipedia.org/wiki/Fortnite,1,1,active,Fortnite – Epic Games,https://en.wikipedia.org/wiki/The_Game_Awards_2018,Q349375,2017-07-25,day,https://www.wikidata.org/wiki/Q349375#P577,,,,earliest_wikidata_release,,not_publicly_disclosed
2018-09-02,2018-09,2018,Best Ongoing Game,game,Destiny 2: Forsaken,Destiny 2: Forsaken,https://en.wikipedia.org/wiki/Destiny_2:_Forsaken,0,2,active,Destiny 2: Forsaken – Bungie / Activision,https://en.wikipedia.org/wiki/The_Game_Awards_2018,Q58447640,2018-09-04,day,https://www.wikidata.org/wiki/Q58447640#P577,2018-09-04,first public release,https://www.wikidata.org/wiki/Q58447640#P577,earliest_wikidata_release,,not_publicly_disclosed
2018-09-03,2018-09,2018,Best Ongoing Game,game,No Man's Sky,No Man's Sky,https://en.wikipedia.org/wiki/No_Man%27s_Sky,0,3,active,No Man's Sky – Hello Games,https://en.wikipedia.org/wiki/The_Game_Awards_2018,Q15297043,2016-08-09,day,https://www.wikidata.org/wiki/Q15297043#P577,,,,earliest_wikidata_release,,not_publicly_disclosed
2018-09-04,2018-09,2018,Best Ongoing Game,game,Overwatch,Overwatch,https://en.wikipedia.org/wiki/Overwatch_(2016_video_game),0,4,active,Overwatch – Blizzard Entertainment,https://en.wikipedia.org/wiki/The_Game_Awards_2018,Q18515944,2016-05-24,day,https://www.wikidata.org/wiki/Q18515944#P577,,,,earliest_wikidata_release,,not_publicly_disclosed
2018-09-05,2018-09,2018,Best Ongoing Game,game,Tom Clancy's Rainbow Six Siege,Tom Clancy's Rainbow Six Siege,https://en.wikipedia.org/wiki/Tom_Clancy%27s_Rainbow_Six_Siege,0,5,active,Tom Clancy's Rainbow Six Siege – Ubisoft Montreal / Ubisoft,https://en.wikipedia.org/wiki/The_Game_Awards_2018,Q17183996,2015-12-01,day,https://www.wikidata.org/wiki/Q17183996#P577,,,,earliest_wikidata_release,,not_publicly_disclosed
2018-10-01,2018-10,2018,Best Independent Game,game,Celeste,Celeste,https://en.wikipedia.org/wiki/Celeste_(video_game),1,1,active,Celeste – Maddy Makes Games,https://en.wikipedia.org/wiki/The_Game_Awards_2018,Q28451532,2018-01-25,day,https://www.wikidata.org/wiki/Q28451532#P577,2018-01-25,first public release,https://www.wikidata.org/wiki/Q28451532#P577,earliest_wikidata_release,,not_publicly_disclosed
2018-10-02,2018-10,2018,Best Independent Game,game,Dead Cells,Dead Cells,https://en.wikipedia.org/wiki/Dead_Cells,0,2,active,Dead Cells – Motion Twin,https://en.wikipedia.org/wiki/The_Game_Awards_2018,Q30639210,2017-05-10,day,https://www.wikidata.org/wiki/Q30639210#P577,,,,earliest_wikidata_release,,not_publicly_disclosed
2018-10-03,2018-10,2018,Best Independent Game,game,Into the Breach,Into the Breach,https://en.wikipedia.org/wiki/Into_the_Breach,0,3,active,Into the Breach – Subset Games,https://en.wikipedia.org/wiki/The_Game_Awards_2018,Q30591391,2018-02-27,day,https://www.wikidata.org/wiki/Q30591391#P577,2018-02-27,first public release,https://www.wikidata.org/wiki/Q30591391#P577,earliest_wikidata_release,,not_publicly_disclosed
2018-10-04,2018-10,2018,Best Independent Game,game,The Messenger,The Messenger,https://en.wikipedia.org/wiki/The_Messenger_(2018_video_game),0,4,active,The Messenger – Sabotage / Devolver Digital,https://en.wikipedia.org/wiki/The_Game_Awards_2018,Q48815228,2018-08-30,day,https://www.wikidata.org/wiki/Q48815228#P577,2018-08-30,first public release,https://www.wikidata.org/wiki/Q48815228#P577,earliest_wikidata_release,,not_publicly_disclosed
2018-10-05,2018-10,2018,Best Independent Game,game,Return of the Obra Dinn,Return of the Obra Dinn,https://en.wikipedia.org/wiki/Return_of_the_Obra_Dinn,0,5,active,Return of the Obra Dinn – 3909 LLC,https://en.wikipedia.org/wiki/The_Game_Awards_2018,Q48987695,2018-10-18,day,https://www.wikidata.org/wiki/Q48987695#P577,2018-10-18,first public release,https://www.wikidata.org/wiki/Q48987695#P577,earliest_wikidata_release,,not_publicly_disclosed
2018-11-01,2018-11,2018,Best Mobile Game,game,Florence,Florence,https://en.wikipedia.org/wiki/Florence_(video_game),1,1,active,Florence – Mountains / Annapurna Interactive,https://en.wikipedia.org/wiki/The_Game_Awards_2018,Q51844095,2018-02-05,day,https://www.wikidata.org/wiki/Q51844095#P577,2018-02-05,first public release,https://www.wikidata.org/wiki/Q51844095#P577,earliest_wikidata_release,,not_publicly_disclosed
2018-11-02,2018-11,2018,Best Mobile Game,game,Donut County,Donut County,https://en.wikipedia.org/wiki/Donut_County,0,2,active,Donut County – Ben Esposito / Annapurna Interactive,https://en.wikipedia.org/wiki/The_Game_Awards_2018,Q19627412,2018-08-28,day,https://www.wikidata.org/wiki/Q19627412#P577,2018-08-28,first public release,https://www.wikidata.org/wiki/Q19627412#P577,earliest_wikidata_release,,not_publicly_disclosed
2018-11-03,2018-11,2018,Best Mobile Game,game,Fortnite,Fortnite,https://en.wikipedia.org/wiki/Fortnite,0,3,active,Fortnite – Epic Games,https://en.wikipedia.org/wiki/The_Game_Awards_2018,Q349375,2017-07-25,day,https://www.wikidata.org/wiki/Q349375#P577,,,,earliest_wikidata_release,,not_publicly_disclosed
2018-11-04,2018-11,2018,Best Mobile Game,game,PUBG Mobile,PUBG Mobile,https://en.wikipedia.org/wiki/PUBG_Mobile,0,4,active,PUBG Mobile – Lightspeed & Quantum / Tencent Games,https://en.wikipedia.org/wiki/The_Game_Awards_2018,Q63595820,2018-03-19,day,https://www.wikidata.org/wiki/Q63595820#P577,2018-03-19,first public release,https://www.wikidata.org/wiki/Q63595820#P577,earliest_wikidata_release,,not_publicly_disclosed
2018-11-05,2018-11,2018,Best Mobile Game,game,Reigns: Game of Thrones,Reigns: Game of Thrones,https://en.wikipedia.org/wiki/Reigns:_Game_of_Thrones,0,5,active,Reigns: Game of Thrones – Nerial / Devolver Digital,https://en.wikipedia.org/wiki/The_Game_Awards_2018,Q60743421,2018-10-18,day,https://www.wikidata.org/wiki/Q60743421#P577,2018-10-18,first public release,https://www.wikidata.org/wiki/Q60743421#P577,earliest_wikidata_release,,not_publicly_disclosed
2018-12-01,2018-12,2018,Best VR/AR Game,game,Astro Bot Rescue Mission,Astro Bot Rescue Mission,https://en.wikipedia.org/wiki/Astro_Bot_Rescue_Mission,1,1,active,Astro Bot Rescue Mission – Japan Studio / Sony Interactive Entertainment,https://en.wikipedia.org/wiki/The_Game_Awards_2018,Q57450502,2018-10-02,day,https://www.wikidata.org/wiki/Q57450502#P577,2018-10-02,first public release,https://www.wikidata.org/wiki/Q57450502#P577,earliest_wikidata_release,,not_publicly_disclosed
2018-12-02,2018-12,2018,Best VR/AR Game,game,Beat Saber,Beat Saber,https://en.wikipedia.org/wiki/Beat_Saber,0,2,active,Beat Saber – Beat Games,https://en.wikipedia.org/wiki/The_Game_Awards_2018,Q53998035,2018-05-01,day,https://en.wikipedia.org/wiki/Beat_Saber,2018-05-01,first public release,https://en.wikipedia.org/wiki/Beat_Saber,curated_correction,,not_publicly_disclosed
2018-12-03,2018-12,2018,Best VR/AR Game,game,Firewall: Zero Hour,Firewall: Zero Hour,https://en.wikipedia.org/wiki/Firewall:_Zero_Hour,0,3,active,Firewall: Zero Hour – First Contact Entertainment / Sony Interactive Entertainment,https://en.wikipedia.org/wiki/The_Game_Awards_2018,Q56808985,2018-08-28,day,https://www.wikidata.org/wiki/Q56808985#P577,2018-08-28,first public release,https://www.wikidata.org/wiki/Q56808985#P577,earliest_wikidata_release,,not_publicly_disclosed
2018-12-04,2018-12,2018,Best VR/AR Game,game,Moss,Moss,https://en.wikipedia.org/wiki/Moss_(video_game),0,4,active,Moss – Polyarc Games,https://en.wikipedia.org/wiki/The_Game_Awards_2018,Q43304591,2018-02-27,day,https://www.wikidata.org/wiki/Q43304591#P577,2018-02-27,first public release,https://www.wikidata.org/wiki/Q43304591#P577,earliest_wikidata_release,,not_publicly_disclosed
2018-12-05,2018-12,2018,Best VR/AR Game,game,Tetris Effect,Tetris Effect,https://en.wikipedia.org/wiki/Tetris_Effect,0,5,active,"Tetris Effect – Resonair / Enhance, Inc.",https://en.wikipedia.org/wiki/The_Game_Awards_2018,Q55381938,2018-11-09,day,https://www.wikidata.org/wiki/Q55381938#P577,2018-11-09,first public release,https://www.wikidata.org/wiki/Q55381938#P577,earliest_wikidata_release,,not_publicly_disclosed
2018-13-01,2018-13,2018,Best Action Game,game,Dead Cells,Dead Cells,https://en.wikipedia.org/wiki/Dead_Cells,1,1,active,Dead Cells – Motion Twin,https://en.wikipedia.org/wiki/The_Game_Awards_2018,Q30639210,2017-05-10,day,https://www.wikidata.org/wiki/Q30639210#P577,,,,earliest_wikidata_release,,not_publicly_disclosed
2018-13-02,2018-13,2018,Best Action Game,game,Call of Duty: Black Ops 4,Call of Duty: Black Ops 4,https://en.wikipedia.org/wiki/Call_of_Duty:_Black_Ops_4,0,2,active,Call of Duty: Black Ops 4 – Treyarch / Activision,https://en.wikipedia.org/wiki/The_Game_Awards_2018,Q50376633,2018-10-12,day,https://www.wikidata.org/wiki/Q50376633#P577,2018-10-12,first public release,https://www.wikidata.org/wiki/Q50376633#P577,earliest_wikidata_release,,not_publicly_disclosed
2018-13-03,2018-13,2018,Best Action Game,game,Destiny 2: Forsaken,Destiny 2: Forsaken,https://en.wikipedia.org/wiki/Destiny_2:_Forsaken,0,3,active,Destiny 2: Forsaken – Bungie / Activision,https://en.wikipedia.org/wiki/The_Game_Awards_2018,Q58447640,2018-09-04,day,https://www.wikidata.org/wiki/Q58447640#P577,2018-09-04,first public release,https://www.wikidata.org/wiki/Q58447640#P577,earliest_wikidata_release,,not_publicly_disclosed
2018-13-04,2018-13,2018,Best Action Game,game,Far Cry 5,Far Cry 5,https://en.wikipedia.org/wiki/Far_Cry_5,0,4,active,Far Cry 5 – Ubisoft,https://en.wikipedia.org/wiki/The_Game_Awards_2018,Q30015130,2018-03-27,day,https://www.wikidata.org/wiki/Q30015130#P577,2018-03-27,first public release,https://www.wikidata.org/wiki/Q30015130#P577,earliest_wikidata_release,,not_publicly_disclosed
2018-13-05,2018-13,2018,Best Action Game,game,Mega Man 11,Mega Man 11,https://en.wikipedia.org/wiki/Mega_Man_11,0,5,active,Mega Man 11 – Capcom,https://en.wikipedia.org/wiki/The_Game_Awards_2018,Q44636586,2018,year,https://www.wikidata.org/wiki/Q44636586#P577,,,,earliest_wikidata_release,,not_publicly_disclosed
2018-14-01,2018-14,2018,Best Action/Adventure Game,game,God of War,God of War,https://en.wikipedia.org/wiki/God_of_War_(2018_video_game),1,1,active,God of War – Santa Monica Studio / Sony Interactive Entertainment,https://en.wikipedia.org/wiki/The_Game_Awards_2018,Q18345138,2018-04-20,day,https://www.wikidata.org/wiki/Q18345138#P577,2018-04-20,first public release,https://www.wikidata.org/wiki/Q18345138#P577,earliest_wikidata_release,,not_publicly_disclosed
2018-14-02,2018-14,2018,Best Action/Adventure Game,game,Assassin's Creed Odyssey,Assassin's Creed Odyssey,https://en.wikipedia.org/wiki/Assassin%27s_Creed_Odyssey,0,2,active,Assassin's Creed Odyssey – Ubisoft Quebec / Ubisoft,https://en.wikipedia.org/wiki/The_Game_Awards_2018,Q54617566,2018-10-05,day,https://www.wikidata.org/wiki/Q54617566#P577,2018-10-05,first public release,https://www.wikidata.org/wiki/Q54617566#P577,earliest_wikidata_release,,not_publicly_disclosed
2018-14-03,2018-14,2018,Best Action/Adventure Game,game,Marvel's Spider-Man,Marvel's Spider-Man,https://en.wikipedia.org/wiki/Marvel%27s_Spider-Man_(video_game),0,3,active,Marvel's Spider-Man – Insomniac Games / Sony Interactive Entertainment,https://en.wikipedia.org/wiki/The_Game_Awards_2018,Q25340029,2018-09-07,day,https://www.wikidata.org/wiki/Q25340029#P577,2018-09-07,first public release,https://www.wikidata.org/wiki/Q25340029#P577,earliest_wikidata_release,,not_publicly_disclosed
2018-14-04,2018-14,2018,Best Action/Adventure Game,game,Red Dead Redemption 2,Red Dead Redemption 2,https://en.wikipedia.org/wiki/Red_Dead_Redemption_2,0,4,active,Red Dead Redemption 2 – Rockstar Games,https://en.wikipedia.org/wiki/The_Game_Awards_2018,Q27438121,2018-10-26,day,https://www.wikidata.org/wiki/Q27438121#P577,2018-10-26,first public release,https://www.wikidata.org/wiki/Q27438121#P577,earliest_wikidata_release,,not_publicly_disclosed
2018-14-05,2018-14,2018,Best Action/Adventure Game,game,Shadow of the Tomb Raider,Shadow of the Tomb Raider,https://en.wikipedia.org/wiki/Shadow_of_the_Tomb_Raider,0,5,active,Shadow of the Tomb Raider – Eidos Montréal / Square Enix,https://en.wikipedia.org/wiki/The_Game_Awards_2018,Q50562677,2018-09-14,day,https://www.wikidata.org/wiki/Q50562677#P577,2018-09-14,first public release,https://www.wikidata.org/wiki/Q50562677#P577,earliest_wikidata_release,,not_publicly_disclosed
2018-15-01,2018-15,2018,Best Role Playing Game,game,Monster Hunter: World,Monster Hunter: World,https://en.wikipedia.org/wiki/Monster_Hunter:_World,1,1,active,Monster Hunter: World – Capcom,https://en.wikipedia.org/wiki/The_Game_Awards_2018,Q30252256,2018-01-26,day,https://www.wikidata.org/wiki/Q30252256#P577,2018-01-26,first public release,https://www.wikidata.org/wiki/Q30252256#P577,earliest_wikidata_release,,not_publicly_disclosed
2018-15-02,2018-15,2018,Best Role Playing Game,game,Dragon Quest XI,Dragon Quest XI,https://en.wikipedia.org/wiki/Dragon_Quest_XI,0,2,active,Dragon Quest XI – Square Enix,https://en.wikipedia.org/wiki/The_Game_Awards_2018,Q20736242,2017-07-29,day,https://www.wikidata.org/wiki/Q20736242#P577,,,,earliest_wikidata_release,,not_publicly_disclosed
2018-15-03,2018-15,2018,Best Role Playing Game,game,Ni no Kuni II: Revenant Kingdom,Ni no Kuni II: Revenant Kingdom,https://en.wikipedia.org/wiki/Ni_no_Kuni_II:_Revenant_Kingdom,0,3,active,Ni no Kuni II: Revenant Kingdom – Level-5 / Bandai Namco Entertainment,https://en.wikipedia.org/wiki/The_Game_Awards_2018,Q23952658,2018-03-23,day,https://www.wikidata.org/wiki/Q23952658#P577,2018-03-23,first public release,https://www.wikidata.org/wiki/Q23952658#P577,earliest_wikidata_release,,not_publicly_disclosed
2018-15-04,2018-15,2018,Best Role Playing Game,game,Octopath Traveler,Octopath Traveler,https://en.wikipedia.org/wiki/Octopath_Traveler,0,4,active,"Octopath Traveler – Square Enix Business Division 11 , Acquire / Nintendo",https://en.wikipedia.org/wiki/The_Game_Awards_2018,Q40887608,2018-07-13,day,https://www.wikidata.org/wiki/Q40887608#P577,2018-07-13,first public release,https://www.wikidata.org/wiki/Q40887608#P577,earliest_wikidata_release,,not_publicly_disclosed
2018-15-05,2018-15,2018,Best Role Playing Game,game,Pillars of Eternity II: Deadfire,Pillars of Eternity II: Deadfire,https://en.wikipedia.org/wiki/Pillars_of_Eternity_II:_Deadfire,0,5,active,Pillars of Eternity II: Deadfire – Obsidian Entertainment,https://en.wikipedia.org/wiki/The_Game_Awards_2018,Q28871558,2018-05-08,day,https://www.wikidata.org/wiki/Q28871558#P577,2018-05-08,first public release,https://www.wikidata.org/wiki/Q28871558#P577,earliest_wikidata_release,,not_publicly_disclosed
2018-16-01,2018-16,2018,Best Fighting Game,game,Dragon Ball FighterZ,Dragon Ball FighterZ,https://en.wikipedia.org/wiki/Dragon_Ball_FighterZ,1,1,active,Dragon Ball FighterZ – Arc System Works / Bandai Namco Entertainment,https://en.wikipedia.org/wiki/The_Game_Awards_2018,Q30246735,2018-01-26,day,https://www.wikidata.org/wiki/Q30246735#P577,2018-01-26,first public release,https://www.wikidata.org/wiki/Q30246735#P577,earliest_wikidata_release,,not_publicly_disclosed
2018-16-02,2018-16,2018,Best Fighting Game,game,BlazBlue: Cross Tag Battle,BlazBlue: Cross Tag Battle,https://en.wikipedia.org/wiki/BlazBlue:_Cross_Tag_Battle,0,2,active,BlazBlue: Cross Tag Battle – Arc System Works,https://en.wikipedia.org/wiki/The_Game_Awards_2018,Q39055524,2018-05-31,day,https://www.wikidata.org/wiki/Q39055524#P577,2018-05-31,first public release,https://www.wikidata.org/wiki/Q39055524#P577,earliest_wikidata_release,,not_publicly_disclosed
2018-16-03,2018-16,2018,Best Fighting Game,game,Soulcalibur VI,Soulcalibur VI,https://en.wikipedia.org/wiki/Soulcalibur_VI,0,3,active,"Soulcalibur VI – Bandai Namco Studios , Dimps / Bandai Namco Entertainment",https://en.wikipedia.org/wiki/The_Game_Awards_2018,Q45080517,2018-10-19,day,https://www.wikidata.org/wiki/Q45080517#P577,2018-10-19,first public release,https://www.wikidata.org/wiki/Q45080517#P577,earliest_wikidata_release,,not_publicly_disclosed
2018-16-04,2018-16,2018,Best Fighting Game,game,Street Fighter V: Arcade Edition,Street Fighter V: Arcade Edition,https://en.wikipedia.org/wiki/Street_Fighter_V:_Arcade_Edition,0,4,active,Street Fighter V: Arcade Edition – Capcom,https://en.wikipedia.org/wiki/The_Game_Awards_2018,Q18608589,2016-02-16,day,https://www.wikidata.org/wiki/Q18608589#P577,,,,earliest_wikidata_release,,not_publicly_disclosed
2018-17-01,2018-17,2018,Best Family Game,game,Overcooked 2,Overcooked 2,https://en.wikipedia.org/wiki/Overcooked_2,1,1,active,Overcooked 2 – Ghost Town Games / Team17,https://en.wikipedia.org/wiki/The_Game_Awards_2018,Q55713667,2018-08-07,day,https://en.wikipedia.org/wiki/Overcooked_2,2018-08-07,first public release,https://en.wikipedia.org/wiki/Overcooked_2,curated_correction,,not_publicly_disclosed
2018-17-02,2018-17,2018,Best Family Game,game,Mario Tennis Aces,Mario Tennis Aces,https://en.wikipedia.org/wiki/Mario_Tennis_Aces,0,2,active,Mario Tennis Aces – Camelot Software Planning / Nintendo,https://en.wikipedia.org/wiki/The_Game_Awards_2018,Q47208788,2018-06-22,day,https://www.wikidata.org/wiki/Q47208788#P577,2018-06-22,first public release,https://www.wikidata.org/wiki/Q47208788#P577,earliest_wikidata_release,,not_publicly_disclosed
2018-17-03,2018-17,2018,Best Family Game,game,Nintendo Labo,Nintendo Labo,https://en.wikipedia.org/wiki/Nintendo_Labo,0,3,active,Nintendo Labo – Nintendo,https://en.wikipedia.org/wiki/The_Game_Awards_2018,Q47457020,2018-04-20,day,https://www.wikidata.org/wiki/Q47457020#P577,2018-04-20,first public release,https://www.wikidata.org/wiki/Q47457020#P577,earliest_wikidata_release,,not_publicly_disclosed
2018-17-04,2018-17,2018,Best Family Game,game,Starlink: Battle for Atlas,Starlink: Battle for Atlas,https://en.wikipedia.org/wiki/Starlink:_Battle_for_Atlas,0,4,active,Starlink: Battle for Atlas – Ubisoft Toronto / Ubisoft,https://en.wikipedia.org/wiki/The_Game_Awards_2018,Q39058311,2018-10-16,day,https://www.wikidata.org/wiki/Q39058311#P577,2018-10-16,first public release,https://www.wikidata.org/wiki/Q39058311#P577,earliest_wikidata_release,,not_publicly_disclosed
2018-17-05,2018-17,2018,Best Family Game,game,Super Mario Party,Super Mario Party,https://en.wikipedia.org/wiki/Super_Mario_Party,0,5,active,Super Mario Party – NDcube / Nintendo,https://en.wikipedia.org/wiki/The_Game_Awards_2018,Q54936079,2018-10-05,day,https://www.wikidata.org/wiki/Q54936079#P577,2018-10-05,first public release,https://www.wikidata.org/wiki/Q54936079#P577,earliest_wikidata_release,,not_publicly_disclosed
2018-18-01,2018-18,2018,Best Strategy Game,game,Into the Breach,Into the Breach,https://en.wikipedia.org/wiki/Into_the_Breach,1,1,active,Into the Breach – Subset Games,https://en.wikipedia.org/wiki/The_Game_Awards_2018,Q30591391,2018-02-27,day,https://www.wikidata.org/wiki/Q30591391#P577,2018-02-27,first public release,https://www.wikidata.org/wiki/Q30591391#P577,earliest_wikidata_release,,not_publicly_disclosed
2018-18-02,2018-18,2018,Best Strategy Game,game,The Banner Saga 3,The Banner Saga 3,https://en.wikipedia.org/wiki/The_Banner_Saga_3,0,2,active,The Banner Saga 3 – Stoic / Versus Evil,https://en.wikipedia.org/wiki/The_Game_Awards_2018,Q39052714,2018-07-24,day,https://www.wikidata.org/wiki/Q39052714#P577,2018-07-24,first public release,https://www.wikidata.org/wiki/Q39052714#P577,earliest_wikidata_release,,not_publicly_disclosed
2018-18-03,2018-18,2018,Best Strategy Game,game,BattleTech,BattleTech,https://en.wikipedia.org/wiki/BattleTech,0,3,active,BattleTech – Harebrained Schemes / Paradox Interactive,https://en.wikipedia.org/wiki/The_Game_Awards_2018,Q810983,,,,,,,no_release_claim,,not_publicly_disclosed
2018-18-04,2018-18,2018,Best Strategy Game,game,Frostpunk,Frostpunk,https://en.wikipedia.org/wiki/Frostpunk,0,4,active,Frostpunk – 11 bit studios,https://en.wikipedia.org/wiki/The_Game_Awards_2018,Q50356175,2018-04-24,day,https://www.wikidata.org/wiki/Q50356175#P577,2018-04-24,first public release,https://www.wikidata.org/wiki/Q50356175#P577,earliest_wikidata_release,,not_publicly_disclosed
2018-18-05,2018-18,2018,Best Strategy Game,game,Valkyria Chronicles 4,Valkyria Chronicles 4,https://en.wikipedia.org/wiki/Valkyria_Chronicles_4,0,5,active,Valkyria Chronicles 4 – Sega,https://en.wikipedia.org/wiki/The_Game_Awards_2018,Q43371386,2018,year,https://www.wikidata.org/wiki/Q43371386#P577,,,,earliest_wikidata_release,,not_publicly_disclosed
2018-19-01,2018-19,2018,Best Sports/Racing Game,game,Forza Horizon 4,Forza Horizon 4,https://en.wikipedia.org/wiki/Forza_Horizon_4,1,1,active,Forza Horizon 4 – Playground Games / Microsoft Studios,https://en.wikipedia.org/wiki/The_Game_Awards_2018,Q54893555,2018-10-02,day,https://www.wikidata.org/wiki/Q54893555#P577,2018-10-02,first public release,https://www.wikidata.org/wiki/Q54893555#P577,earliest_wikidata_release,,not_publicly_disclosed
2018-19-02,2018-19,2018,Best Sports/Racing Game,game,FIFA 19,FIFA 19,https://en.wikipedia.org/wiki/FIFA_19,0,2,active,FIFA 19 – EA Vancouver / EA Sports,https://en.wikipedia.org/wiki/The_Game_Awards_2018,Q54153179,2018-09-28,day,https://www.wikidata.org/wiki/Q54153179#P577,2018-09-28,first public release,https://www.wikidata.org/wiki/Q54153179#P577,earliest_wikidata_release,,not_publicly_disclosed
2018-19-03,2018-19,2018,Best Sports/Racing Game,game,Mario Tennis Aces,Mario Tennis Aces,https://en.wikipedia.org/wiki/Mario_Tennis_Aces,0,3,active,Mario Tennis Aces – Camelot Software Planning / Nintendo,https://en.wikipedia.org/wiki/The_Game_Awards_2018,Q47208788,2018-06-22,day,https://www.wikidata.org/wiki/Q47208788#P577,2018-06-22,first public release,https://www.wikidata.org/wiki/Q47208788#P577,earliest_wikidata_release,,not_publicly_disclosed
2018-19-04,2018-19,2018,Best Sports/Racing Game,game,NBA 2K19,NBA 2K19,https://en.wikipedia.org/wiki/NBA_2K19,0,4,active,NBA 2K19 – Visual Concepts / 2K Sports,https://en.wikipedia.org/wiki/The_Game_Awards_2018,Q54871545,2018-09-11,day,https://www.wikidata.org/wiki/Q54871545#P577,2018-09-11,first public release,https://www.wikidata.org/wiki/Q54871545#P577,earliest_wikidata_release,,not_publicly_disclosed
2018-19-05,2018-19,2018,Best Sports/Racing Game,game,Pro Evolution Soccer 2019,Pro Evolution Soccer 2019,https://en.wikipedia.org/wiki/Pro_Evolution_Soccer_2019,0,5,active,Pro Evolution Soccer 2019 – PES Productions / Konami,https://en.wikipedia.org/wiki/The_Game_Awards_2018,Q52935749,2018-08-28,day,https://www.wikidata.org/wiki/Q52935749#P577,2018-08-28,first public release,https://www.wikidata.org/wiki/Q52935749#P577,earliest_wikidata_release,,not_publicly_disclosed
2018-20-01,2018-20,2018,Best Multiplayer Game,game,Fortnite,Fortnite,https://en.wikipedia.org/wiki/Fortnite,1,1,active,Fortnite – Epic Games,https://en.wikipedia.org/wiki/The_Game_Awards_2018,Q349375,2017-07-25,day,https://www.wikidata.org/wiki/Q349375#P577,,,,earliest_wikidata_release,,not_publicly_disclosed
2018-20-02,2018-20,2018,Best Multiplayer Game,game,Call of Duty: Black Ops 4,Call of Duty: Black Ops 4,https://en.wikipedia.org/wiki/Call_of_Duty:_Black_Ops_4,0,2,active,Call of Duty: Black Ops 4 – Treyarch / Activision,https://en.wikipedia.org/wiki/The_Game_Awards_2018,Q50376633,2018-10-12,day,https://www.wikidata.org/wiki/Q50376633#P577,2018-10-12,first public release,https://www.wikidata.org/wiki/Q50376633#P577,earliest_wikidata_release,,not_publicly_disclosed
2018-20-03,2018-20,2018,Best Multiplayer Game,game,Destiny 2: Forsaken,Destiny 2: Forsaken,https://en.wikipedia.org/wiki/Destiny_2:_Forsaken,0,3,active,Destiny 2: Forsaken – Bungie / Activision,https://en.wikipedia.org/wiki/The_Game_Awards_2018,Q58447640,2018-09-04,day,https://www.wikidata.org/wiki/Q58447640#P577,2018-09-04,first public release,https://www.wikidata.org/wiki/Q58447640#P577,earliest_wikidata_release,,not_publicly_disclosed
2018-20-04,2018-20,2018,Best Multiplayer Game,game,Monster Hunter: World,Monster Hunter: World,https://en.wikipedia.org/wiki/Monster_Hunter:_World,0,4,active,Monster Hunter: World – Capcom,https://en.wikipedia.org/wiki/The_Game_Awards_2018,Q30252256,2018-01-26,day,https://www.wikidata.org/wiki/Q30252256#P577,2018-01-26,first public release,https://www.wikidata.org/wiki/Q30252256#P577,earliest_wikidata_release,,not_publicly_disclosed
2018-20-05,2018-20,2018,Best Multiplayer Game,game,Sea of Thieves,Sea of Thieves,https://en.wikipedia.org/wiki/Sea_of_Thieves,0,5,active,Sea of Thieves – Rare / Microsoft Studios,https://en.wikipedia.org/wiki/The_Game_Awards_2018,Q20113718,2018-03-20,day,https://www.wikidata.org/wiki/Q20113718#P577,2018-03-20,first public release,https://www.wikidata.org/wiki/Q20113718#P577,earliest_wikidata_release,,not_publicly_disclosed
2018-21-01,2018-21,2018,Best Student Game,game,Combat 2018,Combat 2018,,1,1,active,Combat 2018 – Inland Norway University of Applied Sciences,https://en.wikipedia.org/wiki/The_Game_Awards_2018,,,,,,,,no_game_link,,not_publicly_disclosed
2018-21-02,2018-21,2018,Best Student Game,game,Dash Quasar,Dash Quasar,,0,2,active,Dash Quasar – UC Santa Cruz,https://en.wikipedia.org/wiki/The_Game_Awards_2018,,,,,,,,no_game_link,,not_publicly_disclosed
2018-21-03,2018-21,2018,Best Student Game,game,JERA,JERA,,0,3,active,"JERA – DigiPen Bilbao, Spain",https://en.wikipedia.org/wiki/The_Game_Awards_2018,,,,,,,,no_game_link,,not_publicly_disclosed
2018-21-04,2018-21,2018,Best Student Game,game,LIFF,LIFF,,0,4,active,LIFF – ISART Digital,https://en.wikipedia.org/wiki/The_Game_Awards_2018,,,,,,,,no_game_link,,not_publicly_disclosed
2018-21-05,2018-21,2018,Best Student Game,game,RE: Charge,RE: Charge,,0,5,active,RE: Charge – MIT,https://en.wikipedia.org/wiki/The_Game_Awards_2018,,,,,,,,no_game_link,,not_publicly_disclosed
2018-22-01,2018-22,2018,Best Debut Indie Game,game,The Messenger,The Messenger,https://en.wikipedia.org/wiki/The_Messenger_(2018_video_game),1,1,active,The Messenger – Sabotage / Devolver Digital,https://en.wikipedia.org/wiki/The_Game_Awards_2018,Q48815228,2018-08-30,day,https://www.wikidata.org/wiki/Q48815228#P577,2018-08-30,first public release,https://www.wikidata.org/wiki/Q48815228#P577,earliest_wikidata_release,,not_publicly_disclosed
2018-22-02,2018-22,2018,Best Debut Indie Game,game,Donut County,Donut County,https://en.wikipedia.org/wiki/Donut_County,0,2,active,Donut County – Ben Esposito / Annapurna Interactive,https://en.wikipedia.org/wiki/The_Game_Awards_2018,Q19627412,2018-08-28,day,https://www.wikidata.org/wiki/Q19627412#P577,2018-08-28,first public release,https://www.wikidata.org/wiki/Q19627412#P577,earliest_wikidata_release,,not_publicly_disclosed
2018-22-03,2018-22,2018,Best Debut Indie Game,game,Florence,Florence,https://en.wikipedia.org/wiki/Florence_(video_game),0,3,active,Florence – Mountains / Annapurna Interactive,https://en.wikipedia.org/wiki/The_Game_Awards_2018,Q51844095,2018-02-05,day,https://www.wikidata.org/wiki/Q51844095#P577,2018-02-05,first public release,https://www.wikidata.org/wiki/Q51844095#P577,earliest_wikidata_release,,not_publicly_disclosed
2018-22-04,2018-22,2018,Best Debut Indie Game,game,Moss,Moss,https://en.wikipedia.org/wiki/Moss_(video_game),0,4,active,Moss – Polyarc Games,https://en.wikipedia.org/wiki/The_Game_Awards_2018,Q43304591,2018-02-27,day,https://www.wikidata.org/wiki/Q43304591#P577,2018-02-27,first public release,https://www.wikidata.org/wiki/Q43304591#P577,earliest_wikidata_release,,not_publicly_disclosed
2018-22-05,2018-22,2018,Best Debut Indie Game,game,Yoku's Island Express,Yoku's Island Express,https://en.wikipedia.org/wiki/Yoku%27s_Island_Express,0,5,active,Yoku's Island Express – Villa Gorilla,https://en.wikipedia.org/wiki/The_Game_Awards_2018,Q55099480,2018-05-29,day,https://www.wikidata.org/wiki/Q55099480#P577,2018-05-29,first public release,https://www.wikidata.org/wiki/Q55099480#P577,earliest_wikidata_release,,not_publicly_disclosed
2018-23-01,2018-23,2018,Best Esports Game,game,Overwatch,Overwatch,https://en.wikipedia.org/wiki/Overwatch_(2016_video_game),1,1,active,Overwatch – Blizzard Entertainment,https://en.wikipedia.org/wiki/The_Game_Awards_2018,Q18515944,2016-05-24,day,https://www.wikidata.org/wiki/Q18515944#P577,,,,earliest_wikidata_release,,not_publicly_disclosed
2018-23-02,2018-23,2018,Best Esports Game,game,Counter-Strike: Global Offensive,Counter-Strike: Global Offensive,https://en.wikipedia.org/wiki/Counter-Strike:_Global_Offensive,0,2,active,Counter-Strike: Global Offensive – Valve,https://en.wikipedia.org/wiki/The_Game_Awards_2018,Q842146,2012-08-21,day,https://www.wikidata.org/wiki/Q842146#P577,,,,earliest_wikidata_release,,not_publicly_disclosed
2018-23-03,2018-23,2018,Best Esports Game,game,Dota 2,Dota 2,https://en.wikipedia.org/wiki/Dota_2,0,3,active,Dota 2 – Valve,https://en.wikipedia.org/wiki/The_Game_Awards_2018,Q771541,2013-07-09,day,https://www.wikidata.org/wiki/Q771541#P577,,,,earliest_wikidata_release,,not_publicly_disclosed
2018-23-04,2018-23,2018,Best Esports Game,game,Fortnite,Fortnite,https://en.wikipedia.org/wiki/Fortnite,0,4,active,Fortnite – Epic Games,https://en.wikipedia.org/wiki/The_Game_Awards_2018,Q349375,2017-07-25,day,https://www.wikidata.org/wiki/Q349375#P577,,,,earliest_wikidata_release,,not_publicly_disclosed
2018-23-05,2018-23,2018,Best Esports Game,game,League of Legends,League of Legends,https://en.wikipedia.org/wiki/League_of_Legends,0,5,active,League of Legends – Riot Games,https://en.wikipedia.org/wiki/The_Game_Awards_2018,Q223341,2009-10-27,day,https://www.wikidata.org/wiki/Q223341#P577,,,,earliest_wikidata_release,,not_publicly_disclosed
2018-24-01,2018-24,2018,Best Esports Player,person,"Dominique ""SonicFox"" McLean ( Echo Fox )",,,1,1,active,"Dominique ""SonicFox"" McLean ( Echo Fox )",https://en.wikipedia.org/wiki/The_Game_Awards_2018,,,,,,,,no_associated_game,,not_publicly_disclosed
2018-24-02,2018-24,2018,Best Esports Player,person,"Sung-hygeon ""JJoNak"" Bang ( New York Excelsior )",,,0,2,active,"Sung-hygeon ""JJoNak"" Bang ( New York Excelsior )",https://en.wikipedia.org/wiki/The_Game_Awards_2018,,,,,,,,no_associated_game,,not_publicly_disclosed
2018-24-03,2018-24,2018,Best Esports Player,person,"Oleksandr ""s1mple"" Kostyliev ( Natus Vincere )",,,0,3,active,"Oleksandr ""s1mple"" Kostyliev ( Natus Vincere )",https://en.wikipedia.org/wiki/The_Game_Awards_2018,,,,,,,,no_associated_game,,not_publicly_disclosed
2018-24-04,2018-24,2018,Best Esports Player,person,"Hajime ""Tokido"" Taniguchi (Echo Fox)",,,0,4,active,"Hajime ""Tokido"" Taniguchi (Echo Fox)",https://en.wikipedia.org/wiki/The_Game_Awards_2018,,,,,,,,no_associated_game,,not_publicly_disclosed
2018-24-05,2018-24,2018,Best Esports Player,person,"Jian ""Uzi"" Zi-Hao ( Royal Never Give Up )",,,0,5,active,"Jian ""Uzi"" Zi-Hao ( Royal Never Give Up )",https://en.wikipedia.org/wiki/The_Game_Awards_2018,,,,,,,,no_associated_game,,not_publicly_disclosed
2018-25-01,2018-25,2018,Best Esports Team,other,Cloud9 ( League of Legends ),,,1,1,active,Cloud9 ( League of Legends ),https://en.wikipedia.org/wiki/The_Game_Awards_2018,,,,,,,,no_associated_game,,not_publicly_disclosed
2018-25-02,2018-25,2018,Best Esports Team,other,Astralis ( Counter-Strike: Global Offensive ),,,0,2,active,Astralis ( Counter-Strike: Global Offensive ),https://en.wikipedia.org/wiki/The_Game_Awards_2018,,,,,,,,no_associated_game,,not_publicly_disclosed
2018-25-03,2018-25,2018,Best Esports Team,other,Fnatic ( League of Legends ),,,0,3,active,Fnatic ( League of Legends ),https://en.wikipedia.org/wiki/The_Game_Awards_2018,,,,,,,,no_associated_game,,not_publicly_disclosed
2018-25-04,2018-25,2018,Best Esports Team,other,London Spitfire ( Overwatch League ),,,0,4,active,London Spitfire ( Overwatch League ),https://en.wikipedia.org/wiki/The_Game_Awards_2018,,,,,,,,no_associated_game,,not_publicly_disclosed
2018-25-05,2018-25,2018,Best Esports Team,other,OG ( Dota 2 ),,,0,5,active,OG ( Dota 2 ),https://en.wikipedia.org/wiki/The_Game_Awards_2018,,,,,,,,no_associated_game,,not_publicly_disclosed
2018-26-01,2018-26,2018,Best Esports Coach,person,"Bok ""Reapered"" Han-gyu ( Cloud9 )",,,1,1,active,"Bok ""Reapered"" Han-gyu ( Cloud9 )",https://en.wikipedia.org/wiki/The_Game_Awards_2018,,,,,,,,no_associated_game,,not_publicly_disclosed
2018-26-02,2018-26,2018,Best Esports Coach,person,"Christian ""ppasarel"" Banaseanu ( OG )",,,0,2,active,"Christian ""ppasarel"" Banaseanu ( OG )",https://en.wikipedia.org/wiki/The_Game_Awards_2018,,,,,,,,no_associated_game,,not_publicly_disclosed
2018-26-03,2018-26,2018,Best Esports Coach,person,Dylan Falco ( Fnatic ),,,0,3,active,Dylan Falco ( Fnatic ),https://en.wikipedia.org/wiki/The_Game_Awards_2018,,,,,,,,no_associated_game,,not_publicly_disclosed
2018-26-04,2018-26,2018,Best Esports Coach,person,"Jakob ""YamatoCannon"" Mebdi ( Team Vitality )",,,0,4,active,"Jakob ""YamatoCannon"" Mebdi ( Team Vitality )",https://en.wikipedia.org/wiki/The_Game_Awards_2018,,,,,,,,no_associated_game,,not_publicly_disclosed
2018-26-05,2018-26,2018,Best Esports Coach,person,"Janko ""YNk"" Paunovic ( MiBR )",,,0,5,active,"Janko ""YNk"" Paunovic ( MiBR )",https://en.wikipedia.org/wiki/The_Game_Awards_2018,,,,,,,,no_associated_game,,not_publicly_disclosed
2018-26-06,2018-26,2018,Best Esports Coach,person,"Danny ""zonic"" Sorensen ( Astralis )",,,0,6,active,"Danny ""zonic"" Sorensen ( Astralis )",https://en.wikipedia.org/wiki/The_Game_Awards_2018,,,,,,,,no_associated_game,,not_publicly_disclosed
2018-27-01,2018-27,2018,Best Esports Event,other,2018 League of Legends World Championship,,,1,1,active,2018 League of Legends World Championship,https://en.wikipedia.org/wiki/The_Game_Awards_2018,,,,,,,,no_associated_game,,not_publicly_disclosed
2018-27-02,2018-27,2018,Best Esports Event,other,2018 Overwatch League Grand Finals,,,0,2,active,2018 Overwatch League Grand Finals,https://en.wikipedia.org/wiki/The_Game_Awards_2018,,,,,,,,no_associated_game,,not_publicly_disclosed
2018-27-03,2018-27,2018,Best Esports Event,other,ELEAGUE Major: Boston 2018,,,0,3,active,ELEAGUE Major: Boston 2018,https://en.wikipedia.org/wiki/The_Game_Awards_2018,,,,,,,,no_associated_game,,not_publicly_disclosed
2018-27-04,2018-27,2018,Best Esports Event,other,Evo 2018,,,0,4,active,Evo 2018,https://en.wikipedia.org/wiki/The_Game_Awards_2018,,,,,,,,no_associated_game,,not_publicly_disclosed
2018-27-05,2018-27,2018,Best Esports Event,other,The International 2018,,,0,5,active,The International 2018,https://en.wikipedia.org/wiki/The_Game_Awards_2018,,,,,,,,no_associated_game,,not_publicly_disclosed
2018-28-01,2018-28,2018,Best Esports Host,person,"Eefje ""Sjokz"" Depoortere",,,1,1,active,"Eefje ""Sjokz"" Depoortere",https://en.wikipedia.org/wiki/The_Game_Awards_2018,,,,,,,,no_associated_game,,not_publicly_disclosed
2018-28-02,2018-28,2018,Best Esports Host,person,Anders Blume,,,0,2,active,Anders Blume,https://en.wikipedia.org/wiki/The_Game_Awards_2018,,,,,,,,no_associated_game,,not_publicly_disclosed
2018-28-03,2018-28,2018,Best Esports Host,person,"Paul ""Redeye"" Chaloner",,,0,3,active,"Paul ""Redeye"" Chaloner",https://en.wikipedia.org/wiki/The_Game_Awards_2018,,,,,,,,no_associated_game,,not_publicly_disclosed
2018-28-04,2018-28,2018,Best Esports Host,person,"Alex ""Goldenboy"" Mendez",,,0,4,active,"Alex ""Goldenboy"" Mendez",https://en.wikipedia.org/wiki/The_Game_Awards_2018,,,,,,,,no_associated_game,,not_publicly_disclosed
2018-28-05,2018-28,2018,Best Esports Host,person,"Alex ""Machine"" Richardson",,,0,5,active,"Alex ""Machine"" Richardson",https://en.wikipedia.org/wiki/The_Game_Awards_2018,,,,,,,,no_associated_game,,not_publicly_disclosed
2018-29-01,2018-29,2018,Best Esports Moment,other,Cloud9 comeback win in triple OT vs Faze ( ELEAGUE Major: Boston 2018 ),,,1,1,active,Cloud9 comeback win in triple OT vs Faze ( ELEAGUE Major: Boston 2018 ),https://en.wikipedia.org/wiki/The_Game_Awards_2018,,,,,,,,no_associated_game,,not_publicly_disclosed
2018-29-02,2018-29,2018,Best Esports Moment,other,G2 beating RNG ( League of Legends World Championship ),,,0,2,active,G2 beating RNG ( League of Legends World Championship ),https://en.wikipedia.org/wiki/The_Game_Awards_2018,,,,,,,,no_associated_game,,not_publicly_disclosed
2018-29-03,2018-29,2018,Best Esports Moment,other,KT vs IG base race ( League of Legends World Championship),,,0,3,active,KT vs IG base race ( League of Legends World Championship),https://en.wikipedia.org/wiki/The_Game_Awards_2018,,,,,,,,no_associated_game,,not_publicly_disclosed
2018-29-04,2018-29,2018,Best Esports Moment,other,OG 's massive upset of LGD ( The International 2018 ),,,0,4,active,OG 's massive upset of LGD ( The International 2018 ),https://en.wikipedia.org/wiki/The_Game_Awards_2018,,,,,,,,no_associated_game,,not_publicly_disclosed
2018-29-05,2018-29,2018,Best Esports Moment,other,SonicFox side switch against Go1 ( Evo 2018 ),,,0,5,active,SonicFox side switch against Go1 ( Evo 2018 ),https://en.wikipedia.org/wiki/The_Game_Awards_2018,,,,,,,,no_associated_game,,not_publicly_disclosed
2018-30-01,2018-30,2018,Content Creator of the Year,person,Ninja,,,1,1,active,Ninja,https://en.wikipedia.org/wiki/The_Game_Awards_2018,,,,,,,,no_associated_game,,not_publicly_disclosed
2018-30-02,2018-30,2018,Content Creator of the Year,person,DrLupo,,,0,2,active,DrLupo,https://en.wikipedia.org/wiki/The_Game_Awards_2018,,,,,,,,no_associated_game,,not_publicly_disclosed
2018-30-03,2018-30,2018,Content Creator of the Year,person,Pokimane,,,0,3,active,Pokimane,https://en.wikipedia.org/wiki/The_Game_Awards_2018,,,,,,,,no_associated_game,,not_publicly_disclosed
2018-30-04,2018-30,2018,Content Creator of the Year,person,Willyrex,,,0,4,active,Willyrex,https://en.wikipedia.org/wiki/The_Game_Awards_2018,,,,,,,,no_associated_game,,not_publicly_disclosed
2018-31-01,2018-31,2018,Industry Icon Award,honorary,Greg Thomas,,,1,1,active,Greg Thomas,https://en.wikipedia.org/wiki/The_Game_Awards_2018,,,,,,,,no_associated_game,,not_publicly_disclosed
2018-32-01,2018-32,2018,Global Gaming Citizens,honorary,Sadia Bashir,,,1,1,active,Sadia Bashir,https://en.wikipedia.org/wiki/The_Game_Awards_2018,,,,,,,,no_associated_game,,not_publicly_disclosed
2018-32-02,2018-32,2018,Global Gaming Citizens,honorary,Steven Spohn,,,1,2,active,Steven Spohn,https://en.wikipedia.org/wiki/The_Game_Awards_2018,,,,,,,,no_associated_game,,not_publicly_disclosed
2018-32-03,2018-32,2018,Global Gaming Citizens,honorary,Lual Mayen,,,1,3,active,Lual Mayen,https://en.wikipedia.org/wiki/The_Game_Awards_2018,,,,,,,,no_associated_game,,not_publicly_disclosed
2019-01-01,2019-01,2019,Game of the Year,game,Sekiro: Shadows Die Twice,Sekiro: Shadows Die Twice,https://en.wikipedia.org/wiki/Sekiro:_Shadows_Die_Twice,1,1,active,Sekiro: Shadows Die Twice – FromSoftware / Activision,https://en.wikipedia.org/wiki/The_Game_Awards_2019,Q54906424,2019-03-22,day,https://www.wikidata.org/wiki/Q54906424#P577,2019-03-22,first public release,https://www.wikidata.org/wiki/Q54906424#P577,earliest_wikidata_release,,not_publicly_disclosed
2019-01-02,2019-01,2019,Game of the Year,game,Control,Control,https://en.wikipedia.org/wiki/Control_(video_game),0,2,active,Control – Remedy Entertainment / 505 Games,https://en.wikipedia.org/wiki/The_Game_Awards_2019,Q54935655,2019-08-27,day,https://www.wikidata.org/wiki/Q54935655#P577,2019-08-27,first public release,https://www.wikidata.org/wiki/Q54935655#P577,earliest_wikidata_release,,not_publicly_disclosed
2019-01-03,2019-01,2019,Game of the Year,game,Death Stranding,Death Stranding,https://en.wikipedia.org/wiki/Death_Stranding,0,3,active,Death Stranding – Kojima Productions / Sony Interactive Entertainment,https://en.wikipedia.org/wiki/The_Game_Awards_2019,Q24666782,2019-11-08,day,https://www.wikidata.org/wiki/Q24666782#P577,2019-11-08,first public release,https://www.wikidata.org/wiki/Q24666782#P577,earliest_wikidata_release,,not_publicly_disclosed
2019-01-04,2019-01,2019,Game of the Year,game,The Outer Worlds,The Outer Worlds,https://en.wikipedia.org/wiki/The_Outer_Worlds,0,4,active,The Outer Worlds – Obsidian Entertainment / Private Division,https://en.wikipedia.org/wiki/The_Game_Awards_2019,Q59535090,2019-10-25,day,https://www.wikidata.org/wiki/Q59535090#P577,2019-10-25,first public release,https://www.wikidata.org/wiki/Q59535090#P577,earliest_wikidata_release,,not_publicly_disclosed
2019-01-05,2019-01,2019,Game of the Year,game,Resident Evil 2,Resident Evil 2,https://en.wikipedia.org/wiki/Resident_Evil_2_(2019_video_game),0,5,active,Resident Evil 2 – Capcom,https://en.wikipedia.org/wiki/The_Game_Awards_2019,Q54920200,2019-01-25,day,https://www.wikidata.org/wiki/Q54920200#P577,2019-01-25,first public release,https://www.wikidata.org/wiki/Q54920200#P577,earliest_wikidata_release,,not_publicly_disclosed
2019-01-06,2019-01,2019,Game of the Year,game,Super Smash Bros. Ultimate,Super Smash Bros. Ultimate,https://en.wikipedia.org/wiki/Super_Smash_Bros._Ultimate,0,6,active,"Super Smash Bros. Ultimate – Bandai Namco Studios , Sora Ltd. / Nintendo",https://en.wikipedia.org/wiki/The_Game_Awards_2019,Q54093632,2018-12-07,day,https://www.wikidata.org/wiki/Q54093632#P577,,,,earliest_wikidata_release,,not_publicly_disclosed
2019-02-01,2019-02,2019,Best Game Direction,game,Death Stranding,Death Stranding,https://en.wikipedia.org/wiki/Death_Stranding,1,1,active,Death Stranding – Kojima Productions / Sony Interactive Entertainment,https://en.wikipedia.org/wiki/The_Game_Awards_2019,Q24666782,2019-11-08,day,https://www.wikidata.org/wiki/Q24666782#P577,2019-11-08,first public release,https://www.wikidata.org/wiki/Q24666782#P577,earliest_wikidata_release,,not_publicly_disclosed
2019-02-02,2019-02,2019,Best Game Direction,game,Control,Control,https://en.wikipedia.org/wiki/Control_(video_game),0,2,active,Control – Remedy Entertainment / 505 Games,https://en.wikipedia.org/wiki/The_Game_Awards_2019,Q54935655,2019-08-27,day,https://www.wikidata.org/wiki/Q54935655#P577,2019-08-27,first public release,https://www.wikidata.org/wiki/Q54935655#P577,earliest_wikidata_release,,not_publicly_disclosed
2019-02-03,2019-02,2019,Best Game Direction,game,Outer Wilds,Outer Wilds,https://en.wikipedia.org/wiki/Outer_Wilds,0,3,active,Outer Wilds – Mobius Digital / Annapurna Interactive,https://en.wikipedia.org/wiki/The_Game_Awards_2019,Q19631660,2019-05-28,day,https://www.wikidata.org/wiki/Q19631660#P577,2019-05-28,first public release,https://www.wikidata.org/wiki/Q19631660#P577,earliest_wikidata_release,,not_publicly_disclosed
2019-02-04,2019-02,2019,Best Game Direction,game,Resident Evil 2,Resident Evil 2,https://en.wikipedia.org/wiki/Resident_Evil_2_(2019_video_game),0,4,active,Resident Evil 2 – Capcom,https://en.wikipedia.org/wiki/The_Game_Awards_2019,Q54920200,2019-01-25,day,https://www.wikidata.org/wiki/Q54920200#P577,2019-01-25,first public release,https://www.wikidata.org/wiki/Q54920200#P577,earliest_wikidata_release,,not_publicly_disclosed
2019-02-05,2019-02,2019,Best Game Direction,game,Sekiro: Shadows Die Twice,Sekiro: Shadows Die Twice,https://en.wikipedia.org/wiki/Sekiro:_Shadows_Die_Twice,0,5,active,Sekiro: Shadows Die Twice – FromSoftware / Activision,https://en.wikipedia.org/wiki/The_Game_Awards_2019,Q54906424,2019-03-22,day,https://www.wikidata.org/wiki/Q54906424#P577,2019-03-22,first public release,https://www.wikidata.org/wiki/Q54906424#P577,earliest_wikidata_release,,not_publicly_disclosed
2019-03-01,2019-03,2019,Best Narrative,game,Disco Elysium,Disco Elysium,https://en.wikipedia.org/wiki/Disco_Elysium,1,1,active,Disco Elysium – ZA/UM,https://en.wikipedia.org/wiki/The_Game_Awards_2019,Q71693825,2019-10-15,day,https://www.wikidata.org/wiki/Q71693825#P577,2019-10-15,first public release,https://www.wikidata.org/wiki/Q71693825#P577,earliest_wikidata_release,,not_publicly_disclosed
2019-03-02,2019-03,2019,Best Narrative,game,A Plague Tale: Innocence,A Plague Tale: Innocence,https://en.wikipedia.org/wiki/A_Plague_Tale:_Innocence,0,2,active,A Plague Tale: Innocence – Asobo Studio / Focus Home Interactive,https://en.wikipedia.org/wiki/The_Game_Awards_2019,Q54577668,2019-05-14,day,https://www.wikidata.org/wiki/Q54577668#P577,2019-05-14,first public release,https://www.wikidata.org/wiki/Q54577668#P577,earliest_wikidata_release,,not_publicly_disclosed
2019-03-03,2019-03,2019,Best Narrative,game,Control,Control,https://en.wikipedia.org/wiki/Control_(video_game),0,3,active,Control – Remedy Entertainment / 505 Games,https://en.wikipedia.org/wiki/The_Game_Awards_2019,Q54935655,2019-08-27,day,https://www.wikidata.org/wiki/Q54935655#P577,2019-08-27,first public release,https://www.wikidata.org/wiki/Q54935655#P577,earliest_wikidata_release,,not_publicly_disclosed
2019-03-04,2019-03,2019,Best Narrative,game,Death Stranding,Death Stranding,https://en.wikipedia.org/wiki/Death_Stranding,0,4,active,Death Stranding – Kojima Productions / Sony Interactive Entertainment,https://en.wikipedia.org/wiki/The_Game_Awards_2019,Q24666782,2019-11-08,day,https://www.wikidata.org/wiki/Q24666782#P577,2019-11-08,first public release,https://www.wikidata.org/wiki/Q24666782#P577,earliest_wikidata_release,,not_publicly_disclosed
2019-03-05,2019-03,2019,Best Narrative,game,The Outer Worlds,The Outer Worlds,https://en.wikipedia.org/wiki/The_Outer_Worlds,0,5,active,The Outer Worlds – Obsidian Entertainment / Private Division,https://en.wikipedia.org/wiki/The_Game_Awards_2019,Q59535090,2019-10-25,day,https://www.wikidata.org/wiki/Q59535090#P577,2019-10-25,first public release,https://www.wikidata.org/wiki/Q59535090#P577,earliest_wikidata_release,,not_publicly_disclosed
2019-04-01,2019-04,2019,Best Art Direction,game,Control,Control,https://en.wikipedia.org/wiki/Control_(video_game),1,1,active,Control – Remedy Entertainment / 505 Games,https://en.wikipedia.org/wiki/The_Game_Awards_2019,Q54935655,2019-08-27,day,https://www.wikidata.org/wiki/Q54935655#P577,2019-08-27,first public release,https://www.wikidata.org/wiki/Q54935655#P577,earliest_wikidata_release,,not_publicly_disclosed
2019-04-02,2019-04,2019,Best Art Direction,game,Death Stranding,Death Stranding,https://en.wikipedia.org/wiki/Death_Stranding,0,2,active,Death Stranding – Kojima Productions / Sony Interactive Entertainment,https://en.wikipedia.org/wiki/The_Game_Awards_2019,Q24666782,2019-11-08,day,https://www.wikidata.org/wiki/Q24666782#P577,2019-11-08,first public release,https://www.wikidata.org/wiki/Q24666782#P577,earliest_wikidata_release,,not_publicly_disclosed
2019-04-03,2019-04,2019,Best Art Direction,game,Gris,Gris,https://en.wikipedia.org/wiki/Gris,0,3,active,Gris – Nomada Studio / Devolver Digital,https://en.wikipedia.org/wiki/The_Game_Awards_2019,Q59769284,2018-12-13,day,https://www.wikidata.org/wiki/Q59769284#P577,,,,earliest_wikidata_release,,not_publicly_disclosed
2019-04-04,2019-04,2019,Best Art Direction,game,The Legend of Zelda: Link's Awakening,The Legend of Zelda: Link's Awakening,https://en.wikipedia.org/wiki/The_Legend_of_Zelda:_Link%27s_Awakening_(2019_video_game),0,4,active,The Legend of Zelda: Link's Awakening – Grezzo / Nintendo,https://en.wikipedia.org/wiki/The_Game_Awards_2019,Q61745904,2019-09-20,day,https://www.wikidata.org/wiki/Q61745904#P577,2019-09-20,first public release,https://www.wikidata.org/wiki/Q61745904#P577,earliest_wikidata_release,,not_publicly_disclosed
2019-04-05,2019-04,2019,Best Art Direction,game,Sayonara Wild Hearts,Sayonara Wild Hearts,https://en.wikipedia.org/wiki/Sayonara_Wild_Hearts,0,5,active,Sayonara Wild Hearts – Simogo / Annapurna Interactive,https://en.wikipedia.org/wiki/The_Game_Awards_2019,Q76122450,2019-09-19,day,https://www.wikidata.org/wiki/Q76122450#P577,2019-09-19,first public release,https://www.wikidata.org/wiki/Q76122450#P577,earliest_wikidata_release,,not_publicly_disclosed
2019-04-06,2019-04,2019,Best Art Direction,game,Sekiro: Shadows Die Twice,Sekiro: Shadows Die Twice,https://en.wikipedia.org/wiki/Sekiro:_Shadows_Die_Twice,0,6,active,Sekiro: Shadows Die Twice – FromSoftware / Activision,https://en.wikipedia.org/wiki/The_Game_Awards_2019,Q54906424,2019-03-22,day,https://www.wikidata.org/wiki/Q54906424#P577,2019-03-22,first public release,https://www.wikidata.org/wiki/Q54906424#P577,earliest_wikidata_release,,not_publicly_disclosed
2019-05-01,2019-05,2019,Best Score/Music,game,Death Stranding,Death Stranding,https://en.wikipedia.org/wiki/Death_Stranding,1,1,active,Death Stranding – Kojima Productions / Sony Interactive Entertainment,https://en.wikipedia.org/wiki/The_Game_Awards_2019,Q24666782,2019-11-08,day,https://www.wikidata.org/wiki/Q24666782#P577,2019-11-08,first public release,https://www.wikidata.org/wiki/Q24666782#P577,earliest_wikidata_release,,not_publicly_disclosed
2019-05-02,2019-05,2019,Best Score/Music,game,Cadence of Hyrule,Cadence of Hyrule,https://en.wikipedia.org/wiki/Cadence_of_Hyrule,0,2,active,Cadence of Hyrule – Brace Yourself Games / Nintendo,https://en.wikipedia.org/wiki/The_Game_Awards_2019,Q62128701,2019-06-13,day,https://www.wikidata.org/wiki/Q62128701#P577,2019-06-13,first public release,https://www.wikidata.org/wiki/Q62128701#P577,earliest_wikidata_release,,not_publicly_disclosed
2019-05-03,2019-05,2019,Best Score/Music,game,Devil May Cry 5,Devil May Cry 5,https://en.wikipedia.org/wiki/Devil_May_Cry_5,0,3,active,Devil May Cry 5 – Capcom,https://en.wikipedia.org/wiki/The_Game_Awards_2019,Q55076932,2019-03-08,day,https://www.wikidata.org/wiki/Q55076932#P577,2019-03-08,first public release,https://www.wikidata.org/wiki/Q55076932#P577,earliest_wikidata_release,,not_publicly_disclosed
2019-05-04,2019-05,2019,Best Score/Music,game,Kingdom Hearts III,Kingdom Hearts III,https://en.wikipedia.org/wiki/Kingdom_Hearts_III,0,4,active,Kingdom Hearts III – Square Enix Business Division 3 / Square Enix,https://en.wikipedia.org/wiki/The_Game_Awards_2019,Q3265748,2019-01-25,day,https://www.wikidata.org/wiki/Q3265748#P577,2019-01-25,first public release,https://www.wikidata.org/wiki/Q3265748#P577,earliest_wikidata_release,,not_publicly_disclosed
2019-05-05,2019-05,2019,Best Score/Music,game,Sayonara Wild Hearts,Sayonara Wild Hearts,https://en.wikipedia.org/wiki/Sayonara_Wild_Hearts,0,5,active,Sayonara Wild Hearts – Simogo / Annapurna Interactive,https://en.wikipedia.org/wiki/The_Game_Awards_2019,Q76122450,2019-09-19,day,https://www.wikidata.org/wiki/Q76122450#P577,2019-09-19,first public release,https://www.wikidata.org/wiki/Q76122450#P577,earliest_wikidata_release,,not_publicly_disclosed
2019-06-01,2019-06,2019,Best Audio Design,game,Call of Duty: Modern Warfare,Call of Duty: Modern Warfare,https://en.wikipedia.org/wiki/Call_of_Duty:_Modern_Warfare_(2019_video_game),1,1,active,Call of Duty: Modern Warfare – Infinity Ward / Activision,https://en.wikipedia.org/wiki/The_Game_Awards_2019,Q64083878,2019-10-25,day,https://www.wikidata.org/wiki/Q64083878#P577,2019-10-25,first public release,https://www.wikidata.org/wiki/Q64083878#P577,earliest_wikidata_release,,not_publicly_disclosed
2019-06-02,2019-06,2019,Best Audio Design,game,Control,Control,https://en.wikipedia.org/wiki/Control_(video_game),0,2,active,Control – Remedy Entertainment / 505 Games,https://en.wikipedia.org/wiki/The_Game_Awards_2019,Q54935655,2019-08-27,day,https://www.wikidata.org/wiki/Q54935655#P577,2019-08-27,first public release,https://www.wikidata.org/wiki/Q54935655#P577,earliest_wikidata_release,,not_publicly_disclosed
2019-06-03,2019-06,2019,Best Audio Design,game,Death Stranding,Death Stranding,https://en.wikipedia.org/wiki/Death_Stranding,0,3,active,Death Stranding – Kojima Productions / Sony Interactive Entertainment,https://en.wikipedia.org/wiki/The_Game_Awards_2019,Q24666782,2019-11-08,day,https://www.wikidata.org/wiki/Q24666782#P577,2019-11-08,first public release,https://www.wikidata.org/wiki/Q24666782#P577,earliest_wikidata_release,,not_publicly_disclosed
2019-06-04,2019-06,2019,Best Audio Design,game,Gears 5,Gears 5,https://en.wikipedia.org/wiki/Gears_5,0,4,active,Gears 5 – The Coalition / Xbox Game Studios,https://en.wikipedia.org/wiki/The_Game_Awards_2019,Q55128278,2019-09-10,day,https://www.wikidata.org/wiki/Q55128278#P577,2019-09-10,first public release,https://www.wikidata.org/wiki/Q55128278#P577,earliest_wikidata_release,,not_publicly_disclosed
2019-06-05,2019-06,2019,Best Audio Design,game,Resident Evil 2,Resident Evil 2,https://en.wikipedia.org/wiki/Resident_Evil_2_(2019_video_game),0,5,active,Resident Evil 2 – Capcom,https://en.wikipedia.org/wiki/The_Game_Awards_2019,Q54920200,2019-01-25,day,https://www.wikidata.org/wiki/Q54920200#P577,2019-01-25,first public release,https://www.wikidata.org/wiki/Q54920200#P577,earliest_wikidata_release,,not_publicly_disclosed
2019-06-06,2019-06,2019,Best Audio Design,game,Sekiro: Shadows Die Twice,Sekiro: Shadows Die Twice,https://en.wikipedia.org/wiki/Sekiro:_Shadows_Die_Twice,0,6,active,Sekiro: Shadows Die Twice – FromSoftware / Activision,https://en.wikipedia.org/wiki/The_Game_Awards_2019,Q54906424,2019-03-22,day,https://www.wikidata.org/wiki/Q54906424#P577,2019-03-22,first public release,https://www.wikidata.org/wiki/Q54906424#P577,earliest_wikidata_release,,not_publicly_disclosed
2019-07-01,2019-07,2019,Best Performance,performance,Mads Mikkelsen as Cliff,Death Stranding,https://en.wikipedia.org/wiki/Death_Stranding,1,1,active,Mads Mikkelsen as Cliff – Death Stranding,https://en.wikipedia.org/wiki/The_Game_Awards_2019,Q24666782,2019-11-08,day,https://www.wikidata.org/wiki/Q24666782#P577,2019-11-08,first public release,https://www.wikidata.org/wiki/Q24666782#P577,earliest_wikidata_release,,not_publicly_disclosed
2019-07-02,2019-07,2019,Best Performance,performance,Laura Bailey as Kait Diaz,Gears 5,https://en.wikipedia.org/wiki/Gears_5,0,2,active,Laura Bailey as Kait Diaz – Gears 5,https://en.wikipedia.org/wiki/The_Game_Awards_2019,Q55128278,2019-09-10,day,https://www.wikidata.org/wiki/Q55128278#P577,2019-09-10,first public release,https://www.wikidata.org/wiki/Q55128278#P577,earliest_wikidata_release,,not_publicly_disclosed
2019-07-03,2019-07,2019,Best Performance,performance,Ashly Burch as Parvati Holcomb,The Outer Worlds,https://en.wikipedia.org/wiki/The_Outer_Worlds,0,3,active,Ashly Burch as Parvati Holcomb – The Outer Worlds,https://en.wikipedia.org/wiki/The_Game_Awards_2019,Q59535090,2019-10-25,day,https://www.wikidata.org/wiki/Q59535090#P577,2019-10-25,first public release,https://www.wikidata.org/wiki/Q59535090#P577,earliest_wikidata_release,,not_publicly_disclosed
2019-07-04,2019-07,2019,Best Performance,performance,Courtney Hope as Jesse Faden,Control,https://en.wikipedia.org/wiki/Control_(video_game),0,4,active,Courtney Hope as Jesse Faden – Control,https://en.wikipedia.org/wiki/The_Game_Awards_2019,Q54935655,2019-08-27,day,https://www.wikidata.org/wiki/Q54935655#P577,2019-08-27,first public release,https://www.wikidata.org/wiki/Q54935655#P577,earliest_wikidata_release,,not_publicly_disclosed
2019-07-05,2019-07,2019,Best Performance,performance,Matthew Porretta as Dr. Casper Darling,Control,,0,5,active,Matthew Porretta as Dr. Casper Darling – Control,https://en.wikipedia.org/wiki/The_Game_Awards_2019,,,,,,,,no_game_link,,not_publicly_disclosed
2019-07-06,2019-07,2019,Best Performance,performance,Norman Reedus as Sam Porter Bridges,Death Stranding,,0,6,active,Norman Reedus as Sam Porter Bridges – Death Stranding,https://en.wikipedia.org/wiki/The_Game_Awards_2019,,,,,,,,no_game_link,,not_publicly_disclosed
2019-08-01,2019-08,2019,Games for Impact,game,Gris,Gris,https://en.wikipedia.org/wiki/Gris,1,1,active,Gris – Nomada Studio / Devolver Digital,https://en.wikipedia.org/wiki/The_Game_Awards_2019,Q59769284,2018-12-13,day,https://www.wikidata.org/wiki/Q59769284#P577,,,,earliest_wikidata_release,,not_publicly_disclosed
2019-08-02,2019-08,2019,Games for Impact,game,Concrete Genie,Concrete Genie,https://en.wikipedia.org/wiki/Concrete_Genie,0,2,active,Concrete Genie – Pixelopus / Sony Interactive Entertainment,https://en.wikipedia.org/wiki/The_Game_Awards_2019,Q55608276,2019-10-08,day,https://www.wikidata.org/wiki/Q55608276#P577,2019-10-08,first public release,https://www.wikidata.org/wiki/Q55608276#P577,earliest_wikidata_release,,not_publicly_disclosed
2019-08-03,2019-08,2019,Games for Impact,game,Kind Words,Kind Words,https://en.wikipedia.org/wiki/Kind_Words_(video_game),0,3,active,Kind Words – Popcannibal,https://en.wikipedia.org/wiki/The_Game_Awards_2019,Q68088032,2019-09-12,day,https://www.wikidata.org/wiki/Q68088032#P577,2019-09-12,first public release,https://www.wikidata.org/wiki/Q68088032#P577,earliest_wikidata_release,,not_publicly_disclosed
2019-08-04,2019-08,2019,Games for Impact,game,Life Is Strange 2,Life Is Strange 2,https://en.wikipedia.org/wiki/Life_Is_Strange_2,0,4,active,Life Is Strange 2 – Dontnod / Square Enix,https://en.wikipedia.org/wiki/The_Game_Awards_2019,Q30010677,2018-09-26,day,https://www.wikidata.org/wiki/Q30010677#P577,,,,earliest_wikidata_release,,not_publicly_disclosed
2019-08-05,2019-08,2019,Games for Impact,game,Sea of Solitude,Sea of Solitude,https://en.wikipedia.org/wiki/Sea_of_Solitude,0,5,active,Sea of Solitude – Jo-Mei Games / Electronic Arts,https://en.wikipedia.org/wiki/The_Game_Awards_2019,Q28196135,2019-07-05,day,https://www.wikidata.org/wiki/Q28196135#P577,2019-07-05,first public release,https://www.wikidata.org/wiki/Q28196135#P577,earliest_wikidata_release,,not_publicly_disclosed
2019-09-01,2019-09,2019,Best Ongoing Game,game,Fortnite,Fortnite –,https://en.wikipedia.org/wiki/Fortnite,1,1,active,Fortnite – Epic Games,https://en.wikipedia.org/wiki/The_Game_Awards_2019,Q349375,2017-07-25,day,https://www.wikidata.org/wiki/Q349375#P577,,,,earliest_wikidata_release,,not_publicly_disclosed
2019-09-02,2019-09,2019,Best Ongoing Game,game,Apex Legends,Apex Legends,https://en.wikipedia.org/wiki/Apex_Legends,0,2,active,Apex Legends – Respawn Entertainment / Electronic Arts,https://en.wikipedia.org/wiki/The_Game_Awards_2019,Q61478103,2019-02-04,day,https://www.wikidata.org/wiki/Q61478103#P577,2019-02-04,first public release,https://www.wikidata.org/wiki/Q61478103#P577,earliest_wikidata_release,,not_publicly_disclosed
2019-09-03,2019-09,2019,Best Ongoing Game,game,Destiny 2,Destiny 2,https://en.wikipedia.org/wiki/Destiny_2,0,3,active,Destiny 2 – Bungie,https://en.wikipedia.org/wiki/The_Game_Awards_2019,Q29045915,2017-09-06,day,https://www.wikidata.org/wiki/Q29045915#P577,,,,earliest_wikidata_release,,not_publicly_disclosed
2019-09-04,2019-09,2019,Best Ongoing Game,game,Final Fantasy XIV,Final Fantasy XIV,https://en.wikipedia.org/wiki/Final_Fantasy_XIV,0,4,active,Final Fantasy XIV – Square Enix,https://en.wikipedia.org/wiki/The_Game_Awards_2019,Q5449393,2013-08-27,day,https://www.wikidata.org/wiki/Q5449393#P577,,,,earliest_wikidata_release,,not_publicly_disclosed
2019-09-05,2019-09,2019,Best Ongoing Game,game,Tom Clancy's Rainbow Six Siege,Tom Clancy's Rainbow Six Siege,https://en.wikipedia.org/wiki/Tom_Clancy%27s_Rainbow_Six_Siege,0,5,active,Tom Clancy's Rainbow Six Siege – Ubisoft,https://en.wikipedia.org/wiki/The_Game_Awards_2019,Q17183996,2015-12-01,day,https://www.wikidata.org/wiki/Q17183996#P577,,,,earliest_wikidata_release,,not_publicly_disclosed
2019-10-01,2019-10,2019,Best Independent Game,game,Disco Elysium,Disco Elysium,https://en.wikipedia.org/wiki/Disco_Elysium,1,1,active,Disco Elysium – ZA/UM,https://en.wikipedia.org/wiki/The_Game_Awards_2019,Q71693825,2019-10-15,day,https://www.wikidata.org/wiki/Q71693825#P577,2019-10-15,first public release,https://www.wikidata.org/wiki/Q71693825#P577,earliest_wikidata_release,,not_publicly_disclosed
2019-10-02,2019-10,2019,Best Independent Game,game,Baba Is You,Baba Is You,https://en.wikipedia.org/wiki/Baba_Is_You,0,2,active,Baba Is You – Hempuli,https://en.wikipedia.org/wiki/The_Game_Awards_2019,Q62061666,2019-03-13,day,https://www.wikidata.org/wiki/Q62061666#P577,2019-03-13,first public release,https://www.wikidata.org/wiki/Q62061666#P577,earliest_wikidata_release,,not_publicly_disclosed
2019-10-03,2019-10,2019,Best Independent Game,game,Katana Zero,Katana Zero,https://en.wikipedia.org/wiki/Katana_Zero,0,3,active,Katana Zero – Askiisoft / Devolver Digital,https://en.wikipedia.org/wiki/The_Game_Awards_2019,Q33101548,2019-04-18,day,https://www.wikidata.org/wiki/Q33101548#P577,2019-04-18,first public release,https://www.wikidata.org/wiki/Q33101548#P577,earliest_wikidata_release,,not_publicly_disclosed
2019-10-04,2019-10,2019,Best Independent Game,game,Outer Wilds,Outer Wilds,https://en.wikipedia.org/wiki/Outer_Wilds,0,4,active,Outer Wilds – Mobius Digital / Annapurna Interactive,https://en.wikipedia.org/wiki/The_Game_Awards_2019,Q19631660,2019-05-28,day,https://www.wikidata.org/wiki/Q19631660#P577,2019-05-28,first public release,https://www.wikidata.org/wiki/Q19631660#P577,earliest_wikidata_release,,not_publicly_disclosed
2019-10-05,2019-10,2019,Best Independent Game,game,Untitled Goose Game,Untitled Goose Game,https://en.wikipedia.org/wiki/Untitled_Goose_Game,0,5,active,Untitled Goose Game – House House / Panic,https://en.wikipedia.org/wiki/The_Game_Awards_2019,Q59618073,2019-09-20,day,https://www.wikidata.org/wiki/Q59618073#P577,2019-09-20,first public release,https://www.wikidata.org/wiki/Q59618073#P577,earliest_wikidata_release,,not_publicly_disclosed
2019-11-01,2019-11,2019,Best Mobile Game,game,Call of Duty: Mobile,Call of Duty: Mobile,https://en.wikipedia.org/wiki/Call_of_Duty:_Mobile,1,1,active,Call of Duty: Mobile – TiMi Studios / Activision,https://en.wikipedia.org/wiki/The_Game_Awards_2019,Q64029241,2019-10-01,day,https://www.wikidata.org/wiki/Q64029241#P577,2019-10-01,first public release,https://www.wikidata.org/wiki/Q64029241#P577,earliest_wikidata_release,,not_publicly_disclosed
2019-11-02,2019-11,2019,Best Mobile Game,game,Grindstone,Grindstone,https://en.wikipedia.org/wiki/Grindstone_(video_game),0,2,active,Grindstone – Capybara Games,https://en.wikipedia.org/wiki/The_Game_Awards_2019,Q104377313,2019-09-16,day,https://www.wikidata.org/wiki/Q104377313#P577,2019-09-16,first public release,https://www.wikidata.org/wiki/Q104377313#P577,earliest_wikidata_release,,not_publicly_disclosed
2019-11-03,2019-11,2019,Best Mobile Game,game,Sayonara Wild Hearts,Sayonara Wild Hearts,https://en.wikipedia.org/wiki/Sayonara_Wild_Hearts,0,3,active,Sayonara Wild Hearts – Simogo / Annapurna Interactive,https://en.wikipedia.org/wiki/The_Game_Awards_2019,Q76122450,2019-09-19,day,https://www.wikidata.org/wiki/Q76122450#P577,2019-09-19,first public release,https://www.wikidata.org/wiki/Q76122450#P577,earliest_wikidata_release,,not_publicly_disclosed
2019-11-04,2019-11,2019,Best Mobile Game,game,Sky: Children of the Light,Sky: Children of the Light,https://en.wikipedia.org/wiki/Sky:_Children_of_the_Light,0,4,active,Sky: Children of the Light – Thatgamecompany,https://en.wikipedia.org/wiki/The_Game_Awards_2019,Q64547527,2019-07-18,day,https://www.wikidata.org/wiki/Q64547527#P577,2019-07-18,first public release,https://www.wikidata.org/wiki/Q64547527#P577,earliest_wikidata_release,,not_publicly_disclosed
2019-11-05,2019-11,2019,Best Mobile Game,game,What the Golf?,What the Golf?,https://en.wikipedia.org/wiki/What_the_Golf%3F,0,5,active,What the Golf? – Triband,https://en.wikipedia.org/wiki/The_Game_Awards_2019,Q61791403,2019-09-19,day,https://www.wikidata.org/wiki/Q61791403#P577,2019-09-19,first public release,https://www.wikidata.org/wiki/Q61791403#P577,earliest_wikidata_release,,not_publicly_disclosed
2019-12-01,2019-12,2019,Best VR/AR Game,game,Beat Saber,Beat Saber,https://en.wikipedia.org/wiki/Beat_Saber,1,1,active,Beat Saber – Beat Games,https://en.wikipedia.org/wiki/The_Game_Awards_2019,Q53998035,2018-05-01,day,https://en.wikipedia.org/wiki/Beat_Saber,2019-05-21,full release after early access,https://en.wikipedia.org/wiki/Beat_Saber,curated_correction,,not_publicly_disclosed
2019-12-02,2019-12,2019,Best VR/AR Game,game,Asgard's Wrath,Asgard's Wrath,https://en.wikipedia.org/wiki/Asgard%27s_Wrath,0,2,active,Asgard's Wrath – Sanzaru Games / Oculus Studios,https://en.wikipedia.org/wiki/The_Game_Awards_2019,Q86754853,2019-10-10,day,https://www.wikidata.org/wiki/Q86754853#P577,2019-10-10,first public release,https://www.wikidata.org/wiki/Q86754853#P577,earliest_wikidata_release,,not_publicly_disclosed
2019-12-03,2019-12,2019,Best VR/AR Game,game,Blood & Truth,Blood & Truth,https://en.wikipedia.org/wiki/Blood_%26_Truth,0,3,active,Blood & Truth – London Studio / Sony Interactive Entertainment,https://en.wikipedia.org/wiki/The_Game_Awards_2019,Q64211940,2019-05-28,day,https://www.wikidata.org/wiki/Q64211940#P577,2019-05-28,first public release,https://www.wikidata.org/wiki/Q64211940#P577,earliest_wikidata_release,,not_publicly_disclosed
2019-12-04,2019-12,2019,Best VR/AR Game,game,No Man's Sky,No Man's Sky,https://en.wikipedia.org/wiki/No_Man%27s_Sky,0,4,active,No Man's Sky – Hello Games,https://en.wikipedia.org/wiki/The_Game_Awards_2019,Q15297043,2016-08-09,day,https://www.wikidata.org/wiki/Q15297043#P577,,,,earliest_wikidata_release,,not_publicly_disclosed
2019-12-05,2019-12,2019,Best VR/AR Game,game,Trover Saves the Universe,Trover Saves the Universe,https://en.wikipedia.org/wiki/Trover_Saves_the_Universe,0,5,active,Trover Saves the Universe – Squanch Games / Gearbox Publishing,https://en.wikipedia.org/wiki/The_Game_Awards_2019,Q62393510,2019-06-04,day,https://www.wikidata.org/wiki/Q62393510#P577,2019-06-04,first public release,https://www.wikidata.org/wiki/Q62393510#P577,earliest_wikidata_release,,not_publicly_disclosed
2019-13-01,2019-13,2019,Best Action Game,game,Devil May Cry 5,Devil May Cry 5,https://en.wikipedia.org/wiki/Devil_May_Cry_5,1,1,active,Devil May Cry 5 – Capcom,https://en.wikipedia.org/wiki/The_Game_Awards_2019,Q55076932,2019-03-08,day,https://www.wikidata.org/wiki/Q55076932#P577,2019-03-08,first public release,https://www.wikidata.org/wiki/Q55076932#P577,earliest_wikidata_release,,not_publicly_disclosed
2019-13-02,2019-13,2019,Best Action Game,game,Apex Legends,Apex Legends,https://en.wikipedia.org/wiki/Apex_Legends,0,2,active,Apex Legends – Respawn Entertainment / Electronic Arts,https://en.wikipedia.org/wiki/The_Game_Awards_2019,Q61478103,2019-02-04,day,https://www.wikidata.org/wiki/Q61478103#P577,2019-02-04,first public release,https://www.wikidata.org/wiki/Q61478103#P577,earliest_wikidata_release,,not_publicly_disclosed
2019-13-03,2019-13,2019,Best Action Game,game,Astral Chain,Astral Chain,https://en.wikipedia.org/wiki/Astral_Chain,0,3,active,Astral Chain – PlatinumGames / Nintendo,https://en.wikipedia.org/wiki/The_Game_Awards_2019,Q61727129,2019-08-30,day,https://www.wikidata.org/wiki/Q61727129#P577,2019-08-30,first public release,https://www.wikidata.org/wiki/Q61727129#P577,earliest_wikidata_release,,not_publicly_disclosed
2019-13-04,2019-13,2019,Best Action Game,game,Call of Duty: Modern Warfare,Call of Duty: Modern Warfare,https://en.wikipedia.org/wiki/Call_of_Duty:_Modern_Warfare_(2019_video_game),0,4,active,Call of Duty: Modern Warfare – Infinity Ward / Activision,https://en.wikipedia.org/wiki/The_Game_Awards_2019,Q64083878,2019-10-25,day,https://www.wikidata.org/wiki/Q64083878#P577,2019-10-25,first public release,https://www.wikidata.org/wiki/Q64083878#P577,earliest_wikidata_release,,not_publicly_disclosed
2019-13-05,2019-13,2019,Best Action Game,game,Gears 5,Gears 5,https://en.wikipedia.org/wiki/Gears_5,0,5,active,Gears 5 – The Coalition / Xbox Game Studios,https://en.wikipedia.org/wiki/The_Game_Awards_2019,Q55128278,2019-09-10,day,https://www.wikidata.org/wiki/Q55128278#P577,2019-09-10,first public release,https://www.wikidata.org/wiki/Q55128278#P577,earliest_wikidata_release,,not_publicly_disclosed
2019-13-06,2019-13,2019,Best Action Game,game,Metro Exodus,Metro Exodus,https://en.wikipedia.org/wiki/Metro_Exodus,0,6,active,Metro Exodus – 4A Games / Deep Silver,https://en.wikipedia.org/wiki/The_Game_Awards_2019,Q30238508,2019-02-15,day,https://www.wikidata.org/wiki/Q30238508#P577,2019-02-15,first public release,https://www.wikidata.org/wiki/Q30238508#P577,earliest_wikidata_release,,not_publicly_disclosed
2019-14-01,2019-14,2019,Best Action/Adventure Game,game,Sekiro: Shadows Die Twice,Sekiro: Shadows Die Twice,https://en.wikipedia.org/wiki/Sekiro:_Shadows_Die_Twice,1,1,active,Sekiro: Shadows Die Twice – FromSoftware / Activision,https://en.wikipedia.org/wiki/The_Game_Awards_2019,Q54906424,2019-03-22,day,https://www.wikidata.org/wiki/Q54906424#P577,2019-03-22,first public release,https://www.wikidata.org/wiki/Q54906424#P577,earliest_wikidata_release,,not_publicly_disclosed
2019-14-02,2019-14,2019,Best Action/Adventure Game,game,Borderlands 3,Borderlands 3,https://en.wikipedia.org/wiki/Borderlands_3,0,2,active,Borderlands 3 – Gearbox Software / 2K Games,https://en.wikipedia.org/wiki/The_Game_Awards_2019,Q62565771,2019-09-13,day,https://www.wikidata.org/wiki/Q62565771#P577,2019-09-13,first public release,https://www.wikidata.org/wiki/Q62565771#P577,earliest_wikidata_release,,not_publicly_disclosed
2019-14-03,2019-14,2019,Best Action/Adventure Game,game,Control,Control,https://en.wikipedia.org/wiki/Control_(video_game),0,3,active,Control – Remedy Entertainment / 505 Games,https://en.wikipedia.org/wiki/The_Game_Awards_2019,Q54935655,2019-08-27,day,https://www.wikidata.org/wiki/Q54935655#P577,2019-08-27,first public release,https://www.wikidata.org/wiki/Q54935655#P577,earliest_wikidata_release,,not_publicly_disclosed
2019-14-04,2019-14,2019,Best Action/Adventure Game,game,Death Stranding,Death Stranding,https://en.wikipedia.org/wiki/Death_Stranding,0,4,active,Death Stranding – Kojima Productions / Sony Interactive Entertainment,https://en.wikipedia.org/wiki/The_Game_Awards_2019,Q24666782,2019-11-08,day,https://www.wikidata.org/wiki/Q24666782#P577,2019-11-08,first public release,https://www.wikidata.org/wiki/Q24666782#P577,earliest_wikidata_release,,not_publicly_disclosed
2019-14-05,2019-14,2019,Best Action/Adventure Game,game,The Legend of Zelda: Link's Awakening,The Legend of Zelda: Link's Awakening,https://en.wikipedia.org/wiki/The_Legend_of_Zelda:_Link%27s_Awakening_(2019_video_game),0,5,active,The Legend of Zelda: Link's Awakening – Grezzo / Nintendo,https://en.wikipedia.org/wiki/The_Game_Awards_2019,Q61745904,2019-09-20,day,https://www.wikidata.org/wiki/Q61745904#P577,2019-09-20,first public release,https://www.wikidata.org/wiki/Q61745904#P577,earliest_wikidata_release,,not_publicly_disclosed
2019-14-06,2019-14,2019,Best Action/Adventure Game,game,Resident Evil 2,Resident Evil 2,https://en.wikipedia.org/wiki/Resident_Evil_2_(2019_video_game),0,6,active,Resident Evil 2 – Capcom,https://en.wikipedia.org/wiki/The_Game_Awards_2019,Q54920200,2019-01-25,day,https://www.wikidata.org/wiki/Q54920200#P577,2019-01-25,first public release,https://www.wikidata.org/wiki/Q54920200#P577,earliest_wikidata_release,,not_publicly_disclosed
2019-15-01,2019-15,2019,Best Role Playing Game,game,Disco Elysium,Disco Elysium,https://en.wikipedia.org/wiki/Disco_Elysium,1,1,active,Disco Elysium – ZA/UM,https://en.wikipedia.org/wiki/The_Game_Awards_2019,Q71693825,2019-10-15,day,https://www.wikidata.org/wiki/Q71693825#P577,2019-10-15,first public release,https://www.wikidata.org/wiki/Q71693825#P577,earliest_wikidata_release,,not_publicly_disclosed
2019-15-02,2019-15,2019,Best Role Playing Game,game,Final Fantasy XIV,Final Fantasy XIV,https://en.wikipedia.org/wiki/Final_Fantasy_XIV,0,2,active,Final Fantasy XIV – Square Enix,https://en.wikipedia.org/wiki/The_Game_Awards_2019,Q5449393,2013-08-27,day,https://www.wikidata.org/wiki/Q5449393#P577,,,,earliest_wikidata_release,,not_publicly_disclosed
2019-15-03,2019-15,2019,Best Role Playing Game,game,Kingdom Hearts III,Kingdom Hearts III,https://en.wikipedia.org/wiki/Kingdom_Hearts_III,0,3,active,Kingdom Hearts III – Square Enix Business Division 3 / Square Enix,https://en.wikipedia.org/wiki/The_Game_Awards_2019,Q3265748,2019-01-25,day,https://www.wikidata.org/wiki/Q3265748#P577,2019-01-25,first public release,https://www.wikidata.org/wiki/Q3265748#P577,earliest_wikidata_release,,not_publicly_disclosed
2019-15-04,2019-15,2019,Best Role Playing Game,game,Monster Hunter World: Iceborne,Monster Hunter World: Iceborne,https://en.wikipedia.org/wiki/Monster_Hunter_World:_Iceborne,0,4,active,Monster Hunter World: Iceborne – Capcom,https://en.wikipedia.org/wiki/The_Game_Awards_2019,Q81690497,2019-09-06,day,https://en.wikipedia.org/wiki/Monster_Hunter_World:_Iceborne,2019-09-06,first public release,https://en.wikipedia.org/wiki/Monster_Hunter_World:_Iceborne,curated_correction,,not_publicly_disclosed
2019-15-05,2019-15,2019,Best Role Playing Game,game,The Outer Worlds,The Outer Worlds,https://en.wikipedia.org/wiki/The_Outer_Worlds,0,5,active,The Outer Worlds – Obsidian Entertainment / Private Division,https://en.wikipedia.org/wiki/The_Game_Awards_2019,Q59535090,2019-10-25,day,https://www.wikidata.org/wiki/Q59535090#P577,2019-10-25,first public release,https://www.wikidata.org/wiki/Q59535090#P577,earliest_wikidata_release,,not_publicly_disclosed
2019-16-01,2019-16,2019,Best Fighting Game,game,Super Smash Bros. Ultimate,Super Smash Bros. Ultimate,https://en.wikipedia.org/wiki/Super_Smash_Bros._Ultimate,1,1,active,"Super Smash Bros. Ultimate – Bandai Namco Studios , Sora Ltd. / Nintendo",https://en.wikipedia.org/wiki/The_Game_Awards_2019,Q54093632,2018-12-07,day,https://www.wikidata.org/wiki/Q54093632#P577,,,,earliest_wikidata_release,,not_publicly_disclosed
2019-16-02,2019-16,2019,Best Fighting Game,game,Dead or Alive 6,Dead or Alive 6,https://en.wikipedia.org/wiki/Dead_or_Alive_6,0,2,active,Dead or Alive 6 – Team Ninja / Koei Tecmo,https://en.wikipedia.org/wiki/The_Game_Awards_2019,Q56322867,2019-02-15,day,https://www.wikidata.org/wiki/Q56322867#P577,2019-02-15,first public release,https://www.wikidata.org/wiki/Q56322867#P577,earliest_wikidata_release,,not_publicly_disclosed
2019-16-03,2019-16,2019,Best Fighting Game,game,Jump Force,Jump Force,https://en.wikipedia.org/wiki/Jump_Force,0,3,active,Jump Force – Spike Chunsoft / Bandai Namco,https://en.wikipedia.org/wiki/The_Game_Awards_2019,Q54893842,2019-02-14,day,https://www.wikidata.org/wiki/Q54893842#P577,2019-02-14,first public release,https://www.wikidata.org/wiki/Q54893842#P577,earliest_wikidata_release,,not_publicly_disclosed
2019-16-04,2019-16,2019,Best Fighting Game,game,Mortal Kombat 11,Mortal Kombat 11,https://en.wikipedia.org/wiki/Mortal_Kombat_11,0,4,active,Mortal Kombat 11 – NetherRealm / Warner Bros. Interactive Entertainment,https://en.wikipedia.org/wiki/The_Game_Awards_2019,Q59511757,2019-04-23,day,https://www.wikidata.org/wiki/Q59511757#P577,2019-04-23,first public release,https://www.wikidata.org/wiki/Q59511757#P577,earliest_wikidata_release,,not_publicly_disclosed
2019-16-05,2019-16,2019,Best Fighting Game,game,Samurai Shodown,Samurai Shodown,https://en.wikipedia.org/wiki/Samurai_Shodown_(2019_video_game),0,5,active,Samurai Shodown – SNK Corporation / Athlon Games,https://en.wikipedia.org/wiki/The_Game_Awards_2019,Q60743293,2019,year,https://www.wikidata.org/wiki/Q60743293#P577,,,,earliest_wikidata_release,,not_publicly_disclosed
2019-17-01,2019-17,2019,Best Family Game,game,Luigi's Mansion 3,Luigi's Mansion 3,https://en.wikipedia.org/wiki/Luigi%27s_Mansion_3,1,1,active,Luigi's Mansion 3 – Next Level Games / Nintendo,https://en.wikipedia.org/wiki/The_Game_Awards_2019,Q56641109,2019-10-31,day,https://www.wikidata.org/wiki/Q56641109#P577,2019-10-31,first public release,https://www.wikidata.org/wiki/Q56641109#P577,earliest_wikidata_release,,not_publicly_disclosed
2019-17-02,2019-17,2019,Best Family Game,game,Ring Fit Adventure,Ring Fit Adventure,https://en.wikipedia.org/wiki/Ring_Fit_Adventure,0,2,active,Ring Fit Adventure – Nintendo,https://en.wikipedia.org/wiki/The_Game_Awards_2019,Q69557147,2019-10-18,day,https://www.wikidata.org/wiki/Q69557147#P577,2019-10-18,first public release,https://www.wikidata.org/wiki/Q69557147#P577,earliest_wikidata_release,,not_publicly_disclosed
2019-17-03,2019-17,2019,Best Family Game,game,Super Mario Maker 2,Super Mario Maker 2,https://en.wikipedia.org/wiki/Super_Mario_Maker_2,0,3,active,Super Mario Maker 2 – Nintendo,https://en.wikipedia.org/wiki/The_Game_Awards_2019,Q61831178,2019-06-28,day,https://www.wikidata.org/wiki/Q61831178#P577,2019-06-28,first public release,https://www.wikidata.org/wiki/Q61831178#P577,earliest_wikidata_release,,not_publicly_disclosed
2019-17-04,2019-17,2019,Best Family Game,game,Super Smash Bros. Ultimate,Super Smash Bros. Ultimate,https://en.wikipedia.org/wiki/Super_Smash_Bros._Ultimate,0,4,active,"Super Smash Bros. Ultimate – Bandai Namco Studios , Sora Ltd. / Nintendo",https://en.wikipedia.org/wiki/The_Game_Awards_2019,Q54093632,2018-12-07,day,https://www.wikidata.org/wiki/Q54093632#P577,,,,earliest_wikidata_release,,not_publicly_disclosed
2019-17-05,2019-17,2019,Best Family Game,game,Yoshi's Crafted World,Yoshi's Crafted World,https://en.wikipedia.org/wiki/Yoshi%27s_Crafted_World,0,5,active,Yoshi's Crafted World – Good-Feel / Nintendo,https://en.wikipedia.org/wiki/The_Game_Awards_2019,Q30612356,2019-03-29,day,https://www.wikidata.org/wiki/Q30612356#P577,2019-03-29,first public release,https://www.wikidata.org/wiki/Q30612356#P577,earliest_wikidata_release,,not_publicly_disclosed
2019-18-01,2019-18,2019,Best Strategy Game,game,Fire Emblem: Three Houses,Fire Emblem: Three Houses,https://en.wikipedia.org/wiki/Fire_Emblem:_Three_Houses,1,1,active,"Fire Emblem: Three Houses – Intelligent Systems , Koei Tecmo / Nintendo",https://en.wikipedia.org/wiki/The_Game_Awards_2019,Q54960673,2019-07-26,day,https://www.wikidata.org/wiki/Q54960673#P577,2019-07-26,first public release,https://www.wikidata.org/wiki/Q54960673#P577,earliest_wikidata_release,,not_publicly_disclosed
2019-18-02,2019-18,2019,Best Strategy Game,game,Age of Wonders: Planetfall,Age of Wonders: Planetfall,https://en.wikipedia.org/wiki/Age_of_Wonders:_Planetfall,0,2,active,Age of Wonders: Planetfall – Triumph Studios / Paradox Interactive,https://en.wikipedia.org/wiki/The_Game_Awards_2019,Q60676089,2019-08-06,day,https://www.wikidata.org/wiki/Q60676089#P577,2019-08-06,first public release,https://www.wikidata.org/wiki/Q60676089#P577,earliest_wikidata_release,,not_publicly_disclosed
2019-18-03,2019-18,2019,Best Strategy Game,game,Anno 1800,Anno 1800,https://en.wikipedia.org/wiki/Anno_1800,0,3,active,Anno 1800 – Blue Byte / Ubisoft,https://en.wikipedia.org/wiki/The_Game_Awards_2019,Q52432849,2019-04-16,day,https://www.wikidata.org/wiki/Q52432849#P577,2019-04-16,first public release,https://www.wikidata.org/wiki/Q52432849#P577,earliest_wikidata_release,,not_publicly_disclosed
2019-18-04,2019-18,2019,Best Strategy Game,game,Total War: Three Kingdoms,Total War: Three Kingdoms,https://en.wikipedia.org/wiki/Total_War:_Three_Kingdoms,0,4,active,Total War: Three Kingdoms – Creative Assembly / Sega,https://en.wikipedia.org/wiki/The_Game_Awards_2019,Q48928832,2019-03-07,day,https://www.wikidata.org/wiki/Q48928832#P577,2019-03-07,first public release,https://www.wikidata.org/wiki/Q48928832#P577,earliest_wikidata_release,,not_publicly_disclosed
2019-18-05,2019-18,2019,Best Strategy Game,game,Tropico 6,Tropico 6,https://en.wikipedia.org/wiki/Tropico_6,0,5,active,Tropico 6 – Limbic Entertainment / Kalypso Media,https://en.wikipedia.org/wiki/The_Game_Awards_2019,Q52521135,2019,year,https://www.wikidata.org/wiki/Q52521135#P577,,,,earliest_wikidata_release,,not_publicly_disclosed
2019-18-06,2019-18,2019,Best Strategy Game,game,Wargroove,Wargroove,https://en.wikipedia.org/wiki/Wargroove,0,6,active,Wargroove – Chucklefish,https://en.wikipedia.org/wiki/The_Game_Awards_2019,Q30321596,2019-02-01,day,https://www.wikidata.org/wiki/Q30321596#P577,2019-02-01,first public release,https://www.wikidata.org/wiki/Q30321596#P577,earliest_wikidata_release,,not_publicly_disclosed
2019-19-01,2019-19,2019,Best Sports/Racing Game,game,Crash Team Racing Nitro-Fueled,Crash Team Racing Nitro-Fueled,https://en.wikipedia.org/wiki/Crash_Team_Racing_Nitro-Fueled,1,1,active,Crash Team Racing Nitro-Fueled – Beenox / Activision,https://en.wikipedia.org/wiki/The_Game_Awards_2019,Q59594323,2019-06-21,day,https://www.wikidata.org/wiki/Q59594323#P577,2019-06-21,first public release,https://www.wikidata.org/wiki/Q59594323#P577,earliest_wikidata_release,,not_publicly_disclosed
2019-19-02,2019-19,2019,Best Sports/Racing Game,game,Dirt Rally 2.0,Dirt Rally 2.0,https://en.wikipedia.org/wiki/Dirt_Rally_2.0,0,2,active,Dirt Rally 2.0 – Codemasters,https://en.wikipedia.org/wiki/The_Game_Awards_2019,Q59627588,2019-02-26,day,https://www.wikidata.org/wiki/Q59627588#P577,2019-02-26,first public release,https://www.wikidata.org/wiki/Q59627588#P577,earliest_wikidata_release,,not_publicly_disclosed
2019-19-03,2019-19,2019,Best Sports/Racing Game,game,eFootball Pro Evolution Soccer 2020,eFootball Pro Evolution Soccer 2020,https://en.wikipedia.org/wiki/EFootball_Pro_Evolution_Soccer_2020,0,3,active,eFootball Pro Evolution Soccer 2020 – PES Productions / Konami,https://en.wikipedia.org/wiki/The_Game_Awards_2019,Q64579449,2019-09-10,day,https://www.wikidata.org/wiki/Q64579449#P577,2019-09-10,first public release,https://www.wikidata.org/wiki/Q64579449#P577,earliest_wikidata_release,,not_publicly_disclosed
2019-19-04,2019-19,2019,Best Sports/Racing Game,game,F1 2019,F1 2019,https://en.wikipedia.org/wiki/F1_2019_(video_game),0,4,active,F1 2019 – Codemasters,https://en.wikipedia.org/wiki/The_Game_Awards_2019,Q63113436,2019-06-28,day,https://www.wikidata.org/wiki/Q63113436#P577,2019-06-28,first public release,https://www.wikidata.org/wiki/Q63113436#P577,earliest_wikidata_release,,not_publicly_disclosed
2019-19-05,2019-19,2019,Best Sports/Racing Game,game,FIFA 20,FIFA 20,https://en.wikipedia.org/wiki/FIFA_20,0,5,active,"FIFA 20 – EA Vancouver , EA Romania / EA Sports",https://en.wikipedia.org/wiki/The_Game_Awards_2019,Q64157198,2019-09-27,day,https://www.wikidata.org/wiki/Q64157198#P577,2019-09-27,first public release,https://www.wikidata.org/wiki/Q64157198#P577,earliest_wikidata_release,,not_publicly_disclosed
2019-20-01,2019-20,2019,Best Multiplayer Game,game,Apex Legends,Apex Legends,https://en.wikipedia.org/wiki/Apex_Legends,1,1,active,Apex Legends – Respawn Entertainment / Electronic Arts,https://en.wikipedia.org/wiki/The_Game_Awards_2019,Q61478103,2019-02-04,day,https://www.wikidata.org/wiki/Q61478103#P577,2019-02-04,first public release,https://www.wikidata.org/wiki/Q61478103#P577,earliest_wikidata_release,,not_publicly_disclosed
2019-20-02,2019-20,2019,Best Multiplayer Game,game,Borderlands 3,Borderlands 3,https://en.wikipedia.org/wiki/Borderlands_3,0,2,active,Borderlands 3 – Gearbox Software / 2K Games,https://en.wikipedia.org/wiki/The_Game_Awards_2019,Q62565771,2019-09-13,day,https://www.wikidata.org/wiki/Q62565771#P577,2019-09-13,first public release,https://www.wikidata.org/wiki/Q62565771#P577,earliest_wikidata_release,,not_publicly_disclosed
2019-20-03,2019-20,2019,Best Multiplayer Game,game,Call of Duty: Modern Warfare,Call of Duty: Modern Warfare,https://en.wikipedia.org/wiki/Call_of_Duty:_Modern_Warfare_(2019_video_game),0,3,active,Call of Duty: Modern Warfare – Infinity Ward / Activision,https://en.wikipedia.org/wiki/The_Game_Awards_2019,Q64083878,2019-10-25,day,https://www.wikidata.org/wiki/Q64083878#P577,2019-10-25,first public release,https://www.wikidata.org/wiki/Q64083878#P577,earliest_wikidata_release,,not_publicly_disclosed
2019-20-04,2019-20,2019,Best Multiplayer Game,game,Tetris 99,Tetris 99,https://en.wikipedia.org/wiki/Tetris_99,0,4,active,Tetris 99 – Arika / Nintendo,https://en.wikipedia.org/wiki/The_Game_Awards_2019,Q61721841,2019-02-13,day,https://www.wikidata.org/wiki/Q61721841#P577,2019-02-13,first public release,https://www.wikidata.org/wiki/Q61721841#P577,earliest_wikidata_release,,not_publicly_disclosed
2019-20-05,2019-20,2019,Best Multiplayer Game,game,Tom Clancy's The Division 2,Tom Clancy's The Division 2,https://en.wikipedia.org/wiki/Tom_Clancy%27s_The_Division_2,0,5,active,Tom Clancy's The Division 2 – Massive Entertainment / Ubisoft,https://en.wikipedia.org/wiki/The_Game_Awards_2019,Q50376754,2019-03-15,day,https://www.wikidata.org/wiki/Q50376754#P577,2019-03-15,first public release,https://www.wikidata.org/wiki/Q50376754#P577,earliest_wikidata_release,,not_publicly_disclosed
2019-21-01,2019-21,2019,Fresh Indie Game,game,Disco Elysium,Disco Elysium,https://en.wikipedia.org/wiki/Disco_Elysium,1,1,active,Disco Elysium – ZA/UM,https://en.wikipedia.org/wiki/The_Game_Awards_2019,Q71693825,2019-10-15,day,https://www.wikidata.org/wiki/Q71693825#P577,2019-10-15,first public release,https://www.wikidata.org/wiki/Q71693825#P577,earliest_wikidata_release,,not_publicly_disclosed
2019-21-02,2019-21,2019,Fresh Indie Game,game,Gris,Gris,https://en.wikipedia.org/wiki/Gris,0,2,active,Gris – Nomada Studio,https://en.wikipedia.org/wiki/The_Game_Awards_2019,Q59769284,2018-12-13,day,https://www.wikidata.org/wiki/Q59769284#P577,,,,earliest_wikidata_release,,not_publicly_disclosed
2019-21-03,2019-21,2019,Fresh Indie Game,game,My Friend Pedro,My Friend Pedro,https://en.wikipedia.org/wiki/My_Friend_Pedro,0,3,active,My Friend Pedro – DeadToast Entertainment,https://en.wikipedia.org/wiki/The_Game_Awards_2019,Q55078485,2019-06-20,day,https://www.wikidata.org/wiki/Q55078485#P577,2019-06-20,first public release,https://www.wikidata.org/wiki/Q55078485#P577,earliest_wikidata_release,,not_publicly_disclosed
2019-21-04,2019-21,2019,Fresh Indie Game,game,Outer Wilds,Outer Wilds,https://en.wikipedia.org/wiki/Outer_Wilds,0,4,active,Outer Wilds – Mobius Digital,https://en.wikipedia.org/wiki/The_Game_Awards_2019,Q19631660,2019-05-28,day,https://www.wikidata.org/wiki/Q19631660#P577,2019-05-28,first public release,https://www.wikidata.org/wiki/Q19631660#P577,earliest_wikidata_release,,not_publicly_disclosed
2019-21-05,2019-21,2019,Fresh Indie Game,game,Slay the Spire,Slay the Spire,https://en.wikipedia.org/wiki/Slay_the_Spire,0,5,active,Slay the Spire – MegaCrit,https://en.wikipedia.org/wiki/The_Game_Awards_2019,Q48078440,2019,year,https://www.wikidata.org/wiki/Q48078440#P577,,,,earliest_wikidata_release,,not_publicly_disclosed
2019-21-06,2019-21,2019,Fresh Indie Game,game,Untitled Goose Game,Untitled Goose Game,https://en.wikipedia.org/wiki/Untitled_Goose_Game,0,6,active,Untitled Goose Game – House House,https://en.wikipedia.org/wiki/The_Game_Awards_2019,Q59618073,2019-09-20,day,https://www.wikidata.org/wiki/Q59618073#P577,2019-09-20,first public release,https://www.wikidata.org/wiki/Q59618073#P577,earliest_wikidata_release,,not_publicly_disclosed
2019-22-01,2019-22,2019,Best Community Support,game,Destiny 2,Destiny 2,https://en.wikipedia.org/wiki/Destiny_2,1,1,active,Destiny 2 – Bungie,https://en.wikipedia.org/wiki/The_Game_Awards_2019,Q29045915,2017-09-06,day,https://www.wikidata.org/wiki/Q29045915#P577,,,,earliest_wikidata_release,,not_publicly_disclosed
2019-22-02,2019-22,2019,Best Community Support,game,Apex Legends,Apex Legends,https://en.wikipedia.org/wiki/Apex_Legends,0,2,active,Apex Legends – Respawn Entertainment / Electronic Arts,https://en.wikipedia.org/wiki/The_Game_Awards_2019,Q61478103,2019-02-04,day,https://www.wikidata.org/wiki/Q61478103#P577,2019-02-04,first public release,https://www.wikidata.org/wiki/Q61478103#P577,earliest_wikidata_release,,not_publicly_disclosed
2019-22-03,2019-22,2019,Best Community Support,game,Final Fantasy XIV,Final Fantasy XIV,https://en.wikipedia.org/wiki/Final_Fantasy_XIV,0,3,active,Final Fantasy XIV – Square Enix,https://en.wikipedia.org/wiki/The_Game_Awards_2019,Q5449393,2013-08-27,day,https://www.wikidata.org/wiki/Q5449393#P577,,,,earliest_wikidata_release,,not_publicly_disclosed
2019-22-04,2019-22,2019,Best Community Support,game,Fortnite,Fortnite,https://en.wikipedia.org/wiki/Fortnite,0,4,active,Fortnite – Epic Games,https://en.wikipedia.org/wiki/The_Game_Awards_2019,Q349375,2017-07-25,day,https://www.wikidata.org/wiki/Q349375#P577,,,,earliest_wikidata_release,,not_publicly_disclosed
2019-22-05,2019-22,2019,Best Community Support,game,Tom Clancy's Rainbow Six Siege,Tom Clancy's Rainbow Six Siege,https://en.wikipedia.org/wiki/Tom_Clancy%27s_Rainbow_Six_Siege,0,5,active,Tom Clancy's Rainbow Six Siege – Ubisoft,https://en.wikipedia.org/wiki/The_Game_Awards_2019,Q17183996,2015-12-01,day,https://www.wikidata.org/wiki/Q17183996#P577,,,,earliest_wikidata_release,,not_publicly_disclosed
2019-23-01,2019-23,2019,Player's Voice,game,Fire Emblem: Three Houses,Fire Emblem: Three Houses,https://en.wikipedia.org/wiki/Fire_Emblem:_Three_Houses,1,1,active,"Fire Emblem: Three Houses – Intelligent Systems , Koei Tecmo / Nintendo",https://en.wikipedia.org/wiki/The_Game_Awards_2019,Q54960673,2019-07-26,day,https://www.wikidata.org/wiki/Q54960673#P577,2019-07-26,first public release,https://www.wikidata.org/wiki/Q54960673#P577,earliest_wikidata_release,,not_publicly_disclosed
2019-23-02,2019-23,2019,Player's Voice,game,Super Smash Bros. Ultimate,Super Smash Bros. Ultimate,https://en.wikipedia.org/wiki/Super_Smash_Bros._Ultimate,0,2,active,"Super Smash Bros. Ultimate – Bandai Namco Studios , Sora Ltd. / Nintendo",https://en.wikipedia.org/wiki/The_Game_Awards_2019,Q54093632,2018-12-07,day,https://www.wikidata.org/wiki/Q54093632#P577,,,,earliest_wikidata_release,,not_publicly_disclosed
2019-23-03,2019-23,2019,Player's Voice,game,Star Wars Jedi: Fallen Order,Star Wars Jedi: Fallen Order,https://en.wikipedia.org/wiki/Star_Wars_Jedi:_Fallen_Order,0,3,active,Star Wars Jedi: Fallen Order – Respawn Entertainment / Electronic Arts,https://en.wikipedia.org/wiki/The_Game_Awards_2019,Q55449345,2019-11-15,day,https://www.wikidata.org/wiki/Q55449345#P577,2019-11-15,first public release,https://www.wikidata.org/wiki/Q55449345#P577,earliest_wikidata_release,,not_publicly_disclosed
2019-23-04,2019-23,2019,Player's Voice,game,Death Stranding,Death Stranding,https://en.wikipedia.org/wiki/Death_Stranding,0,4,active,Death Stranding – Kojima Productions / Sony Interactive Entertainment,https://en.wikipedia.org/wiki/The_Game_Awards_2019,Q24666782,2019-11-08,day,https://www.wikidata.org/wiki/Q24666782#P577,2019-11-08,first public release,https://www.wikidata.org/wiki/Q24666782#P577,earliest_wikidata_release,,not_publicly_disclosed
2019-24-01,2019-24,2019,Best Esports Game,game,League of Legends,League of Legends,https://en.wikipedia.org/wiki/League_of_Legends,1,1,active,League of Legends – Riot Games,https://en.wikipedia.org/wiki/The_Game_Awards_2019,Q223341,2009-10-27,day,https://www.wikidata.org/wiki/Q223341#P577,,,,earliest_wikidata_release,,not_publicly_disclosed
2019-24-02,2019-24,2019,Best Esports Game,game,Counter-Strike: Global Offensive,Counter-Strike: Global Offensive,https://en.wikipedia.org/wiki/Counter-Strike:_Global_Offensive,0,2,active,Counter-Strike: Global Offensive – Valve,https://en.wikipedia.org/wiki/The_Game_Awards_2019,Q842146,2012-08-21,day,https://www.wikidata.org/wiki/Q842146#P577,,,,earliest_wikidata_release,,not_publicly_disclosed
2019-24-03,2019-24,2019,Best Esports Game,game,Dota 2,Dota 2,https://en.wikipedia.org/wiki/Dota_2,0,3,active,Dota 2 – Valve,https://en.wikipedia.org/wiki/The_Game_Awards_2019,Q771541,2013-07-09,day,https://www.wikidata.org/wiki/Q771541#P577,,,,earliest_wikidata_release,,not_publicly_disclosed
2019-24-04,2019-24,2019,Best Esports Game,game,Fortnite,Fortnite,https://en.wikipedia.org/wiki/Fortnite,0,4,active,Fortnite – Epic Games,https://en.wikipedia.org/wiki/The_Game_Awards_2019,Q349375,2017-07-25,day,https://www.wikidata.org/wiki/Q349375#P577,,,,earliest_wikidata_release,,not_publicly_disclosed
2019-24-05,2019-24,2019,Best Esports Game,game,Overwatch,Overwatch,https://en.wikipedia.org/wiki/Overwatch_(2016_video_game),0,5,active,Overwatch – Blizzard Entertainment,https://en.wikipedia.org/wiki/The_Game_Awards_2019,Q18515944,2016-05-24,day,https://www.wikidata.org/wiki/Q18515944#P577,,,,earliest_wikidata_release,,not_publicly_disclosed
2019-25-01,2019-25,2019,Best Esports Player,person,"Kyle ""Bugha"" Giersdorf ( Sentinels , Fortnite )",,,1,1,active,"Kyle ""Bugha"" Giersdorf ( Sentinels , Fortnite )",https://en.wikipedia.org/wiki/The_Game_Awards_2019,,,,,,,,no_associated_game,,not_publicly_disclosed
2019-25-02,2019-25,2019,Best Esports Player,person,"Oleksandr ""S1mple"" Kostyliev ( Natus Vincere , Counter-Strike: Global Offensive )",,,0,2,active,"Oleksandr ""S1mple"" Kostyliev ( Natus Vincere , Counter-Strike: Global Offensive )",https://en.wikipedia.org/wiki/The_Game_Awards_2019,,,,,,,,no_associated_game,,not_publicly_disclosed
2019-25-03,2019-25,2019,Best Esports Player,person,"Luka ""Perkz"" Perkovic ( G2 Esports , League of Legends )",,,0,3,active,"Luka ""Perkz"" Perkovic ( G2 Esports , League of Legends )",https://en.wikipedia.org/wiki/The_Game_Awards_2019,,,,,,,,no_associated_game,,not_publicly_disclosed
2019-25-04,2019-25,2019,Best Esports Player,person,"Lee ""Faker"" Sang-hyeok ( SK Telecom T1 , League of Legends )",,,0,4,active,"Lee ""Faker"" Sang-hyeok ( SK Telecom T1 , League of Legends )",https://en.wikipedia.org/wiki/The_Game_Awards_2019,,,,,,,,no_associated_game,,not_publicly_disclosed
2019-25-05,2019-25,2019,Best Esports Player,person,"Jay ""Sinatraa"" Won ( San Francisco Shock , Overwatch League )",,,0,5,active,"Jay ""Sinatraa"" Won ( San Francisco Shock , Overwatch League )",https://en.wikipedia.org/wiki/The_Game_Awards_2019,,,,,,,,no_associated_game,,not_publicly_disclosed
2019-26-01,2019-26,2019,Best Esports Team,other,G2 Esports ( League of Legends ),,,1,1,active,G2 Esports ( League of Legends ),https://en.wikipedia.org/wiki/The_Game_Awards_2019,,,,,,,,no_associated_game,,not_publicly_disclosed
2019-26-02,2019-26,2019,Best Esports Team,other,Astralis ( Counter-Strike: Global Offensive ),,,0,2,active,Astralis ( Counter-Strike: Global Offensive ),https://en.wikipedia.org/wiki/The_Game_Awards_2019,,,,,,,,no_associated_game,,not_publicly_disclosed
2019-26-03,2019-26,2019,Best Esports Team,other,OG ( Dota 2 ),,,0,3,active,OG ( Dota 2 ),https://en.wikipedia.org/wiki/The_Game_Awards_2019,,,,,,,,no_associated_game,,not_publicly_disclosed
2019-26-04,2019-26,2019,Best Esports Team,other,San Francisco Shock ( Overwatch League ),,,0,4,active,San Francisco Shock ( Overwatch League ),https://en.wikipedia.org/wiki/The_Game_Awards_2019,,,,,,,,no_associated_game,,not_publicly_disclosed
2019-26-05,2019-26,2019,Best Esports Team,other,Team Liquid ( Counter-Strike: Global Offensive ),,,0,5,active,Team Liquid ( Counter-Strike: Global Offensive ),https://en.wikipedia.org/wiki/The_Game_Awards_2019,,,,,,,,no_associated_game,,not_publicly_disclosed
2019-27-01,2019-27,2019,Best Esports Coach,person,"Danny ""Zonic"" Sørensen ( Astralis , Counter-Strike: Global Offensive )",,,1,1,active,"Danny ""Zonic"" Sørensen ( Astralis , Counter-Strike: Global Offensive )",https://en.wikipedia.org/wiki/The_Game_Awards_2019,,,,,,,,no_associated_game,,not_publicly_disclosed
2019-27-02,2019-27,2019,Best Esports Coach,person,"Eric ""adreN"" Hoag ( Team Liquid , Counter-Strike: Global Offensive )",,,0,2,active,"Eric ""adreN"" Hoag ( Team Liquid , Counter-Strike: Global Offensive )",https://en.wikipedia.org/wiki/The_Game_Awards_2019,,,,,,,,no_associated_game,,not_publicly_disclosed
2019-27-03,2019-27,2019,Best Esports Coach,person,"Nu-ri ""Cain"" Jang (Team Liquid, League of Legends )",,,0,3,active,"Nu-ri ""Cain"" Jang (Team Liquid, League of Legends )",https://en.wikipedia.org/wiki/The_Game_Awards_2019,,,,,,,,no_associated_game,,not_publicly_disclosed
2019-27-04,2019-27,2019,Best Esports Coach,person,"Kim ""Kkoma"" Jeong-gyun ( SK Telecom T1 , League of Legends )",,,0,4,active,"Kim ""Kkoma"" Jeong-gyun ( SK Telecom T1 , League of Legends )",https://en.wikipedia.org/wiki/The_Game_Awards_2019,,,,,,,,no_associated_game,,not_publicly_disclosed
2019-27-05,2019-27,2019,Best Esports Coach,person,"Fabian ""GrabbZ"" Lohmann ( G2 Esports , League of Legends )",,,0,5,active,"Fabian ""GrabbZ"" Lohmann ( G2 Esports , League of Legends )",https://en.wikipedia.org/wiki/The_Game_Awards_2019,,,,,,,,no_associated_game,,not_publicly_disclosed
2019-27-06,2019-27,2019,Best Esports Coach,person,"Titouan ""Sockshka"" Merloz ( OG , Dota 2 )",,,0,6,active,"Titouan ""Sockshka"" Merloz ( OG , Dota 2 )",https://en.wikipedia.org/wiki/The_Game_Awards_2019,,,,,,,,no_associated_game,,not_publicly_disclosed
2019-28-01,2019-28,2019,Best Esports Event,other,2019 League of Legends World Championship,,,1,1,active,2019 League of Legends World Championship,https://en.wikipedia.org/wiki/The_Game_Awards_2019,,,,,,,,no_associated_game,,not_publicly_disclosed
2019-28-02,2019-28,2019,Best Esports Event,other,2019 Overwatch League Grand Finals,,,0,2,active,2019 Overwatch League Grand Finals,https://en.wikipedia.org/wiki/The_Game_Awards_2019,,,,,,,,no_associated_game,,not_publicly_disclosed
2019-28-03,2019-28,2019,Best Esports Event,other,EVO 2019,,,0,3,active,EVO 2019,https://en.wikipedia.org/wiki/The_Game_Awards_2019,,,,,,,,no_associated_game,,not_publicly_disclosed
2019-28-04,2019-28,2019,Best Esports Event,other,Fortnite World Cup,,,0,4,active,Fortnite World Cup,https://en.wikipedia.org/wiki/The_Game_Awards_2019,,,,,,,,no_associated_game,,not_publicly_disclosed
2019-28-05,2019-28,2019,Best Esports Event,other,IEM Katowice 2019,,,0,5,active,IEM Katowice 2019,https://en.wikipedia.org/wiki/The_Game_Awards_2019,,,,,,,,no_associated_game,,not_publicly_disclosed
2019-28-06,2019-28,2019,Best Esports Event,other,The International 2019,,,0,6,active,The International 2019,https://en.wikipedia.org/wiki/The_Game_Awards_2019,,,,,,,,no_associated_game,,not_publicly_disclosed
2019-29-01,2019-29,2019,Best Esports Host,person,"Eefje ""Sjokz"" Depoortere",,,1,1,active,"Eefje ""Sjokz"" Depoortere",https://en.wikipedia.org/wiki/The_Game_Awards_2019,,,,,,,,no_associated_game,,not_publicly_disclosed
2019-29-02,2019-29,2019,Best Esports Host,person,"Paul ""Redeye"" Chaloner",,,0,2,active,"Paul ""Redeye"" Chaloner",https://en.wikipedia.org/wiki/The_Game_Awards_2019,,,,,,,,no_associated_game,,not_publicly_disclosed
2019-29-03,2019-29,2019,Best Esports Host,person,"Alex ""Goldenboy"" Mendez",,,0,3,active,"Alex ""Goldenboy"" Mendez",https://en.wikipedia.org/wiki/The_Game_Awards_2019,,,,,,,,no_associated_game,,not_publicly_disclosed
2019-29-04,2019-29,2019,Best Esports Host,person,"Alex ""Machine"" Richardson",,,0,4,active,"Alex ""Machine"" Richardson",https://en.wikipedia.org/wiki/The_Game_Awards_2019,,,,,,,,no_associated_game,,not_publicly_disclosed
2019-29-05,2019-29,2019,Best Esports Host,person,"Duan ""Candice"" Yu-Shuang",,,0,5,active,"Duan ""Candice"" Yu-Shuang",https://en.wikipedia.org/wiki/The_Game_Awards_2019,,,,,,,,no_associated_game,,not_publicly_disclosed
2019-30-01,2019-30,2019,Content Creator of the Year,person,"Michael ""Shroud"" Grzesiek",,,1,1,active,"Michael ""Shroud"" Grzesiek",https://en.wikipedia.org/wiki/The_Game_Awards_2019,,,,,,,,no_associated_game,,not_publicly_disclosed
2019-30-02,2019-30,2019,Content Creator of the Year,person,"Jack ""CouRage"" Dunlop",,,0,2,active,"Jack ""CouRage"" Dunlop",https://en.wikipedia.org/wiki/The_Game_Awards_2019,,,,,,,,no_associated_game,,not_publicly_disclosed
2019-30-03,2019-30,2019,Content Creator of the Year,person,"Benjamin ""DrLupo"" Lupo",,,0,3,active,"Benjamin ""DrLupo"" Lupo",https://en.wikipedia.org/wiki/The_Game_Awards_2019,,,,,,,,no_associated_game,,not_publicly_disclosed
2019-30-04,2019-30,2019,Content Creator of the Year,person,"David ""Grefg"" Martínez",,,0,4,active,"David ""Grefg"" Martínez",https://en.wikipedia.org/wiki/The_Game_Awards_2019,,,,,,,,no_associated_game,,not_publicly_disclosed
2019-30-05,2019-30,2019,Content Creator of the Year,person,"Soleil ""EwOk"" Wheeler",,,0,5,active,"Soleil ""EwOk"" Wheeler",https://en.wikipedia.org/wiki/The_Game_Awards_2019,,,,,,,,no_associated_game,,not_publicly_disclosed
2019-31-01,2019-31,2019,Global Gaming Citizens,other,"Fereshteh Forough , Code to Inspire",,,1,1,active,"Fereshteh Forough , Code to Inspire",https://en.wikipedia.org/wiki/The_Game_Awards_2019,,,,,,,,no_associated_game,,not_publicly_disclosed
2019-31-02,2019-31,2019,Global Gaming Citizens,other,"Damon Packwood , Gameheads",,,0,2,active,"Damon Packwood , Gameheads",https://en.wikipedia.org/wiki/The_Game_Awards_2019,,,,,,,,no_associated_game,,not_publicly_disclosed
2019-31-03,2019-31,2019,Global Gaming Citizens,other,"Luke , Let's Be Well",,,0,3,active,"Luke , Let's Be Well",https://en.wikipedia.org/wiki/The_Game_Awards_2019,,,,,,,,no_associated_game,,not_publicly_disclosed
2019-31-04,2019-31,2019,Global Gaming Citizens,other,"Vanessa Gill , Social Cipher",,,0,4,active,"Vanessa Gill , Social Cipher",https://en.wikipedia.org/wiki/The_Game_Awards_2019,,,,,,,,no_associated_game,,not_publicly_disclosed
2019-31-05,2019-31,2019,Global Gaming Citizens,other,"Stephen Machuga and Mat Bergendahl , StackUp",,,0,5,active,"Stephen Machuga and Mat Bergendahl , StackUp",https://en.wikipedia.org/wiki/The_Game_Awards_2019,,,,,,,,no_associated_game,,not_publicly_disclosed
2020-01-01,2020-01,2020,Game of the Year,game,The Last of Us Part II,The Last of Us Part II,https://en.wikipedia.org/wiki/The_Last_of_Us_Part_II,1,1,active,The Last of Us Part II – Naughty Dog / Sony Interactive Entertainment,https://en.wikipedia.org/wiki/The_Game_Awards_2020,Q27950674,2020-06-19,day,https://www.wikidata.org/wiki/Q27950674#P577,2020-06-19,first public release,https://www.wikidata.org/wiki/Q27950674#P577,earliest_wikidata_release,,not_publicly_disclosed
2020-01-02,2020-01,2020,Game of the Year,game,Animal Crossing: New Horizons,Animal Crossing: New Horizons,https://en.wikipedia.org/wiki/Animal_Crossing:_New_Horizons,0,2,active,Animal Crossing: New Horizons – Nintendo,https://en.wikipedia.org/wiki/The_Game_Awards_2020,Q64566657,2020-03-20,day,https://www.wikidata.org/wiki/Q64566657#P577,2020-03-20,first public release,https://www.wikidata.org/wiki/Q64566657#P577,earliest_wikidata_release,,not_publicly_disclosed
2020-01-03,2020-01,2020,Game of the Year,game,Doom Eternal,Doom Eternal,https://en.wikipedia.org/wiki/Doom_Eternal,0,3,active,Doom Eternal – id Software / Bethesda Softworks,https://en.wikipedia.org/wiki/The_Game_Awards_2020,Q55662649,2020-03-20,day,https://www.wikidata.org/wiki/Q55662649#P577,2020-03-20,first public release,https://www.wikidata.org/wiki/Q55662649#P577,earliest_wikidata_release,,not_publicly_disclosed
2020-01-04,2020-01,2020,Game of the Year,game,Final Fantasy VII Remake,Final Fantasy VII Remake,https://en.wikipedia.org/wiki/Final_Fantasy_VII_Remake,0,4,active,Final Fantasy VII Remake – Square Enix,https://en.wikipedia.org/wiki/The_Game_Awards_2020,Q20155152,2020-04-10,day,https://www.wikidata.org/wiki/Q20155152#P577,2020-04-10,first public release,https://www.wikidata.org/wiki/Q20155152#P577,earliest_wikidata_release,,not_publicly_disclosed
2020-01-05,2020-01,2020,Game of the Year,game,Ghost of Tsushima,Ghost of Tsushima,https://en.wikipedia.org/wiki/Ghost_of_Tsushima,0,5,active,Ghost of Tsushima – Sucker Punch Productions / Sony Interactive Entertainment,https://en.wikipedia.org/wiki/The_Game_Awards_2020,Q42564798,2020-07-17,day,https://www.wikidata.org/wiki/Q42564798#P577,2020-07-17,first public release,https://www.wikidata.org/wiki/Q42564798#P577,earliest_wikidata_release,,not_publicly_disclosed
2020-01-06,2020-01,2020,Game of the Year,game,Hades,Hades,https://en.wikipedia.org/wiki/Hades_(video_game),0,6,active,Hades – Supergiant Games,https://en.wikipedia.org/wiki/The_Game_Awards_2020,Q59756366,2018-12-06,day,https://www.wikidata.org/wiki/Q59756366#P577,2020-09-17,full release after 2018 early access,https://en.wikipedia.org/wiki/Hades_(video_game),earliest_wikidata_release,,not_publicly_disclosed
2020-02-01,2020-02,2020,Best Game Direction,game,The Last of Us Part II,The Last of Us Part II,https://en.wikipedia.org/wiki/The_Last_of_Us_Part_II,1,1,active,The Last of Us Part II – Naughty Dog / Sony Interactive Entertainment,https://en.wikipedia.org/wiki/The_Game_Awards_2020,Q27950674,2020-06-19,day,https://www.wikidata.org/wiki/Q27950674#P577,2020-06-19,first public release,https://www.wikidata.org/wiki/Q27950674#P577,earliest_wikidata_release,,not_publicly_disclosed
2020-02-02,2020-02,2020,Best Game Direction,game,Final Fantasy VII Remake,Final Fantasy VII Remake,https://en.wikipedia.org/wiki/Final_Fantasy_VII_Remake,0,2,active,Final Fantasy VII Remake – Square Enix,https://en.wikipedia.org/wiki/The_Game_Awards_2020,Q20155152,2020-04-10,day,https://www.wikidata.org/wiki/Q20155152#P577,2020-04-10,first public release,https://www.wikidata.org/wiki/Q20155152#P577,earliest_wikidata_release,,not_publicly_disclosed
2020-02-03,2020-02,2020,Best Game Direction,game,Ghost of Tsushima,Ghost of Tsushima,https://en.wikipedia.org/wiki/Ghost_of_Tsushima,0,3,active,Ghost of Tsushima – Sucker Punch Productions / Sony Interactive Entertainment,https://en.wikipedia.org/wiki/The_Game_Awards_2020,Q42564798,2020-07-17,day,https://www.wikidata.org/wiki/Q42564798#P577,2020-07-17,first public release,https://www.wikidata.org/wiki/Q42564798#P577,earliest_wikidata_release,,not_publicly_disclosed
2020-02-04,2020-02,2020,Best Game Direction,game,Hades,Hades,https://en.wikipedia.org/wiki/Hades_(video_game),0,4,active,Hades – Supergiant Games,https://en.wikipedia.org/wiki/The_Game_Awards_2020,Q59756366,2018-12-06,day,https://www.wikidata.org/wiki/Q59756366#P577,2020-09-17,full release after 2018 early access,https://en.wikipedia.org/wiki/Hades_(video_game),earliest_wikidata_release,,not_publicly_disclosed
2020-02-05,2020-02,2020,Best Game Direction,game,Half-Life: Alyx,Half-Life: Alyx,https://en.wikipedia.org/wiki/Half-Life:_Alyx,0,5,active,Half-Life: Alyx – Valve,https://en.wikipedia.org/wiki/The_Game_Awards_2020,Q75653574,2020-03-23,day,https://www.wikidata.org/wiki/Q75653574#P577,2020-03-23,first public release,https://www.wikidata.org/wiki/Q75653574#P577,earliest_wikidata_release,,not_publicly_disclosed
2020-03-01,2020-03,2020,Best Narrative,game,The Last of Us Part II,The Last of Us Part II,https://en.wikipedia.org/wiki/The_Last_of_Us_Part_II,1,1,active,The Last of Us Part II – Neil Druckmann and Halley Gross,https://en.wikipedia.org/wiki/The_Game_Awards_2020,Q27950674,2020-06-19,day,https://www.wikidata.org/wiki/Q27950674#P577,2020-06-19,first public release,https://www.wikidata.org/wiki/Q27950674#P577,earliest_wikidata_release,,not_publicly_disclosed
2020-03-02,2020-03,2020,Best Narrative,game,13 Sentinels: Aegis Rim,13 Sentinels: Aegis Rim,https://en.wikipedia.org/wiki/13_Sentinels:_Aegis_Rim,0,2,active,13 Sentinels: Aegis Rim – George Kamitani,https://en.wikipedia.org/wiki/The_Game_Awards_2020,Q20982904,2019-11-28,day,https://www.wikidata.org/wiki/Q20982904#P577,,,,earliest_wikidata_release,,not_publicly_disclosed
2020-03-03,2020-03,2020,Best Narrative,game,Final Fantasy VII Remake,Final Fantasy VII Remake,https://en.wikipedia.org/wiki/Final_Fantasy_VII_Remake,0,3,active,"Final Fantasy VII Remake – Kazushige Nojima , Motomu Toriyama , Hiroaki Iwaki, and Sachie Hirano",https://en.wikipedia.org/wiki/The_Game_Awards_2020,Q20155152,2020-04-10,day,https://www.wikidata.org/wiki/Q20155152#P577,2020-04-10,first public release,https://www.wikidata.org/wiki/Q20155152#P577,earliest_wikidata_release,,not_publicly_disclosed
2020-03-04,2020-03,2020,Best Narrative,game,Ghost of Tsushima,Ghost of Tsushima,https://en.wikipedia.org/wiki/Ghost_of_Tsushima,0,4,active,"Ghost of Tsushima – Ian Ryan, Liz Albl, Patrick Downs, and Jordan Lemos",https://en.wikipedia.org/wiki/The_Game_Awards_2020,Q42564798,2020-07-17,day,https://www.wikidata.org/wiki/Q42564798#P577,2020-07-17,first public release,https://www.wikidata.org/wiki/Q42564798#P577,earliest_wikidata_release,,not_publicly_disclosed
2020-03-05,2020-03,2020,Best Narrative,game,Hades,Hades,https://en.wikipedia.org/wiki/Hades_(video_game),0,5,active,Hades – Greg Kasavin,https://en.wikipedia.org/wiki/The_Game_Awards_2020,Q59756366,2018-12-06,day,https://www.wikidata.org/wiki/Q59756366#P577,2020-09-17,full release after 2018 early access,https://en.wikipedia.org/wiki/Hades_(video_game),earliest_wikidata_release,,not_publicly_disclosed
2020-04-01,2020-04,2020,Best Art Direction,game,Ghost of Tsushima,Ghost of Tsushima,https://en.wikipedia.org/wiki/Ghost_of_Tsushima,1,1,active,Ghost of Tsushima – Sucker Punch Productions / Sony Interactive Entertainment,https://en.wikipedia.org/wiki/The_Game_Awards_2020,Q42564798,2020-07-17,day,https://www.wikidata.org/wiki/Q42564798#P577,2020-07-17,first public release,https://www.wikidata.org/wiki/Q42564798#P577,earliest_wikidata_release,,not_publicly_disclosed
2020-04-02,2020-04,2020,Best Art Direction,game,Final Fantasy VII Remake,Final Fantasy VII Remake,https://en.wikipedia.org/wiki/Final_Fantasy_VII_Remake,0,2,active,Final Fantasy VII Remake – Square Enix,https://en.wikipedia.org/wiki/The_Game_Awards_2020,Q20155152,2020-04-10,day,https://www.wikidata.org/wiki/Q20155152#P577,2020-04-10,first public release,https://www.wikidata.org/wiki/Q20155152#P577,earliest_wikidata_release,,not_publicly_disclosed
2020-04-03,2020-04,2020,Best Art Direction,game,Hades,Hades,https://en.wikipedia.org/wiki/Hades_(video_game),0,3,active,Hades – Supergiant Games,https://en.wikipedia.org/wiki/The_Game_Awards_2020,Q59756366,2018-12-06,day,https://www.wikidata.org/wiki/Q59756366#P577,2020-09-17,full release after 2018 early access,https://en.wikipedia.org/wiki/Hades_(video_game),earliest_wikidata_release,,not_publicly_disclosed
2020-04-04,2020-04,2020,Best Art Direction,game,The Last of Us Part II,The Last of Us Part II,https://en.wikipedia.org/wiki/The_Last_of_Us_Part_II,0,4,active,The Last of Us Part II – Naughty Dog / Sony Interactive Entertainment,https://en.wikipedia.org/wiki/The_Game_Awards_2020,Q27950674,2020-06-19,day,https://www.wikidata.org/wiki/Q27950674#P577,2020-06-19,first public release,https://www.wikidata.org/wiki/Q27950674#P577,earliest_wikidata_release,,not_publicly_disclosed
2020-04-05,2020-04,2020,Best Art Direction,game,Ori and the Will of the Wisps,Ori and the Will of the Wisps,https://en.wikipedia.org/wiki/Ori_and_the_Will_of_the_Wisps,0,5,active,Ori and the Will of the Wisps – Moon Studios / Xbox Game Studios,https://en.wikipedia.org/wiki/The_Game_Awards_2020,Q30325568,2020-03-11,day,https://www.wikidata.org/wiki/Q30325568#P577,2020-03-11,first public release,https://www.wikidata.org/wiki/Q30325568#P577,earliest_wikidata_release,,not_publicly_disclosed
2020-05-01,2020-05,2020,Best Score and Music,game,Final Fantasy VII Remake,Final Fantasy VII Remake,https://en.wikipedia.org/wiki/Final_Fantasy_VII_Remake,1,1,active,"Final Fantasy VII Remake – Nobuo Uematsu , Masashi Hamauzu , and Mitsuto Suzuki",https://en.wikipedia.org/wiki/The_Game_Awards_2020,Q20155152,2020-04-10,day,https://www.wikidata.org/wiki/Q20155152#P577,2020-04-10,first public release,https://www.wikidata.org/wiki/Q20155152#P577,earliest_wikidata_release,,not_publicly_disclosed
2020-05-02,2020-05,2020,Best Score and Music,game,Doom Eternal,Doom Eternal,https://en.wikipedia.org/wiki/Doom_Eternal,0,2,active,Doom Eternal – Mick Gordon,https://en.wikipedia.org/wiki/The_Game_Awards_2020,Q55662649,2020-03-20,day,https://www.wikidata.org/wiki/Q55662649#P577,2020-03-20,first public release,https://www.wikidata.org/wiki/Q55662649#P577,earliest_wikidata_release,,not_publicly_disclosed
2020-05-03,2020-05,2020,Best Score and Music,game,Hades,Hades,https://en.wikipedia.org/wiki/Hades_(video_game),0,3,active,Hades – Darren Korb,https://en.wikipedia.org/wiki/The_Game_Awards_2020,Q59756366,2018-12-06,day,https://www.wikidata.org/wiki/Q59756366#P577,2020-09-17,full release after 2018 early access,https://en.wikipedia.org/wiki/Hades_(video_game),earliest_wikidata_release,,not_publicly_disclosed
2020-05-04,2020-05,2020,Best Score and Music,game,The Last of Us Part II,The Last of Us Part II,https://en.wikipedia.org/wiki/The_Last_of_Us_Part_II,0,4,active,The Last of Us Part II – Gustavo Santaolalla and Mac Quayle,https://en.wikipedia.org/wiki/The_Game_Awards_2020,Q27950674,2020-06-19,day,https://www.wikidata.org/wiki/Q27950674#P577,2020-06-19,first public release,https://www.wikidata.org/wiki/Q27950674#P577,earliest_wikidata_release,,not_publicly_disclosed
2020-05-05,2020-05,2020,Best Score and Music,game,Ori and the Will of the Wisps,Ori and the Will of the Wisps,https://en.wikipedia.org/wiki/Ori_and_the_Will_of_the_Wisps,0,5,active,Ori and the Will of the Wisps – Gareth Coker,https://en.wikipedia.org/wiki/The_Game_Awards_2020,Q30325568,2020-03-11,day,https://www.wikidata.org/wiki/Q30325568#P577,2020-03-11,first public release,https://www.wikidata.org/wiki/Q30325568#P577,earliest_wikidata_release,,not_publicly_disclosed
2020-06-01,2020-06,2020,Best Audio Design,game,The Last of Us Part II,The Last of Us Part II,https://en.wikipedia.org/wiki/The_Last_of_Us_Part_II,1,1,active,The Last of Us Part II – Naughty Dog / Sony Interactive Entertainment,https://en.wikipedia.org/wiki/The_Game_Awards_2020,Q27950674,2020-06-19,day,https://www.wikidata.org/wiki/Q27950674#P577,2020-06-19,first public release,https://www.wikidata.org/wiki/Q27950674#P577,earliest_wikidata_release,,not_publicly_disclosed
2020-06-02,2020-06,2020,Best Audio Design,game,Doom Eternal,Doom Eternal,https://en.wikipedia.org/wiki/Doom_Eternal,0,2,active,Doom Eternal – id Software / Bethesda Softworks,https://en.wikipedia.org/wiki/The_Game_Awards_2020,Q55662649,2020-03-20,day,https://www.wikidata.org/wiki/Q55662649#P577,2020-03-20,first public release,https://www.wikidata.org/wiki/Q55662649#P577,earliest_wikidata_release,,not_publicly_disclosed
2020-06-03,2020-06,2020,Best Audio Design,game,Ghost of Tsushima,Ghost of Tsushima,https://en.wikipedia.org/wiki/Ghost_of_Tsushima,0,3,active,Ghost of Tsushima – Sucker Punch Productions / Sony Interactive Entertainment,https://en.wikipedia.org/wiki/The_Game_Awards_2020,Q42564798,2020-07-17,day,https://www.wikidata.org/wiki/Q42564798#P577,2020-07-17,first public release,https://www.wikidata.org/wiki/Q42564798#P577,earliest_wikidata_release,,not_publicly_disclosed
2020-06-04,2020-06,2020,Best Audio Design,game,Half-Life: Alyx,Half-Life: Alyx,https://en.wikipedia.org/wiki/Half-Life:_Alyx,0,4,active,Half-Life: Alyx – Valve,https://en.wikipedia.org/wiki/The_Game_Awards_2020,Q75653574,2020-03-23,day,https://www.wikidata.org/wiki/Q75653574#P577,2020-03-23,first public release,https://www.wikidata.org/wiki/Q75653574#P577,earliest_wikidata_release,,not_publicly_disclosed
2020-06-05,2020-06,2020,Best Audio Design,game,Resident Evil 3,Resident Evil 3,https://en.wikipedia.org/wiki/Resident_Evil_3_(2020_video_game),0,5,active,Resident Evil 3 – Capcom,https://en.wikipedia.org/wiki/The_Game_Awards_2020,Q78059950,2020-04-03,day,https://www.wikidata.org/wiki/Q78059950#P577,2020-04-03,first public release,https://www.wikidata.org/wiki/Q78059950#P577,earliest_wikidata_release,,not_publicly_disclosed
2020-07-01,2020-07,2020,Best Performance,performance,Laura Bailey as Abby,The Last of Us Part II,https://en.wikipedia.org/wiki/The_Last_of_Us_Part_II,1,1,active,Laura Bailey as Abby – The Last of Us Part II,https://en.wikipedia.org/wiki/The_Game_Awards_2020,Q27950674,2020-06-19,day,https://www.wikidata.org/wiki/Q27950674#P577,2020-06-19,first public release,https://www.wikidata.org/wiki/Q27950674#P577,earliest_wikidata_release,,not_publicly_disclosed
2020-07-02,2020-07,2020,Best Performance,performance,Logan Cunningham as Hades,Hades,https://en.wikipedia.org/wiki/Hades_(video_game),0,2,active,Logan Cunningham as Hades – Hades,https://en.wikipedia.org/wiki/The_Game_Awards_2020,Q59756366,2018-12-06,day,https://www.wikidata.org/wiki/Q59756366#P577,2020-09-17,full release after 2018 early access,https://en.wikipedia.org/wiki/Hades_(video_game),earliest_wikidata_release,,not_publicly_disclosed
2020-07-03,2020-07,2020,Best Performance,performance,Nadji Jeter as Miles Morales,Spider-Man: Miles Morales,https://en.wikipedia.org/wiki/Spider-Man:_Miles_Morales,0,3,active,Nadji Jeter as Miles Morales – Spider-Man: Miles Morales,https://en.wikipedia.org/wiki/The_Game_Awards_2020,Q96216165,2020-11-12,day,https://www.wikidata.org/wiki/Q96216165#P577,2020-11-12,first public release,https://www.wikidata.org/wiki/Q96216165#P577,earliest_wikidata_release,,not_publicly_disclosed
2020-07-04,2020-07,2020,Best Performance,performance,Ashley Johnson as Ellie,The Last of Us Part II,,0,4,active,Ashley Johnson as Ellie – The Last of Us Part II,https://en.wikipedia.org/wiki/The_Game_Awards_2020,,,,,,,,no_game_link,,not_publicly_disclosed
2020-07-05,2020-07,2020,Best Performance,performance,Daisuke Tsuji as Jin Sakai,Ghost of Tsushima,https://en.wikipedia.org/wiki/Ghost_of_Tsushima,0,5,active,Daisuke Tsuji as Jin Sakai – Ghost of Tsushima,https://en.wikipedia.org/wiki/The_Game_Awards_2020,Q42564798,2020-07-17,day,https://www.wikidata.org/wiki/Q42564798#P577,2020-07-17,first public release,https://www.wikidata.org/wiki/Q42564798#P577,earliest_wikidata_release,,not_publicly_disclosed
2020-08-01,2020-08,2020,Games for Impact,game,Tell Me Why,Tell Me Why,https://en.wikipedia.org/wiki/Tell_Me_Why_(video_game),1,1,active,Tell Me Why – Dontnod Entertainment / Xbox Game Studios,https://en.wikipedia.org/wiki/The_Game_Awards_2020,Q75493248,2020-08-27,day,https://www.wikidata.org/wiki/Q75493248#P577,2020-08-27,first public release,https://www.wikidata.org/wiki/Q75493248#P577,earliest_wikidata_release,,not_publicly_disclosed
2020-08-02,2020-08,2020,Games for Impact,game,If Found...,If Found...,https://en.wikipedia.org/wiki/If_Found...,0,2,active,If Found... – Dreamfeel / Annapurna Interactive,https://en.wikipedia.org/wiki/The_Game_Awards_2020,Q94778024,2020-05-19,day,https://www.wikidata.org/wiki/Q94778024#P577,2020-05-19,first public release,https://www.wikidata.org/wiki/Q94778024#P577,earliest_wikidata_release,,not_publicly_disclosed
2020-08-03,2020-08,2020,Games for Impact,game,Kentucky Route Zero,Kentucky Route Zero,https://en.wikipedia.org/wiki/Kentucky_Route_Zero,0,3,active,Kentucky Route Zero – Cardboard Computer / Annapurna Interactive,https://en.wikipedia.org/wiki/The_Game_Awards_2020,Q6392377,2013-01-07,day,https://www.wikidata.org/wiki/Q6392377#P577,,,,earliest_wikidata_release,,not_publicly_disclosed
2020-08-04,2020-08,2020,Games for Impact,game,Spiritfarer,Spiritfarer,https://en.wikipedia.org/wiki/Spiritfarer,0,4,active,Spiritfarer – Thunder Lotus Games,https://en.wikipedia.org/wiki/The_Game_Awards_2020,Q80533334,2020-08-18,day,https://www.wikidata.org/wiki/Q80533334#P577,2020-08-18,first public release,https://www.wikidata.org/wiki/Q80533334#P577,earliest_wikidata_release,,not_publicly_disclosed
2020-08-05,2020-08,2020,Games for Impact,game,Through the Darkest of Times,Through the Darkest of Times,https://en.wikipedia.org/wiki/Through_the_Darkest_of_Times,0,5,active,Through the Darkest of Times – Paintbucket Games / HandyGames,https://en.wikipedia.org/wiki/The_Game_Awards_2020,Q104822016,2020-01-30,day,https://www.wikidata.org/wiki/Q104822016#P577,2020-01-30,first public release,https://www.wikidata.org/wiki/Q104822016#P577,earliest_wikidata_release,,not_publicly_disclosed
2020-09-01,2020-09,2020,Best Ongoing Game,game,No Man's Sky,No Man's Sky,https://en.wikipedia.org/wiki/No_Man%27s_Sky,1,1,active,No Man's Sky – Hello Games,https://en.wikipedia.org/wiki/The_Game_Awards_2020,Q15297043,2016-08-09,day,https://www.wikidata.org/wiki/Q15297043#P577,,,,earliest_wikidata_release,,not_publicly_disclosed
2020-09-02,2020-09,2020,Best Ongoing Game,game,Apex Legends,Apex Legends,https://en.wikipedia.org/wiki/Apex_Legends,0,2,active,Apex Legends – Respawn Entertainment / Electronic Arts,https://en.wikipedia.org/wiki/The_Game_Awards_2020,Q61478103,2019-02-04,day,https://www.wikidata.org/wiki/Q61478103#P577,,,,earliest_wikidata_release,,not_publicly_disclosed
2020-09-03,2020-09,2020,Best Ongoing Game,game,Call of Duty: Warzone,Call of Duty: Warzone,https://en.wikipedia.org/wiki/Call_of_Duty:_Warzone_(2020_video_game),0,3,active,Call of Duty: Warzone – Infinity Ward / Raven Software / Activision,https://en.wikipedia.org/wiki/The_Game_Awards_2020,Q87416343,2020-03-10,day,https://www.wikidata.org/wiki/Q87416343#P577,2020-03-10,first public release,https://www.wikidata.org/wiki/Q87416343#P577,earliest_wikidata_release,,not_publicly_disclosed
2020-09-04,2020-09,2020,Best Ongoing Game,game,Destiny 2,Destiny 2,https://en.wikipedia.org/wiki/Destiny_2,0,4,active,Destiny 2 – Bungie,https://en.wikipedia.org/wiki/The_Game_Awards_2020,Q29045915,2017-09-06,day,https://www.wikidata.org/wiki/Q29045915#P577,,,,earliest_wikidata_release,,not_publicly_disclosed
2020-09-05,2020-09,2020,Best Ongoing Game,game,Fortnite,Fortnite,https://en.wikipedia.org/wiki/Fortnite,0,5,active,Fortnite – Epic Games,https://en.wikipedia.org/wiki/The_Game_Awards_2020,Q349375,2017-07-25,day,https://www.wikidata.org/wiki/Q349375#P577,,,,earliest_wikidata_release,,not_publicly_disclosed
2020-10-01,2020-10,2020,Best Indie Game,game,Hades,Hades,https://en.wikipedia.org/wiki/Hades_(video_game),1,1,active,Hades – Supergiant Games,https://en.wikipedia.org/wiki/The_Game_Awards_2020,Q59756366,2018-12-06,day,https://www.wikidata.org/wiki/Q59756366#P577,2020-09-17,full release after 2018 early access,https://en.wikipedia.org/wiki/Hades_(video_game),earliest_wikidata_release,,not_publicly_disclosed
2020-10-02,2020-10,2020,Best Indie Game,game,Carrion,Carrion,https://en.wikipedia.org/wiki/Carrion_(video_game),0,2,active,Carrion – Phobia Game Studio / Devolver Digital,https://en.wikipedia.org/wiki/The_Game_Awards_2020,Q96418019,2020-07-23,day,https://www.wikidata.org/wiki/Q96418019#P577,2020-07-23,first public release,https://www.wikidata.org/wiki/Q96418019#P577,earliest_wikidata_release,,not_publicly_disclosed
2020-10-03,2020-10,2020,Best Indie Game,game,Fall Guys,Fall Guys,https://en.wikipedia.org/wiki/Fall_Guys,0,3,active,Fall Guys – Mediatonic / Devolver Digital,https://en.wikipedia.org/wiki/The_Game_Awards_2020,Q85760410,2020-08-04,day,https://www.wikidata.org/wiki/Q85760410#P577,2020-08-04,first public release,https://www.wikidata.org/wiki/Q85760410#P577,earliest_wikidata_release,,not_publicly_disclosed
2020-10-04,2020-10,2020,Best Indie Game,game,Spelunky 2,Spelunky 2,https://en.wikipedia.org/wiki/Spelunky_2,0,4,active,Spelunky 2 – Mossmouth,https://en.wikipedia.org/wiki/The_Game_Awards_2020,Q98168943,2020-09-15,day,https://www.wikidata.org/wiki/Q98168943#P577,2020-09-15,first public release,https://www.wikidata.org/wiki/Q98168943#P577,earliest_wikidata_release,,not_publicly_disclosed
2020-10-05,2020-10,2020,Best Indie Game,game,Spiritfarer,Spiritfarer,https://en.wikipedia.org/wiki/Spiritfarer,0,5,active,Spiritfarer – Thunder Lotus Games,https://en.wikipedia.org/wiki/The_Game_Awards_2020,Q80533334,2020-08-18,day,https://www.wikidata.org/wiki/Q80533334#P577,2020-08-18,first public release,https://www.wikidata.org/wiki/Q80533334#P577,earliest_wikidata_release,,not_publicly_disclosed
2020-11-01,2020-11,2020,Best Mobile Game,game,Among Us,Among Us,https://en.wikipedia.org/wiki/Among_Us,1,1,active,Among Us – Innersloth,https://en.wikipedia.org/wiki/The_Game_Awards_2020,Q96417649,2018-06-15,day,https://www.wikidata.org/wiki/Q96417649#P577,,,,earliest_wikidata_release,,not_publicly_disclosed
2020-11-02,2020-11,2020,Best Mobile Game,game,Call of Duty: Mobile,Call of Duty: Mobile,https://en.wikipedia.org/wiki/Call_of_Duty:_Mobile,0,2,active,Call of Duty: Mobile – TiMi Studios / Activision,https://en.wikipedia.org/wiki/The_Game_Awards_2020,Q64029241,2019-10-01,day,https://www.wikidata.org/wiki/Q64029241#P577,,,,earliest_wikidata_release,,not_publicly_disclosed
2020-11-03,2020-11,2020,Best Mobile Game,game,Genshin Impact,Genshin Impact,https://en.wikipedia.org/wiki/Genshin_Impact,0,3,active,Genshin Impact – miHoYo,https://en.wikipedia.org/wiki/The_Game_Awards_2020,Q65059474,2020-09-28,day,https://www.wikidata.org/wiki/Q65059474#P577,2020-09-28,first public release,https://www.wikidata.org/wiki/Q65059474#P577,earliest_wikidata_release,,not_publicly_disclosed
2020-11-04,2020-11,2020,Best Mobile Game,game,Legends of Runeterra,Legends of Runeterra,https://en.wikipedia.org/wiki/Legends_of_Runeterra,0,4,active,Legends of Runeterra – Riot Games,https://en.wikipedia.org/wiki/The_Game_Awards_2020,Q72716423,2020-04-29,day,https://www.wikidata.org/wiki/Q72716423#P577,2020-04-29,first public release,https://www.wikidata.org/wiki/Q72716423#P577,earliest_wikidata_release,,not_publicly_disclosed
2020-11-05,2020-11,2020,Best Mobile Game,game,Pokémon Café Mix,Pokémon Café Mix,https://en.wikipedia.org/wiki/Pok%C3%A9mon_Caf%C3%A9_Mix,0,5,active,Pokémon Café Mix – Genius Sonority / The Pokémon Company,https://en.wikipedia.org/wiki/The_Game_Awards_2020,Q96406047,2020-06-23,day,https://www.wikidata.org/wiki/Q96406047#P577,2020-06-23,first public release,https://www.wikidata.org/wiki/Q96406047#P577,earliest_wikidata_release,,not_publicly_disclosed
2020-12-01,2020-12,2020,Best Community Support,game,Fall Guys,Fall Guys,https://en.wikipedia.org/wiki/Fall_Guys,1,1,active,Fall Guys – Mediatonic / Devolver Digital,https://en.wikipedia.org/wiki/The_Game_Awards_2020,Q85760410,2020-08-04,day,https://www.wikidata.org/wiki/Q85760410#P577,2020-08-04,first public release,https://www.wikidata.org/wiki/Q85760410#P577,earliest_wikidata_release,,not_publicly_disclosed
2020-12-02,2020-12,2020,Best Community Support,game,Apex Legends,Apex Legends,https://en.wikipedia.org/wiki/Apex_Legends,0,2,active,Apex Legends – Respawn Entertainment / Electronic Arts,https://en.wikipedia.org/wiki/The_Game_Awards_2020,Q61478103,2019-02-04,day,https://www.wikidata.org/wiki/Q61478103#P577,,,,earliest_wikidata_release,,not_publicly_disclosed
2020-12-03,2020-12,2020,Best Community Support,game,Destiny 2,Destiny 2,https://en.wikipedia.org/wiki/Destiny_2,0,3,active,Destiny 2 – Bungie,https://en.wikipedia.org/wiki/The_Game_Awards_2020,Q29045915,2017-09-06,day,https://www.wikidata.org/wiki/Q29045915#P577,,,,earliest_wikidata_release,,not_publicly_disclosed
2020-12-04,2020-12,2020,Best Community Support,game,Fortnite,Fortnite,https://en.wikipedia.org/wiki/Fortnite,0,4,active,Fortnite – Epic Games,https://en.wikipedia.org/wiki/The_Game_Awards_2020,Q349375,2017-07-25,day,https://www.wikidata.org/wiki/Q349375#P577,,,,earliest_wikidata_release,,not_publicly_disclosed
2020-12-05,2020-12,2020,Best Community Support,game,No Man's Sky,No Man's Sky,https://en.wikipedia.org/wiki/No_Man%27s_Sky,0,5,active,No Man's Sky – Hello Games,https://en.wikipedia.org/wiki/The_Game_Awards_2020,Q15297043,2016-08-09,day,https://www.wikidata.org/wiki/Q15297043#P577,,,,earliest_wikidata_release,,not_publicly_disclosed
2020-12-06,2020-12,2020,Best Community Support,game,Valorant,Valorant,https://en.wikipedia.org/wiki/Valorant,0,6,active,Valorant – Riot Games,https://en.wikipedia.org/wiki/The_Game_Awards_2020,Q86919275,2020-06-02,day,https://www.wikidata.org/wiki/Q86919275#P577,2020-06-02,first public release,https://www.wikidata.org/wiki/Q86919275#P577,earliest_wikidata_release,,not_publicly_disclosed
2020-13-01,2020-13,2020,Best VR / AR Game,game,Half-Life: Alyx,Half-Life: Alyx,https://en.wikipedia.org/wiki/Half-Life:_Alyx,1,1,active,Half-Life: Alyx – Valve,https://en.wikipedia.org/wiki/The_Game_Awards_2020,Q75653574,2020-03-23,day,https://www.wikidata.org/wiki/Q75653574#P577,2020-03-23,first public release,https://www.wikidata.org/wiki/Q75653574#P577,earliest_wikidata_release,,not_publicly_disclosed
2020-13-02,2020-13,2020,Best VR / AR Game,game,Dreams,Dreams,https://en.wikipedia.org/wiki/Dreams_(video_game),0,2,active,Dreams – Media Molecule / Sony Interactive Entertainment,https://en.wikipedia.org/wiki/The_Game_Awards_2020,Q22000976,2020-02-14,day,https://www.wikidata.org/wiki/Q22000976#P577,2020-02-14,first public release,https://www.wikidata.org/wiki/Q22000976#P577,earliest_wikidata_release,,not_publicly_disclosed
2020-13-03,2020-13,2020,Best VR / AR Game,game,Iron Man VR,Iron Man VR,https://en.wikipedia.org/wiki/Iron_Man_VR,0,3,active,Iron Man VR – Camouflaj / Sony Interactive Entertainment,https://en.wikipedia.org/wiki/The_Game_Awards_2020,Q63049691,,,,,,,no_release_claim,,not_publicly_disclosed
2020-13-04,2020-13,2020,Best VR / AR Game,game,Star Wars Squadrons,Star Wars Squadrons,https://en.wikipedia.org/wiki/Star_Wars_Squadrons,0,4,active,Star Wars Squadrons – Motive Studios / Electronic Arts,https://en.wikipedia.org/wiki/The_Game_Awards_2020,Q96312725,2020-10-02,day,https://www.wikidata.org/wiki/Q96312725#P577,2020-10-02,first public release,https://www.wikidata.org/wiki/Q96312725#P577,earliest_wikidata_release,,not_publicly_disclosed
2020-13-05,2020-13,2020,Best VR / AR Game,game,The Walking Dead: Saints & Sinners,The Walking Dead: Saints & Sinners,https://en.wikipedia.org/wiki/The_Walking_Dead:_Saints_%26_Sinners,0,5,active,The Walking Dead: Saints & Sinners – Skydance Interactive,https://en.wikipedia.org/wiki/The_Game_Awards_2020,Q85808813,2020-01-23,day,https://www.wikidata.org/wiki/Q85808813#P577,2020-01-23,first public release,https://www.wikidata.org/wiki/Q85808813#P577,earliest_wikidata_release,,not_publicly_disclosed
2020-14-01,2020-14,2020,Innovation in Accessibility,game,The Last of Us Part II,The Last of Us Part II,https://en.wikipedia.org/wiki/The_Last_of_Us_Part_II,1,1,active,The Last of Us Part II – Naughty Dog / Sony Interactive Entertainment,https://en.wikipedia.org/wiki/The_Game_Awards_2020,Q27950674,2020-06-19,day,https://www.wikidata.org/wiki/Q27950674#P577,2020-06-19,first public release,https://www.wikidata.org/wiki/Q27950674#P577,earliest_wikidata_release,,not_publicly_disclosed
2020-14-02,2020-14,2020,Innovation in Accessibility,game,Assassin's Creed Valhalla,Assassin's Creed Valhalla,https://en.wikipedia.org/wiki/Assassin%27s_Creed_Valhalla,0,2,active,Assassin's Creed Valhalla – Ubisoft Montreal / Ubisoft,https://en.wikipedia.org/wiki/The_Game_Awards_2020,Q92464687,2020-11-10,day,https://www.wikidata.org/wiki/Q92464687#P577,2020-11-10,first public release,https://www.wikidata.org/wiki/Q92464687#P577,earliest_wikidata_release,,not_publicly_disclosed
2020-14-03,2020-14,2020,Innovation in Accessibility,game,Grounded,Grounded,https://en.wikipedia.org/wiki/Grounded_(video_game),0,3,active,Grounded – Obsidian Entertainment / Xbox Game Studios,https://en.wikipedia.org/wiki/The_Game_Awards_2020,Q96418509,2020-07-28,day,https://www.wikidata.org/wiki/Q96418509#P577,2020-07-28,first public release,https://www.wikidata.org/wiki/Q96418509#P577,earliest_wikidata_release,,not_publicly_disclosed
2020-14-04,2020-14,2020,Innovation in Accessibility,game,HyperDot,HyperDot,https://en.wikipedia.org/wiki/HyperDot,0,4,active,HyperDot – Tribe Games / GLITCH,https://en.wikipedia.org/wiki/The_Game_Awards_2020,Q104830552,2020-01-31,day,https://www.wikidata.org/wiki/Q104830552#P577,2020-01-31,first public release,https://www.wikidata.org/wiki/Q104830552#P577,earliest_wikidata_release,,not_publicly_disclosed
2020-14-05,2020-14,2020,Innovation in Accessibility,game,Watch Dogs Legion,Watch Dogs Legion,https://en.wikipedia.org/wiki/Watch_Dogs_Legion,0,5,active,Watch Dogs Legion – Ubisoft Toronto / Ubisoft,https://en.wikipedia.org/wiki/The_Game_Awards_2020,Q64534648,2020-10-29,day,https://www.wikidata.org/wiki/Q64534648#P577,2020-10-29,first public release,https://www.wikidata.org/wiki/Q64534648#P577,earliest_wikidata_release,,not_publicly_disclosed
2020-15-01,2020-15,2020,Best Action Game,game,Hades,Hades,https://en.wikipedia.org/wiki/Hades_(video_game),1,1,active,Hades – Supergiant Games,https://en.wikipedia.org/wiki/The_Game_Awards_2020,Q59756366,2018-12-06,day,https://www.wikidata.org/wiki/Q59756366#P577,2020-09-17,full release after 2018 early access,https://en.wikipedia.org/wiki/Hades_(video_game),earliest_wikidata_release,,not_publicly_disclosed
2020-15-02,2020-15,2020,Best Action Game,game,Doom Eternal,Doom Eternal,https://en.wikipedia.org/wiki/Doom_Eternal,0,2,active,Doom Eternal – id Software / Bethesda Softworks,https://en.wikipedia.org/wiki/The_Game_Awards_2020,Q55662649,2020-03-20,day,https://www.wikidata.org/wiki/Q55662649#P577,2020-03-20,first public release,https://www.wikidata.org/wiki/Q55662649#P577,earliest_wikidata_release,,not_publicly_disclosed
2020-15-03,2020-15,2020,Best Action Game,game,Half-Life: Alyx,Half-Life: Alyx,https://en.wikipedia.org/wiki/Half-Life:_Alyx,0,3,active,Half-Life: Alyx – Valve,https://en.wikipedia.org/wiki/The_Game_Awards_2020,Q75653574,2020-03-23,day,https://www.wikidata.org/wiki/Q75653574#P577,2020-03-23,first public release,https://www.wikidata.org/wiki/Q75653574#P577,earliest_wikidata_release,,not_publicly_disclosed
2020-15-04,2020-15,2020,Best Action Game,game,Nioh 2,Nioh 2,https://en.wikipedia.org/wiki/Nioh_2,0,4,active,Nioh 2 – Team Ninja,https://en.wikipedia.org/wiki/The_Game_Awards_2020,Q67482292,2020-03-13,day,https://www.wikidata.org/wiki/Q67482292#P577,2020-03-13,first public release,https://www.wikidata.org/wiki/Q67482292#P577,earliest_wikidata_release,,not_publicly_disclosed
2020-15-05,2020-15,2020,Best Action Game,game,Streets of Rage 4,Streets of Rage 4,https://en.wikipedia.org/wiki/Streets_of_Rage_4,0,5,active,Streets of Rage 4 – Dotemu,https://en.wikipedia.org/wiki/The_Game_Awards_2020,Q56616859,2020-04-30,day,https://www.wikidata.org/wiki/Q56616859#P577,2020-04-30,first public release,https://www.wikidata.org/wiki/Q56616859#P577,earliest_wikidata_release,,not_publicly_disclosed
2020-16-01,2020-16,2020,Best Action/Adventure Game,game,The Last of Us Part II,The Last of Us Part II,https://en.wikipedia.org/wiki/The_Last_of_Us_Part_II,1,1,active,The Last of Us Part II – Naughty Dog / Sony Interactive Entertainment,https://en.wikipedia.org/wiki/The_Game_Awards_2020,Q27950674,2020-06-19,day,https://www.wikidata.org/wiki/Q27950674#P577,2020-06-19,first public release,https://www.wikidata.org/wiki/Q27950674#P577,earliest_wikidata_release,,not_publicly_disclosed
2020-16-02,2020-16,2020,Best Action/Adventure Game,game,Assassin's Creed Valhalla,Assassin's Creed Valhalla,https://en.wikipedia.org/wiki/Assassin%27s_Creed_Valhalla,0,2,active,Assassin's Creed Valhalla – Ubisoft Montreal / Ubisoft,https://en.wikipedia.org/wiki/The_Game_Awards_2020,Q92464687,2020-11-10,day,https://www.wikidata.org/wiki/Q92464687#P577,2020-11-10,first public release,https://www.wikidata.org/wiki/Q92464687#P577,earliest_wikidata_release,,not_publicly_disclosed
2020-16-03,2020-16,2020,Best Action/Adventure Game,game,Ghost of Tsushima,Ghost of Tsushima,https://en.wikipedia.org/wiki/Ghost_of_Tsushima,0,3,active,Ghost of Tsushima – Sucker Punch Productions / Sony Interactive Entertainment,https://en.wikipedia.org/wiki/The_Game_Awards_2020,Q42564798,2020-07-17,day,https://www.wikidata.org/wiki/Q42564798#P577,2020-07-17,first public release,https://www.wikidata.org/wiki/Q42564798#P577,earliest_wikidata_release,,not_publicly_disclosed
2020-16-04,2020-16,2020,Best Action/Adventure Game,game,Ori and the Will of the Wisps,Ori and the Will of the Wisps,https://en.wikipedia.org/wiki/Ori_and_the_Will_of_the_Wisps,0,4,active,Ori and the Will of the Wisps – Moon Studios / Xbox Game Studios,https://en.wikipedia.org/wiki/The_Game_Awards_2020,Q30325568,2020-03-11,day,https://www.wikidata.org/wiki/Q30325568#P577,2020-03-11,first public release,https://www.wikidata.org/wiki/Q30325568#P577,earliest_wikidata_release,,not_publicly_disclosed
2020-16-05,2020-16,2020,Best Action/Adventure Game,game,Spider-Man: Miles Morales,Spider-Man: Miles Morales,https://en.wikipedia.org/wiki/Spider-Man:_Miles_Morales,0,5,active,Spider-Man: Miles Morales – Insomniac Games / Sony Interactive Entertainment,https://en.wikipedia.org/wiki/The_Game_Awards_2020,Q96216165,2020-11-12,day,https://www.wikidata.org/wiki/Q96216165#P577,2020-11-12,first public release,https://www.wikidata.org/wiki/Q96216165#P577,earliest_wikidata_release,,not_publicly_disclosed
2020-16-06,2020-16,2020,Best Action/Adventure Game,game,Star Wars Jedi: Fallen Order,Star Wars Jedi: Fallen Order,https://en.wikipedia.org/wiki/Star_Wars_Jedi:_Fallen_Order,0,6,active,Star Wars Jedi: Fallen Order – Respawn Entertainment / Electronic Arts,https://en.wikipedia.org/wiki/The_Game_Awards_2020,Q55449345,2019-11-15,day,https://www.wikidata.org/wiki/Q55449345#P577,,,,earliest_wikidata_release,,not_publicly_disclosed
2020-17-01,2020-17,2020,Best Role Playing Game,game,Final Fantasy VII Remake,Final Fantasy VII Remake,https://en.wikipedia.org/wiki/Final_Fantasy_VII_Remake,1,1,active,Final Fantasy VII Remake – Square Enix,https://en.wikipedia.org/wiki/The_Game_Awards_2020,Q20155152,2020-04-10,day,https://www.wikidata.org/wiki/Q20155152#P577,2020-04-10,first public release,https://www.wikidata.org/wiki/Q20155152#P577,earliest_wikidata_release,,not_publicly_disclosed
2020-17-02,2020-17,2020,Best Role Playing Game,game,Genshin Impact,Genshin Impact,https://en.wikipedia.org/wiki/Genshin_Impact,0,2,active,Genshin Impact – miHoYo,https://en.wikipedia.org/wiki/The_Game_Awards_2020,Q65059474,2020-09-28,day,https://www.wikidata.org/wiki/Q65059474#P577,2020-09-28,first public release,https://www.wikidata.org/wiki/Q65059474#P577,earliest_wikidata_release,,not_publicly_disclosed
2020-17-03,2020-17,2020,Best Role Playing Game,game,Persona 5 Royal,Persona 5 Royal,https://en.wikipedia.org/wiki/Persona_5_Royal,0,3,active,Persona 5 Royal – Atlus / Sega,https://en.wikipedia.org/wiki/The_Game_Awards_2020,Q63385672,2019-10-31,day,https://www.wikidata.org/wiki/Q63385672#P577,,,,earliest_wikidata_release,,not_publicly_disclosed
2020-17-04,2020-17,2020,Best Role Playing Game,game,Wasteland 3,Wasteland 3,https://en.wikipedia.org/wiki/Wasteland_3,0,4,active,Wasteland 3 – inXile Entertainment / Deep Silver,https://en.wikipedia.org/wiki/The_Game_Awards_2020,Q27943180,2020-08-28,day,https://www.wikidata.org/wiki/Q27943180#P577,2020-08-28,first public release,https://www.wikidata.org/wiki/Q27943180#P577,earliest_wikidata_release,,not_publicly_disclosed
2020-17-05,2020-17,2020,Best Role Playing Game,game,Yakuza: Like a Dragon,Yakuza: Like a Dragon,https://en.wikipedia.org/wiki/Yakuza:_Like_a_Dragon,0,5,active,Yakuza: Like a Dragon – Ryu Ga Gotoku Studio / Sega,https://en.wikipedia.org/wiki/The_Game_Awards_2020,Q66900968,2020-01-16,day,https://www.wikidata.org/wiki/Q66900968#P577,2020-01-16,first public release,https://www.wikidata.org/wiki/Q66900968#P577,earliest_wikidata_release,,not_publicly_disclosed
2020-18-01,2020-18,2020,Best Fighting Game,game,Mortal Kombat 11: Ultimate Edition,Mortal Kombat 11: Ultimate Edition,https://en.wikipedia.org/wiki/Mortal_Kombat_11:_Ultimate_Edition,1,1,active,Mortal Kombat 11: Ultimate Edition – NetherRealm Studios / WB Games,https://en.wikipedia.org/wiki/The_Game_Awards_2020,Q59511757,2019-04-23,day,https://www.wikidata.org/wiki/Q59511757#P577,,,,earliest_wikidata_release,,not_publicly_disclosed
2020-18-02,2020-18,2020,Best Fighting Game,game,Granblue Fantasy Versus,Granblue Fantasy Versus,https://en.wikipedia.org/wiki/Granblue_Fantasy_Versus,0,2,active,Granblue Fantasy Versus – Arc System Works / Cygames / Xseed Games,https://en.wikipedia.org/wiki/The_Game_Awards_2020,Q59781516,2020-02-06,day,https://www.wikidata.org/wiki/Q59781516#P577,2020-02-06,first public release,https://www.wikidata.org/wiki/Q59781516#P577,earliest_wikidata_release,,not_publicly_disclosed
2020-18-03,2020-18,2020,Best Fighting Game,game,One-Punch Man: A Hero Nobody Knows,One-Punch Man: A Hero Nobody Knows,https://en.wikipedia.org/wiki/One-Punch_Man:_A_Hero_Nobody_Knows,0,3,active,One-Punch Man: A Hero Nobody Knows – Spike Chunsoft / Bandai Namco,https://en.wikipedia.org/wiki/The_Game_Awards_2020,Q76545877,2020,year,https://www.wikidata.org/wiki/Q76545877#P577,,,,earliest_wikidata_release,,not_publicly_disclosed
2020-18-04,2020-18,2020,Best Fighting Game,game,Street Fighter V Champion Edition,Street Fighter V Champion Edition,https://en.wikipedia.org/wiki/Street_Fighter_V_Champion_Edition,0,4,active,Street Fighter V Champion Edition – Dimps / Capcom,https://en.wikipedia.org/wiki/The_Game_Awards_2020,Q18608589,2016-02-16,day,https://www.wikidata.org/wiki/Q18608589#P577,,,,earliest_wikidata_release,,not_publicly_disclosed
2020-18-05,2020-18,2020,Best Fighting Game,game,Under Night In-Birth Exe:Late[cl-r],Under Night In-Birth Exe:Late[cl-r],https://en.wikipedia.org/wiki/Under_Night_In-Birth,0,5,active,Under Night In-Birth Exe:Late[cl-r] – French Bread / Arc System Works / Aksys,https://en.wikipedia.org/wiki/The_Game_Awards_2020,Q123183545,,,,,,,no_release_claim,,not_publicly_disclosed
2020-19-01,2020-19,2020,Best Family Game,game,Animal Crossing: New Horizons,Animal Crossing: New Horizons,https://en.wikipedia.org/wiki/Animal_Crossing:_New_Horizons,1,1,active,Animal Crossing: New Horizons – Nintendo,https://en.wikipedia.org/wiki/The_Game_Awards_2020,Q64566657,2020-03-20,day,https://www.wikidata.org/wiki/Q64566657#P577,2020-03-20,first public release,https://www.wikidata.org/wiki/Q64566657#P577,earliest_wikidata_release,,not_publicly_disclosed
2020-19-02,2020-19,2020,Best Family Game,game,Crash Bandicoot 4: It's About Time,Crash Bandicoot 4: It's About Time,https://en.wikipedia.org/wiki/Crash_Bandicoot_4:_It%27s_About_Time,0,2,active,Crash Bandicoot 4: It's About Time – Toys for Bob / Activision,https://en.wikipedia.org/wiki/The_Game_Awards_2020,Q96574138,2020-10-02,day,https://www.wikidata.org/wiki/Q96574138#P577,2020-10-02,first public release,https://www.wikidata.org/wiki/Q96574138#P577,earliest_wikidata_release,,not_publicly_disclosed
2020-19-03,2020-19,2020,Best Family Game,game,Fall Guys,Fall Guys,https://en.wikipedia.org/wiki/Fall_Guys,0,3,active,Fall Guys – Mediatonic / Devolver Digital,https://en.wikipedia.org/wiki/The_Game_Awards_2020,Q85760410,2020-08-04,day,https://www.wikidata.org/wiki/Q85760410#P577,2020-08-04,first public release,https://www.wikidata.org/wiki/Q85760410#P577,earliest_wikidata_release,,not_publicly_disclosed
2020-19-04,2020-19,2020,Best Family Game,game,Mario Kart Live: Home Circuit,Mario Kart Live: Home Circuit,https://en.wikipedia.org/wiki/Mario_Kart_Live:_Home_Circuit,0,4,active,Mario Kart Live: Home Circuit – Velan Studios / Nintendo,https://en.wikipedia.org/wiki/The_Game_Awards_2020,Q98844808,2020-10-16,day,https://www.wikidata.org/wiki/Q98844808#P577,2020-10-16,first public release,https://www.wikidata.org/wiki/Q98844808#P577,earliest_wikidata_release,,not_publicly_disclosed
2020-19-05,2020-19,2020,Best Family Game,game,Minecraft Dungeons,Minecraft Dungeons,https://en.wikipedia.org/wiki/Minecraft_Dungeons,0,5,active,Minecraft Dungeons – Mojang Studios / Xbox Game Studios,https://en.wikipedia.org/wiki/The_Game_Awards_2020,Q56884780,2020-05-26,day,https://www.wikidata.org/wiki/Q56884780#P577,2020-05-26,first public release,https://www.wikidata.org/wiki/Q56884780#P577,earliest_wikidata_release,,not_publicly_disclosed
2020-19-06,2020-19,2020,Best Family Game,game,Paper Mario: The Origami King,Paper Mario: The Origami King,https://en.wikipedia.org/wiki/Paper_Mario:_The_Origami_King,0,6,active,Paper Mario: The Origami King – Intelligent Systems / Nintendo,https://en.wikipedia.org/wiki/The_Game_Awards_2020,Q94397518,2020-07-17,day,https://www.wikidata.org/wiki/Q94397518#P577,2020-07-17,first public release,https://www.wikidata.org/wiki/Q94397518#P577,earliest_wikidata_release,,not_publicly_disclosed
2020-20-01,2020-20,2020,Best Sim/Strategy Game,game,Microsoft Flight Simulator,Microsoft Flight Simulator,https://en.wikipedia.org/wiki/Microsoft_Flight_Simulator_(2020_video_game),1,1,active,Microsoft Flight Simulator – Asobo Studio / Xbox Game Studios,https://en.wikipedia.org/wiki/The_Game_Awards_2020,Q69523972,2020-08-18,day,https://www.wikidata.org/wiki/Q69523972#P577,2020-08-18,first public release,https://www.wikidata.org/wiki/Q69523972#P577,earliest_wikidata_release,,not_publicly_disclosed
2020-20-02,2020-20,2020,Best Sim/Strategy Game,game,Crusader Kings III,Crusader Kings III,https://en.wikipedia.org/wiki/Crusader_Kings_III,0,2,active,Crusader Kings III – Paradox Interactive,https://en.wikipedia.org/wiki/The_Game_Awards_2020,Q71701894,2020-09-01,day,https://www.wikidata.org/wiki/Q71701894#P577,2020-09-01,first public release,https://www.wikidata.org/wiki/Q71701894#P577,earliest_wikidata_release,,not_publicly_disclosed
2020-20-03,2020-20,2020,Best Sim/Strategy Game,game,Desperados III,Desperados III,https://en.wikipedia.org/wiki/Desperados_III,0,3,active,Desperados III – Mimimi Games / THQ Nordic,https://en.wikipedia.org/wiki/The_Game_Awards_2020,Q91906298,2020-06-16,day,https://www.wikidata.org/wiki/Q91906298#P577,2020-06-16,first public release,https://www.wikidata.org/wiki/Q91906298#P577,earliest_wikidata_release,,not_publicly_disclosed
2020-20-04,2020-20,2020,Best Sim/Strategy Game,game,Gears Tactics,Gears Tactics,https://en.wikipedia.org/wiki/Gears_Tactics,0,4,active,Gears Tactics – Splash Damage / The Coalition / Xbox Game Studios,https://en.wikipedia.org/wiki/The_Game_Awards_2020,Q78528783,2020-04-28,day,https://www.wikidata.org/wiki/Q78528783#P577,2020-04-28,first public release,https://www.wikidata.org/wiki/Q78528783#P577,earliest_wikidata_release,,not_publicly_disclosed
2020-20-05,2020-20,2020,Best Sim/Strategy Game,game,XCOM: Chimera Squad,XCOM: Chimera Squad,https://en.wikipedia.org/wiki/XCOM:_Chimera_Squad,0,5,active,XCOM: Chimera Squad – Firaxis Games / 2K Games,https://en.wikipedia.org/wiki/The_Game_Awards_2020,Q90694485,2020-04-24,day,https://www.wikidata.org/wiki/Q90694485#P577,2020-04-24,first public release,https://www.wikidata.org/wiki/Q90694485#P577,earliest_wikidata_release,,not_publicly_disclosed
2020-21-01,2020-21,2020,Best Sports/Racing Game,game,Tony Hawk's Pro Skater 1 + 2,Tony Hawk's Pro Skater 1 + 2,https://en.wikipedia.org/wiki/Tony_Hawk%27s_Pro_Skater_1_%2B_2,1,1,active,Tony Hawk's Pro Skater 1 + 2 – Vicarious Visions / Activision,https://en.wikipedia.org/wiki/The_Game_Awards_2020,Q94587084,2020-09-04,day,https://www.wikidata.org/wiki/Q94587084#P577,2020-09-04,first public release,https://www.wikidata.org/wiki/Q94587084#P577,earliest_wikidata_release,,not_publicly_disclosed
2020-21-02,2020-21,2020,Best Sports/Racing Game,game,Dirt 5,Dirt 5,https://en.wikipedia.org/wiki/Dirt_5,0,2,active,Dirt 5 – Codemasters,https://en.wikipedia.org/wiki/The_Game_Awards_2020,Q93641348,2020-11-06,day,https://www.wikidata.org/wiki/Q93641348#P577,2020-11-06,first public release,https://www.wikidata.org/wiki/Q93641348#P577,earliest_wikidata_release,,not_publicly_disclosed
2020-21-03,2020-21,2020,Best Sports/Racing Game,game,F1 2020,F1 2020,https://en.wikipedia.org/wiki/F1_2020_(video_game),0,3,active,F1 2020 – Codemasters,https://en.wikipedia.org/wiki/The_Game_Awards_2020,Q91441450,2020-07-10,day,https://www.wikidata.org/wiki/Q91441450#P577,2020-07-10,first public release,https://www.wikidata.org/wiki/Q91441450#P577,earliest_wikidata_release,,not_publicly_disclosed
2020-21-04,2020-21,2020,Best Sports/Racing Game,game,FIFA 21,FIFA 21,https://en.wikipedia.org/wiki/FIFA_21,0,4,active,FIFA 21 – EA Vancouver / EA Sports,https://en.wikipedia.org/wiki/The_Game_Awards_2020,Q96416457,2020-10-09,day,https://www.wikidata.org/wiki/Q96416457#P577,2020-10-09,first public release,https://www.wikidata.org/wiki/Q96416457#P577,earliest_wikidata_release,,not_publicly_disclosed
2020-21-05,2020-21,2020,Best Sports/Racing Game,game,NBA 2K21,NBA 2K21,https://en.wikipedia.org/wiki/NBA_2K21,0,5,active,NBA 2K21 – Visual Concepts / 2K,https://en.wikipedia.org/wiki/The_Game_Awards_2020,Q96238264,2020,year,https://www.wikidata.org/wiki/Q96238264#P577,,,,earliest_wikidata_release,,not_publicly_disclosed
2020-22-01,2020-22,2020,Best Multiplayer Game,game,Among Us,Among Us,https://en.wikipedia.org/wiki/Among_Us,1,1,active,Among Us – Innersloth,https://en.wikipedia.org/wiki/The_Game_Awards_2020,Q96417649,2018-06-15,day,https://www.wikidata.org/wiki/Q96417649#P577,,,,earliest_wikidata_release,,not_publicly_disclosed
2020-22-02,2020-22,2020,Best Multiplayer Game,game,Animal Crossing: New Horizons,Animal Crossing: New Horizons,https://en.wikipedia.org/wiki/Animal_Crossing:_New_Horizons,0,2,active,Animal Crossing: New Horizons – Nintendo,https://en.wikipedia.org/wiki/The_Game_Awards_2020,Q64566657,2020-03-20,day,https://www.wikidata.org/wiki/Q64566657#P577,2020-03-20,first public release,https://www.wikidata.org/wiki/Q64566657#P577,earliest_wikidata_release,,not_publicly_disclosed
2020-22-03,2020-22,2020,Best Multiplayer Game,game,Call of Duty: Warzone,Call of Duty: Warzone,https://en.wikipedia.org/wiki/Call_of_Duty:_Warzone_(2020_video_game),0,3,active,Call of Duty: Warzone – Infinity Ward / Raven Software / Activision,https://en.wikipedia.org/wiki/The_Game_Awards_2020,Q87416343,2020-03-10,day,https://www.wikidata.org/wiki/Q87416343#P577,2020-03-10,first public release,https://www.wikidata.org/wiki/Q87416343#P577,earliest_wikidata_release,,not_publicly_disclosed
2020-22-04,2020-22,2020,Best Multiplayer Game,game,Fall Guys,Fall Guys,https://en.wikipedia.org/wiki/Fall_Guys,0,4,active,Fall Guys – Mediatonic / Devolver Digital,https://en.wikipedia.org/wiki/The_Game_Awards_2020,Q85760410,2020-08-04,day,https://www.wikidata.org/wiki/Q85760410#P577,2020-08-04,first public release,https://www.wikidata.org/wiki/Q85760410#P577,earliest_wikidata_release,,not_publicly_disclosed
2020-22-05,2020-22,2020,Best Multiplayer Game,game,Valorant,Valorant,https://en.wikipedia.org/wiki/Valorant,0,5,active,Valorant – Riot Games,https://en.wikipedia.org/wiki/The_Game_Awards_2020,Q86919275,2020-06-02,day,https://www.wikidata.org/wiki/Q86919275#P577,2020-06-02,first public release,https://www.wikidata.org/wiki/Q86919275#P577,earliest_wikidata_release,,not_publicly_disclosed
2020-23-01,2020-23,2020,Best Debut Game,game,Phasmophobia,Phasmophobia,https://en.wikipedia.org/wiki/Phasmophobia_(video_game),1,1,active,Phasmophobia – Kinetic Games,https://en.wikipedia.org/wiki/The_Game_Awards_2020,Q99990957,2020-09-18,day,https://www.wikidata.org/wiki/Q99990957#P577,2020-09-18,first public release,https://www.wikidata.org/wiki/Q99990957#P577,earliest_wikidata_release,,not_publicly_disclosed
2020-23-02,2020-23,2020,Best Debut Game,game,Carrion,Carrion,https://en.wikipedia.org/wiki/Carrion_(video_game),0,2,active,Carrion – Phobia Game Studio / Devolver Digital,https://en.wikipedia.org/wiki/The_Game_Awards_2020,Q96418019,2020-07-23,day,https://www.wikidata.org/wiki/Q96418019#P577,2020-07-23,first public release,https://www.wikidata.org/wiki/Q96418019#P577,earliest_wikidata_release,,not_publicly_disclosed
2020-23-03,2020-23,2020,Best Debut Game,game,Mortal Shell,Mortal Shell,https://en.wikipedia.org/wiki/Mortal_Shell,0,3,active,Mortal Shell – Cold Symmetry / Playstack,https://en.wikipedia.org/wiki/The_Game_Awards_2020,Q96991833,2020-08-18,day,https://www.wikidata.org/wiki/Q96991833#P577,2020-08-18,first public release,https://www.wikidata.org/wiki/Q96991833#P577,earliest_wikidata_release,,not_publicly_disclosed
2020-23-04,2020-23,2020,Best Debut Game,game,Raji: An Ancient Epic,Raji: An Ancient Epic,https://en.wikipedia.org/wiki/Raji:_An_Ancient_Epic,0,4,active,Raji: An Ancient Epic – Nodding Heads Games / Super.com,https://en.wikipedia.org/wiki/The_Game_Awards_2020,Q50225682,2020-10-15,day,https://www.wikidata.org/wiki/Q50225682#P577,2020-10-15,first public release,https://www.wikidata.org/wiki/Q50225682#P577,earliest_wikidata_release,,not_publicly_disclosed
2020-23-05,2020-23,2020,Best Debut Game,game,Röki,Röki,https://en.wikipedia.org/wiki/R%C3%B6ki,0,5,active,Röki – Polygon Treehouse / United Label,https://en.wikipedia.org/wiki/The_Game_Awards_2020,Q102424018,2020-07-23,day,https://www.wikidata.org/wiki/Q102424018#P577,2020-07-23,first public release,https://www.wikidata.org/wiki/Q102424018#P577,earliest_wikidata_release,,not_publicly_disclosed
2020-24-01,2020-24,2020,Most Anticipated Game,unreleased_game,Elden Ring,Elden Ring,https://en.wikipedia.org/wiki/Elden_Ring,1,1,active,Elden Ring – FromSoftware / Bandai Namco Entertainment,https://en.wikipedia.org/wiki/The_Game_Awards_2020,Q64826862,2022-02-25,day,https://www.wikidata.org/wiki/Q64826862#P577,,,,earliest_wikidata_release,,not_publicly_disclosed
2020-24-02,2020-24,2020,Most Anticipated Game,unreleased_game,God of War sequel,God of War,,0,2,active,God of War sequel – Santa Monica Studio / Sony Interactive Entertainment,https://en.wikipedia.org/wiki/The_Game_Awards_2020,,,,,,,,no_game_link,,not_publicly_disclosed
2020-24-03,2020-24,2020,Most Anticipated Game,unreleased_game,Halo Infinite,Halo Infinite,https://en.wikipedia.org/wiki/Halo_Infinite,0,3,active,Halo Infinite – 343 Industries / Xbox Game Studios,https://en.wikipedia.org/wiki/The_Game_Awards_2020,Q54913666,2021-12-08,day,https://www.wikidata.org/wiki/Q54913666#P577,,,,earliest_wikidata_release,,not_publicly_disclosed
2020-24-04,2020-24,2020,Most Anticipated Game,unreleased_game,Horizon Forbidden West,Horizon Forbidden West,https://en.wikipedia.org/wiki/Horizon_Forbidden_West,0,4,active,Horizon Forbidden West – Guerrilla Games / Sony Interactive Entertainment,https://en.wikipedia.org/wiki/The_Game_Awards_2020,Q96216443,2022-02-18,day,https://www.wikidata.org/wiki/Q96216443#P577,,,,earliest_wikidata_release,,not_publicly_disclosed
2020-24-05,2020-24,2020,Most Anticipated Game,unreleased_game,The Legend of Zelda: Breath of the Wild sequel,The Legend of Zelda: Breath of the Wild,,0,5,active,The Legend of Zelda: Breath of the Wild sequel – Nintendo,https://en.wikipedia.org/wiki/The_Game_Awards_2020,,,,,,,,no_game_link,,not_publicly_disclosed
2020-24-06,2020-24,2020,Most Anticipated Game,unreleased_game,Resident Evil Village,Resident Evil Village,https://en.wikipedia.org/wiki/Resident_Evil_Village,0,6,active,Resident Evil Village – Capcom,https://en.wikipedia.org/wiki/The_Game_Awards_2020,Q96216515,2021-05-07,day,https://www.wikidata.org/wiki/Q96216515#P577,,,,earliest_wikidata_release,,not_publicly_disclosed
2020-25-01,2020-25,2020,Player's Voice,game,Ghost of Tsushima,Ghost of Tsushima,https://en.wikipedia.org/wiki/Ghost_of_Tsushima,1,1,active,Ghost of Tsushima – Sucker Punch Productions / Sony Interactive Entertainment,https://en.wikipedia.org/wiki/The_Game_Awards_2020,Q42564798,2020-07-17,day,https://www.wikidata.org/wiki/Q42564798#P577,2020-07-17,first public release,https://www.wikidata.org/wiki/Q42564798#P577,earliest_wikidata_release,,not_publicly_disclosed
2020-25-02,2020-25,2020,Player's Voice,game,The Last of Us Part II,The Last of Us Part II,https://en.wikipedia.org/wiki/The_Last_of_Us_Part_II,0,2,active,The Last of Us Part II – Naughty Dog / Sony Interactive Entertainment,https://en.wikipedia.org/wiki/The_Game_Awards_2020,Q27950674,2020-06-19,day,https://www.wikidata.org/wiki/Q27950674#P577,2020-06-19,first public release,https://www.wikidata.org/wiki/Q27950674#P577,earliest_wikidata_release,,not_publicly_disclosed
2020-25-03,2020-25,2020,Player's Voice,game,Doom Eternal,Doom Eternal,https://en.wikipedia.org/wiki/Doom_Eternal,0,3,active,Doom Eternal – id Software / Bethesda Softworks,https://en.wikipedia.org/wiki/The_Game_Awards_2020,Q55662649,2020-03-20,day,https://www.wikidata.org/wiki/Q55662649#P577,2020-03-20,first public release,https://www.wikidata.org/wiki/Q55662649#P577,earliest_wikidata_release,,not_publicly_disclosed
2020-25-04,2020-25,2020,Player's Voice,game,Hades,Hades,https://en.wikipedia.org/wiki/Hades_(video_game),0,4,active,Hades – Supergiant Games,https://en.wikipedia.org/wiki/The_Game_Awards_2020,Q59756366,2018-12-06,day,https://www.wikidata.org/wiki/Q59756366#P577,2020-09-17,full release after 2018 early access,https://en.wikipedia.org/wiki/Hades_(video_game),earliest_wikidata_release,,not_publicly_disclosed
2020-25-05,2020-25,2020,Player's Voice,game,Spider-Man: Miles Morales,Spider-Man: Miles Morales,https://en.wikipedia.org/wiki/Spider-Man:_Miles_Morales,0,5,active,Spider-Man: Miles Morales – Insomniac Games / Sony Interactive Entertainment,https://en.wikipedia.org/wiki/The_Game_Awards_2020,Q96216165,2020-11-12,day,https://www.wikidata.org/wiki/Q96216165#P577,2020-11-12,first public release,https://www.wikidata.org/wiki/Q96216165#P577,earliest_wikidata_release,,not_publicly_disclosed
2020-26-01,2020-26,2020,Best Esports Game,game,League of Legends,League of Legends,https://en.wikipedia.org/wiki/League_of_Legends,1,1,active,League of Legends – Riot Games,https://en.wikipedia.org/wiki/The_Game_Awards_2020,Q223341,2009-10-27,day,https://www.wikidata.org/wiki/Q223341#P577,,,,earliest_wikidata_release,,not_publicly_disclosed
2020-26-02,2020-26,2020,Best Esports Game,game,Call of Duty: Modern Warfare,Call of Duty: Modern Warfare,https://en.wikipedia.org/wiki/Call_of_Duty:_Modern_Warfare_(2019_video_game),0,2,active,Call of Duty: Modern Warfare – Infinity Ward / Raven Software / Activision,https://en.wikipedia.org/wiki/The_Game_Awards_2020,Q64083878,2019-10-25,day,https://www.wikidata.org/wiki/Q64083878#P577,,,,earliest_wikidata_release,,not_publicly_disclosed
2020-26-03,2020-26,2020,Best Esports Game,game,Counter-Strike: Global Offensive,Counter-Strike: Global Offensive,https://en.wikipedia.org/wiki/Counter-Strike:_Global_Offensive,0,3,active,Counter-Strike: Global Offensive – Valve,https://en.wikipedia.org/wiki/The_Game_Awards_2020,Q842146,2012-08-21,day,https://www.wikidata.org/wiki/Q842146#P577,,,,earliest_wikidata_release,,not_publicly_disclosed
2020-26-04,2020-26,2020,Best Esports Game,game,Fortnite,Fortnite,https://en.wikipedia.org/wiki/Fortnite,0,4,active,Fortnite – Epic Games,https://en.wikipedia.org/wiki/The_Game_Awards_2020,Q349375,2017-07-25,day,https://www.wikidata.org/wiki/Q349375#P577,,,,earliest_wikidata_release,,not_publicly_disclosed
2020-26-05,2020-26,2020,Best Esports Game,game,Valorant,Valorant,https://en.wikipedia.org/wiki/Valorant,0,5,active,Valorant – Riot Games,https://en.wikipedia.org/wiki/The_Game_Awards_2020,Q86919275,2020-06-02,day,https://www.wikidata.org/wiki/Q86919275#P577,2020-06-02,first public release,https://www.wikidata.org/wiki/Q86919275#P577,earliest_wikidata_release,,not_publicly_disclosed
2020-27-01,2020-27,2020,Best Esports Athlete,person,"Heo ""Showmaker"" Su ( Damwon Gaming , League of Legends )",,,1,1,active,"Heo ""Showmaker"" Su ( Damwon Gaming , League of Legends )",https://en.wikipedia.org/wiki/The_Game_Awards_2020,,,,,,,,no_associated_game,,not_publicly_disclosed
2020-27-02,2020-27,2020,Best Esports Athlete,person,"Anthony ""Shotzzy"" Cuevas-Castro (Dallas Empire, Call of Duty League)",,,0,2,active,"Anthony ""Shotzzy"" Cuevas-Castro (Dallas Empire, Call of Duty League)",https://en.wikipedia.org/wiki/The_Game_Awards_2020,,,,,,,,no_associated_game,,not_publicly_disclosed
2020-27-03,2020-27,2020,Best Esports Athlete,person,"Kim ""Canyon"" Geon-bu (Damwon Gaming, League of Legends )",,,0,3,active,"Kim ""Canyon"" Geon-bu (Damwon Gaming, League of Legends )",https://en.wikipedia.org/wiki/The_Game_Awards_2020,,,,,,,,no_associated_game,,not_publicly_disclosed
2020-27-04,2020-27,2020,Best Esports Athlete,person,"Matthieu ""ZywOo"" Herbaut ( Team Vitality , Counter-Strike: Global Offensive )",,,0,4,active,"Matthieu ""ZywOo"" Herbaut ( Team Vitality , Counter-Strike: Global Offensive )",https://en.wikipedia.org/wiki/The_Game_Awards_2020,,,,,,,,no_associated_game,,not_publicly_disclosed
2020-27-05,2020-27,2020,Best Esports Athlete,person,"Ian ""Crimsix"" Porter ( Dallas Empire , Call of Duty League )",,,0,5,active,"Ian ""Crimsix"" Porter ( Dallas Empire , Call of Duty League )",https://en.wikipedia.org/wiki/The_Game_Awards_2020,,,,,,,,no_associated_game,,not_publicly_disclosed
2020-28-01,2020-28,2020,Best Esports Team,other,G2 Esports ( League of Legends ),,,1,1,active,G2 Esports ( League of Legends ),https://en.wikipedia.org/wiki/The_Game_Awards_2020,,,,,,,,no_associated_game,,not_publicly_disclosed
2020-28-02,2020-28,2020,Best Esports Team,other,Dallas Empire ( Call of Duty League ),,,0,2,active,Dallas Empire ( Call of Duty League ),https://en.wikipedia.org/wiki/The_Game_Awards_2020,,,,,,,,no_associated_game,,not_publicly_disclosed
2020-28-03,2020-28,2020,Best Esports Team,other,Damwon Gaming ( League of Legends ),,,0,3,active,Damwon Gaming ( League of Legends ),https://en.wikipedia.org/wiki/The_Game_Awards_2020,,,,,,,,no_associated_game,,not_publicly_disclosed
2020-28-04,2020-28,2020,Best Esports Team,other,San Francisco Shock ( Overwatch League ),,,0,4,active,San Francisco Shock ( Overwatch League ),https://en.wikipedia.org/wiki/The_Game_Awards_2020,,,,,,,,no_associated_game,,not_publicly_disclosed
2020-28-05,2020-28,2020,Best Esports Team,other,Team Secret ( Dota 2 ),,,0,5,active,Team Secret ( Dota 2 ),https://en.wikipedia.org/wiki/The_Game_Awards_2020,,,,,,,,no_associated_game,,not_publicly_disclosed
2020-29-01,2020-29,2020,Best Esports Coach,person,"Danny ""zonic"" Sorensen ( Astralis , Counter-Strike: Global Offensive )",,,1,1,active,"Danny ""zonic"" Sorensen ( Astralis , Counter-Strike: Global Offensive )",https://en.wikipedia.org/wiki/The_Game_Awards_2020,,,,,,,,no_associated_game,,not_publicly_disclosed
2020-29-02,2020-29,2020,Best Esports Coach,person,"Lee ""Zefa"" Jae-min ( T1 , League of Legends )",,,0,2,active,"Lee ""Zefa"" Jae-min ( T1 , League of Legends )",https://en.wikipedia.org/wiki/The_Game_Awards_2020,,,,,,,,no_associated_game,,not_publicly_disclosed
2020-29-03,2020-29,2020,Best Esports Coach,person,"Fabian ""Grabbz"" Lohmann ( G2 Esports , League of Legends )",,,0,3,active,"Fabian ""Grabbz"" Lohmann ( G2 Esports , League of Legends )",https://en.wikipedia.org/wiki/The_Game_Awards_2020,,,,,,,,no_associated_game,,not_publicly_disclosed
2020-29-04,2020-29,2020,Best Esports Coach,person,"Raymond ""rambo"" Lussier ( Dallas Empire , Call of Duty )",,,0,4,active,"Raymond ""rambo"" Lussier ( Dallas Empire , Call of Duty )",https://en.wikipedia.org/wiki/The_Game_Awards_2020,,,,,,,,no_associated_game,,not_publicly_disclosed
2020-29-05,2020-29,2020,Best Esports Coach,person,"Dae-hee ""Crusty"" Park ( San Francisco Shock , Overwatch League )",,,0,5,active,"Dae-hee ""Crusty"" Park ( San Francisco Shock , Overwatch League )",https://en.wikipedia.org/wiki/The_Game_Awards_2020,,,,,,,,no_associated_game,,not_publicly_disclosed
2020-30-01,2020-30,2020,Best Esports Event,other,2020 League of Legends World Championship ( League of Legends ),,,1,1,active,2020 League of Legends World Championship ( League of Legends ),https://en.wikipedia.org/wiki/The_Game_Awards_2020,,,,,,,,no_associated_game,,not_publicly_disclosed
2020-30-02,2020-30,2020,Best Esports Event,other,2020 Overwatch League Grand Finals ( Overwatch ),,,0,2,active,2020 Overwatch League Grand Finals ( Overwatch ),https://en.wikipedia.org/wiki/The_Game_Awards_2020,,,,,,,,no_associated_game,,not_publicly_disclosed
2020-30-03,2020-30,2020,Best Esports Event,other,BLAST Premier : Spring 2020 European Finals ( Counter-Strike: Global Offensive ),,,0,3,active,BLAST Premier : Spring 2020 European Finals ( Counter-Strike: Global Offensive ),https://en.wikipedia.org/wiki/The_Game_Awards_2020,,,,,,,,no_associated_game,,not_publicly_disclosed
2020-30-04,2020-30,2020,Best Esports Event,other,Call of Duty League Championship 2020 ( Call of Duty: Modern Warfare ),,,0,4,active,Call of Duty League Championship 2020 ( Call of Duty: Modern Warfare ),https://en.wikipedia.org/wiki/The_Game_Awards_2020,,,,,,,,no_associated_game,,not_publicly_disclosed
2020-30-05,2020-30,2020,Best Esports Event,other,IEM Katowice 2020 ( Counter-Strike: Global Offensive ),,,0,5,active,IEM Katowice 2020 ( Counter-Strike: Global Offensive ),https://en.wikipedia.org/wiki/The_Game_Awards_2020,,,,,,,,no_associated_game,,not_publicly_disclosed
2020-31-01,2020-31,2020,Best Esports Host,person,"Eefje ""Sjokz"" Depoortere",,,1,1,active,"Eefje ""Sjokz"" Depoortere",https://en.wikipedia.org/wiki/The_Game_Awards_2020,,,,,,,,no_associated_game,,not_publicly_disclosed
2020-31-02,2020-31,2020,Best Esports Host,person,"Alex ""Goldenboy"" Mendez",,,0,2,active,"Alex ""Goldenboy"" Mendez",https://en.wikipedia.org/wiki/The_Game_Awards_2020,,,,,,,,no_associated_game,,not_publicly_disclosed
2020-31-03,2020-31,2020,Best Esports Host,person,"Alex ""Machine"" Richardson",,,0,3,active,"Alex ""Machine"" Richardson",https://en.wikipedia.org/wiki/The_Game_Awards_2020,,,,,,,,no_associated_game,,not_publicly_disclosed
2020-31-04,2020-31,2020,Best Esports Host,person,"James ""Dash"" Patterson",,,0,4,active,"James ""Dash"" Patterson",https://en.wikipedia.org/wiki/The_Game_Awards_2020,,,,,,,,no_associated_game,,not_publicly_disclosed
2020-31-05,2020-31,2020,Best Esports Host,person,"Jorien ""Sheever"" van der Heijden",,,0,5,active,"Jorien ""Sheever"" van der Heijden",https://en.wikipedia.org/wiki/The_Game_Awards_2020,,,,,,,,no_associated_game,,not_publicly_disclosed
2020-32-01,2020-32,2020,Content Creator of the Year,person,"Rachell ""Valkyrae"" Hofstetter",,,1,1,active,"Rachell ""Valkyrae"" Hofstetter",https://en.wikipedia.org/wiki/The_Game_Awards_2020,,,,,,,,no_associated_game,,not_publicly_disclosed
2020-32-02,2020-32,2020,Content Creator of the Year,person,"Timothy ""TimTheTatman"" Betar",,,0,2,active,"Timothy ""TimTheTatman"" Betar",https://en.wikipedia.org/wiki/The_Game_Awards_2020,,,,,,,,no_associated_game,,not_publicly_disclosed
2020-32-03,2020-32,2020,Content Creator of the Year,person,"Nick ""Nickmercs"" Kolcheff",,,0,3,active,"Nick ""Nickmercs"" Kolcheff",https://en.wikipedia.org/wiki/The_Game_Awards_2020,,,,,,,,no_associated_game,,not_publicly_disclosed
2020-32-04,2020-32,2020,Content Creator of the Year,person,Jay-Ann Lopez,,,0,4,active,Jay-Ann Lopez,https://en.wikipedia.org/wiki/The_Game_Awards_2020,,,,,,,,no_associated_game,,not_publicly_disclosed
2020-32-05,2020-32,2020,Content Creator of the Year,person,Alanah Pearce,,,0,5,active,Alanah Pearce,https://en.wikipedia.org/wiki/The_Game_Awards_2020,,,,,,,,no_associated_game,,not_publicly_disclosed
2020-33-01,2020-33,2020,Global Gaming Citizens,other,Jennifer Hazel,,,1,1,active,Jennifer Hazel,https://en.wikipedia.org/wiki/The_Game_Awards_2020,,,,,,,,no_associated_game,,not_publicly_disclosed
2020-33-02,2020-33,2020,Global Gaming Citizens,other,Adam Gazzaley,,,0,2,active,Adam Gazzaley,https://en.wikipedia.org/wiki/The_Game_Awards_2020,,,,,,,,no_associated_game,,not_publicly_disclosed
2020-33-03,2020-33,2020,Global Gaming Citizens,other,Latinx in Gaming,,,0,3,active,Latinx in Gaming,https://en.wikipedia.org/wiki/The_Game_Awards_2020,,,,,,,,no_associated_game,,not_publicly_disclosed
2021-01-01,2021-01,2021,Game of the Year,game,It Takes Two,It Takes Two,https://en.wikipedia.org/wiki/It_Takes_Two_(video_game),1,1,active,It Takes Two – Hazelight Studios / Electronic Arts,https://en.wikipedia.org/wiki/The_Game_Awards_2021,Q105038239,2021-03-26,day,https://www.wikidata.org/wiki/Q105038239#P577,2021-03-26,first public release,https://www.wikidata.org/wiki/Q105038239#P577,earliest_wikidata_release,,not_publicly_disclosed
2021-01-02,2021-01,2021,Game of the Year,game,Deathloop,Deathloop,https://en.wikipedia.org/wiki/Deathloop,0,2,active,Deathloop – Arkane Studios / Bethesda Softworks,https://en.wikipedia.org/wiki/The_Game_Awards_2021,Q96240037,2021-09-14,day,https://www.wikidata.org/wiki/Q96240037#P577,2021-09-14,first public release,https://www.wikidata.org/wiki/Q96240037#P577,earliest_wikidata_release,,not_publicly_disclosed
2021-01-03,2021-01,2021,Game of the Year,game,Metroid Dread,Metroid Dread,https://en.wikipedia.org/wiki/Metroid_Dread,0,3,active,Metroid Dread – MercurySteam / Nintendo,https://en.wikipedia.org/wiki/The_Game_Awards_2021,Q17006956,2021-10-08,day,https://www.wikidata.org/wiki/Q17006956#P577,2021-10-08,first public release,https://www.wikidata.org/wiki/Q17006956#P577,earliest_wikidata_release,,not_publicly_disclosed
2021-01-04,2021-01,2021,Game of the Year,game,Psychonauts 2,Psychonauts 2,https://en.wikipedia.org/wiki/Psychonauts_2,0,4,active,Psychonauts 2 – Double Fine / Xbox Game Studios,https://en.wikipedia.org/wiki/The_Game_Awards_2021,Q22019734,2021-08-25,day,https://www.wikidata.org/wiki/Q22019734#P577,2021-08-25,first public release,https://www.wikidata.org/wiki/Q22019734#P577,earliest_wikidata_release,,not_publicly_disclosed
2021-01-05,2021-01,2021,Game of the Year,game,Ratchet & Clank: Rift Apart,Ratchet & Clank: Rift Apart,https://en.wikipedia.org/wiki/Ratchet_%26_Clank:_Rift_Apart,0,5,active,Ratchet & Clank: Rift Apart – Insomniac Games / Sony Interactive Entertainment,https://en.wikipedia.org/wiki/The_Game_Awards_2021,Q96217480,2021-06-11,day,https://www.wikidata.org/wiki/Q96217480#P577,2021-06-11,first public release,https://www.wikidata.org/wiki/Q96217480#P577,earliest_wikidata_release,,not_publicly_disclosed
2021-01-06,2021-01,2021,Game of the Year,game,Resident Evil Village,Resident Evil Village,https://en.wikipedia.org/wiki/Resident_Evil_Village,0,6,active,Resident Evil Village – Capcom,https://en.wikipedia.org/wiki/The_Game_Awards_2021,Q96216515,2021-05-07,day,https://www.wikidata.org/wiki/Q96216515#P577,2021-05-07,first public release,https://www.wikidata.org/wiki/Q96216515#P577,earliest_wikidata_release,,not_publicly_disclosed
2021-02-01,2021-02,2021,Best Game Direction,game,Deathloop,Deathloop,https://en.wikipedia.org/wiki/Deathloop,1,1,active,Deathloop – Arkane Studios / Bethesda Softworks,https://en.wikipedia.org/wiki/The_Game_Awards_2021,Q96240037,2021-09-14,day,https://www.wikidata.org/wiki/Q96240037#P577,2021-09-14,first public release,https://www.wikidata.org/wiki/Q96240037#P577,earliest_wikidata_release,,not_publicly_disclosed
2021-02-02,2021-02,2021,Best Game Direction,game,It Takes Two,It Takes Two,https://en.wikipedia.org/wiki/It_Takes_Two_(video_game),0,2,active,It Takes Two – Hazelight Studios / Electronic Arts,https://en.wikipedia.org/wiki/The_Game_Awards_2021,Q105038239,2021-03-26,day,https://www.wikidata.org/wiki/Q105038239#P577,2021-03-26,first public release,https://www.wikidata.org/wiki/Q105038239#P577,earliest_wikidata_release,,not_publicly_disclosed
2021-02-03,2021-02,2021,Best Game Direction,game,Psychonauts 2,Psychonauts 2,https://en.wikipedia.org/wiki/Psychonauts_2,0,3,active,Psychonauts 2 – Double Fine / Xbox Game Studios,https://en.wikipedia.org/wiki/The_Game_Awards_2021,Q22019734,2021-08-25,day,https://www.wikidata.org/wiki/Q22019734#P577,2021-08-25,first public release,https://www.wikidata.org/wiki/Q22019734#P577,earliest_wikidata_release,,not_publicly_disclosed
2021-02-04,2021-02,2021,Best Game Direction,game,Ratchet & Clank: Rift Apart,Ratchet & Clank: Rift Apart,https://en.wikipedia.org/wiki/Ratchet_%26_Clank:_Rift_Apart,0,4,active,Ratchet & Clank: Rift Apart – Insomniac Games / Sony Interactive Entertainment,https://en.wikipedia.org/wiki/The_Game_Awards_2021,Q96217480,2021-06-11,day,https://www.wikidata.org/wiki/Q96217480#P577,2021-06-11,first public release,https://www.wikidata.org/wiki/Q96217480#P577,earliest_wikidata_release,,not_publicly_disclosed
2021-02-05,2021-02,2021,Best Game Direction,game,Returnal,Returnal,https://en.wikipedia.org/wiki/Returnal,0,5,active,Returnal – Housemarque / Sony Interactive Entertainment,https://en.wikipedia.org/wiki/The_Game_Awards_2021,Q96240947,2021-04-30,day,https://www.wikidata.org/wiki/Q96240947#P577,2021-04-30,first public release,https://www.wikidata.org/wiki/Q96240947#P577,earliest_wikidata_release,,not_publicly_disclosed
2021-03-01,2021-03,2021,Best Narrative,game,Marvel's Guardians of the Galaxy,Marvel's Guardians of the Galaxy,https://en.wikipedia.org/wiki/Marvel%27s_Guardians_of_the_Galaxy,1,1,active,Marvel's Guardians of the Galaxy – Eidos Montreal / Square Enix,https://en.wikipedia.org/wiki/The_Game_Awards_2021,Q107214964,2021-10-26,day,https://www.wikidata.org/wiki/Q107214964#P577,2021-10-26,first public release,https://www.wikidata.org/wiki/Q107214964#P577,earliest_wikidata_release,,not_publicly_disclosed
2021-03-02,2021-03,2021,Best Narrative,game,Deathloop,Deathloop,https://en.wikipedia.org/wiki/Deathloop,0,2,active,Deathloop – Arkane Studios / Bethesda Softworks,https://en.wikipedia.org/wiki/The_Game_Awards_2021,Q96240037,2021-09-14,day,https://www.wikidata.org/wiki/Q96240037#P577,2021-09-14,first public release,https://www.wikidata.org/wiki/Q96240037#P577,earliest_wikidata_release,,not_publicly_disclosed
2021-03-03,2021-03,2021,Best Narrative,game,It Takes Two,It Takes Two,https://en.wikipedia.org/wiki/It_Takes_Two_(video_game),0,3,active,It Takes Two – Hazelight Studios / Electronic Arts,https://en.wikipedia.org/wiki/The_Game_Awards_2021,Q105038239,2021-03-26,day,https://www.wikidata.org/wiki/Q105038239#P577,2021-03-26,first public release,https://www.wikidata.org/wiki/Q105038239#P577,earliest_wikidata_release,,not_publicly_disclosed
2021-03-04,2021-03,2021,Best Narrative,game,Life Is Strange: True Colors,Life Is Strange: True Colors,https://en.wikipedia.org/wiki/Life_Is_Strange:_True_Colors,0,4,active,Life Is Strange: True Colors – Deck Nine / Square Enix,https://en.wikipedia.org/wiki/The_Game_Awards_2021,Q106030331,2021-09-10,day,https://www.wikidata.org/wiki/Q106030331#P577,2021-09-10,first public release,https://www.wikidata.org/wiki/Q106030331#P577,earliest_wikidata_release,,not_publicly_disclosed
2021-03-05,2021-03,2021,Best Narrative,game,Psychonauts 2,Psychonauts 2,https://en.wikipedia.org/wiki/Psychonauts_2,0,5,active,Psychonauts 2 – Double Fine / Xbox Game Studios,https://en.wikipedia.org/wiki/The_Game_Awards_2021,Q22019734,2021-08-25,day,https://www.wikidata.org/wiki/Q22019734#P577,2021-08-25,first public release,https://www.wikidata.org/wiki/Q22019734#P577,earliest_wikidata_release,,not_publicly_disclosed
2021-04-01,2021-04,2021,Best Art Direction,game,Deathloop,Deathloop,https://en.wikipedia.org/wiki/Deathloop,1,1,active,Deathloop – Arkane Studios / Bethesda Softworks,https://en.wikipedia.org/wiki/The_Game_Awards_2021,Q96240037,2021-09-14,day,https://www.wikidata.org/wiki/Q96240037#P577,2021-09-14,first public release,https://www.wikidata.org/wiki/Q96240037#P577,earliest_wikidata_release,,not_publicly_disclosed
2021-04-02,2021-04,2021,Best Art Direction,game,Kena: Bridge of Spirits,Kena: Bridge of Spirits,https://en.wikipedia.org/wiki/Kena:_Bridge_of_Spirits,0,2,active,Kena: Bridge of Spirits – Ember Lab,https://en.wikipedia.org/wiki/The_Game_Awards_2021,Q96242717,2021-09-21,day,https://www.wikidata.org/wiki/Q96242717#P577,2021-09-21,first public release,https://www.wikidata.org/wiki/Q96242717#P577,earliest_wikidata_release,,not_publicly_disclosed
2021-04-03,2021-04,2021,Best Art Direction,game,Psychonauts 2,Psychonauts 2,https://en.wikipedia.org/wiki/Psychonauts_2,0,3,active,Psychonauts 2 – Double Fine / Xbox Game Studios,https://en.wikipedia.org/wiki/The_Game_Awards_2021,Q22019734,2021-08-25,day,https://www.wikidata.org/wiki/Q22019734#P577,2021-08-25,first public release,https://www.wikidata.org/wiki/Q22019734#P577,earliest_wikidata_release,,not_publicly_disclosed
2021-04-04,2021-04,2021,Best Art Direction,game,Ratchet & Clank: Rift Apart,Ratchet & Clank: Rift Apart,https://en.wikipedia.org/wiki/Ratchet_%26_Clank:_Rift_Apart,0,4,active,Ratchet & Clank: Rift Apart – Insomniac Games / Sony Interactive Entertainment,https://en.wikipedia.org/wiki/The_Game_Awards_2021,Q96217480,2021-06-11,day,https://www.wikidata.org/wiki/Q96217480#P577,2021-06-11,first public release,https://www.wikidata.org/wiki/Q96217480#P577,earliest_wikidata_release,,not_publicly_disclosed
2021-04-05,2021-04,2021,Best Art Direction,game,The Artful Escape,The Artful Escape,https://en.wikipedia.org/wiki/The_Artful_Escape,0,5,active,The Artful Escape – Beethoven & Dinosaur / Annapurna Interactive,https://en.wikipedia.org/wiki/The_Game_Awards_2021,Q30645776,2021-09-09,day,https://www.wikidata.org/wiki/Q30645776#P577,2021-09-09,first public release,https://www.wikidata.org/wiki/Q30645776#P577,earliest_wikidata_release,,not_publicly_disclosed
2021-05-01,2021-05,2021,Best Score and Music,game,Nier Replicant ver 1.22474487139,Nier Replicant ver 1.22474487139,https://en.wikipedia.org/wiki/Nier_Replicant_ver_1.22474487139,1,1,active,Nier Replicant ver 1.22474487139 – Keiichi Okabe,https://en.wikipedia.org/wiki/The_Game_Awards_2021,Q1572908,2021-04-22,day,https://en.wikipedia.org/wiki/Nier_(video_game)#Remaster,2021-04-22,first public release,https://en.wikipedia.org/wiki/Nier_(video_game)#Remaster,curated_correction,,not_publicly_disclosed
2021-05-02,2021-05,2021,Best Score and Music,game,Cyberpunk 2077,Cyberpunk 2077,https://en.wikipedia.org/wiki/Cyberpunk_2077,0,2,active,Cyberpunk 2077 – Marcin Przybyłowicz and Piotr T. Adamczyk,https://en.wikipedia.org/wiki/The_Game_Awards_2021,Q3182559,2020-12-10,day,https://www.wikidata.org/wiki/Q3182559#P577,,,,earliest_wikidata_release,,not_publicly_disclosed
2021-05-03,2021-05,2021,Best Score and Music,game,Deathloop,Deathloop,https://en.wikipedia.org/wiki/Deathloop,0,3,active,Deathloop – Tom Salta,https://en.wikipedia.org/wiki/The_Game_Awards_2021,Q96240037,2021-09-14,day,https://www.wikidata.org/wiki/Q96240037#P577,2021-09-14,first public release,https://www.wikidata.org/wiki/Q96240037#P577,earliest_wikidata_release,,not_publicly_disclosed
2021-05-04,2021-05,2021,Best Score and Music,game,Marvel's Guardians of the Galaxy,Marvel's Guardians of the Galaxy,https://en.wikipedia.org/wiki/Marvel%27s_Guardians_of_the_Galaxy,0,4,active,Marvel's Guardians of the Galaxy – Richard Jacques,https://en.wikipedia.org/wiki/The_Game_Awards_2021,Q107214964,2021-10-26,day,https://www.wikidata.org/wiki/Q107214964#P577,2021-10-26,first public release,https://www.wikidata.org/wiki/Q107214964#P577,earliest_wikidata_release,,not_publicly_disclosed
2021-05-05,2021-05,2021,Best Score and Music,game,The Artful Escape,The Artful Escape,https://en.wikipedia.org/wiki/The_Artful_Escape,0,5,active,The Artful Escape – Johnny Galvatron and Josh Abrahams,https://en.wikipedia.org/wiki/The_Game_Awards_2021,Q30645776,2021-09-09,day,https://www.wikidata.org/wiki/Q30645776#P577,2021-09-09,first public release,https://www.wikidata.org/wiki/Q30645776#P577,earliest_wikidata_release,,not_publicly_disclosed
2021-06-01,2021-06,2021,Best Audio Design,game,Forza Horizon 5,Forza Horizon 5,https://en.wikipedia.org/wiki/Forza_Horizon_5,1,1,active,Forza Horizon 5 – Playground Games / Xbox Game Studios,https://en.wikipedia.org/wiki/The_Game_Awards_2021,Q107214683,2021-11-09,day,https://www.wikidata.org/wiki/Q107214683#P577,2021-11-09,first public release,https://www.wikidata.org/wiki/Q107214683#P577,earliest_wikidata_release,,not_publicly_disclosed
2021-06-02,2021-06,2021,Best Audio Design,game,Deathloop,Deathloop,https://en.wikipedia.org/wiki/Deathloop,0,2,active,Deathloop – Arkane Studios / Bethesda Softworks,https://en.wikipedia.org/wiki/The_Game_Awards_2021,Q96240037,2021-09-14,day,https://www.wikidata.org/wiki/Q96240037#P577,2021-09-14,first public release,https://www.wikidata.org/wiki/Q96240037#P577,earliest_wikidata_release,,not_publicly_disclosed
2021-06-03,2021-06,2021,Best Audio Design,game,Ratchet & Clank: Rift Apart,Ratchet & Clank: Rift Apart,https://en.wikipedia.org/wiki/Ratchet_%26_Clank:_Rift_Apart,0,3,active,Ratchet & Clank: Rift Apart – Insomniac Games / Sony Interactive Entertainment,https://en.wikipedia.org/wiki/The_Game_Awards_2021,Q96217480,2021-06-11,day,https://www.wikidata.org/wiki/Q96217480#P577,2021-06-11,first public release,https://www.wikidata.org/wiki/Q96217480#P577,earliest_wikidata_release,,not_publicly_disclosed
2021-06-04,2021-06,2021,Best Audio Design,game,Resident Evil Village,Resident Evil Village,https://en.wikipedia.org/wiki/Resident_Evil_Village,0,4,active,Resident Evil Village – Capcom,https://en.wikipedia.org/wiki/The_Game_Awards_2021,Q96216515,2021-05-07,day,https://www.wikidata.org/wiki/Q96216515#P577,2021-05-07,first public release,https://www.wikidata.org/wiki/Q96216515#P577,earliest_wikidata_release,,not_publicly_disclosed
2021-06-05,2021-06,2021,Best Audio Design,game,Returnal,Returnal,https://en.wikipedia.org/wiki/Returnal,0,5,active,Returnal – Housemarque / Sony Interactive Entertainment,https://en.wikipedia.org/wiki/The_Game_Awards_2021,Q96240947,2021-04-30,day,https://www.wikidata.org/wiki/Q96240947#P577,2021-04-30,first public release,https://www.wikidata.org/wiki/Q96240947#P577,earliest_wikidata_release,,not_publicly_disclosed
2021-07-01,2021-07,2021,Best Performance,performance,Maggie Robertson as Lady Dimitrescu,Resident Evil Village,https://en.wikipedia.org/wiki/Resident_Evil_Village,1,1,active,Maggie Robertson as Lady Dimitrescu – Resident Evil Village,https://en.wikipedia.org/wiki/The_Game_Awards_2021,Q96216515,2021-05-07,day,https://www.wikidata.org/wiki/Q96216515#P577,2021-05-07,first public release,https://www.wikidata.org/wiki/Q96216515#P577,earliest_wikidata_release,,not_publicly_disclosed
2021-07-02,2021-07,2021,Best Performance,performance,Erika Mori as Alex Chen,Life Is Strange: True Colors,https://en.wikipedia.org/wiki/Life_Is_Strange:_True_Colors,0,2,active,Erika Mori as Alex Chen – Life Is Strange: True Colors,https://en.wikipedia.org/wiki/The_Game_Awards_2021,Q106030331,2021-09-10,day,https://www.wikidata.org/wiki/Q106030331#P577,2021-09-10,first public release,https://www.wikidata.org/wiki/Q106030331#P577,earliest_wikidata_release,,not_publicly_disclosed
2021-07-03,2021-07,2021,Best Performance,performance,Giancarlo Esposito as Antón Castillo,Far Cry 6,https://en.wikipedia.org/wiki/Far_Cry_6,0,3,active,Giancarlo Esposito as Antón Castillo – Far Cry 6,https://en.wikipedia.org/wiki/The_Game_Awards_2021,Q97120062,2021-10-07,day,https://www.wikidata.org/wiki/Q97120062#P577,2021-10-07,first public release,https://www.wikidata.org/wiki/Q97120062#P577,earliest_wikidata_release,,not_publicly_disclosed
2021-07-04,2021-07,2021,Best Performance,performance,Jason E. Kelley as Colt Vahn,Deathloop,https://en.wikipedia.org/wiki/Deathloop,0,4,active,Jason E. Kelley as Colt Vahn – Deathloop,https://en.wikipedia.org/wiki/The_Game_Awards_2021,Q96240037,2021-09-14,day,https://www.wikidata.org/wiki/Q96240037#P577,2021-09-14,first public release,https://www.wikidata.org/wiki/Q96240037#P577,earliest_wikidata_release,,not_publicly_disclosed
2021-07-05,2021-07,2021,Best Performance,performance,Ozioma Akagha as Juliana Blake,Deathloop,,0,5,active,Ozioma Akagha as Juliana Blake – Deathloop,https://en.wikipedia.org/wiki/The_Game_Awards_2021,,,,,,,,no_game_link,,not_publicly_disclosed
2021-08-01,2021-08,2021,Games for Impact,game,Life Is Strange: True Colors,Life Is Strange: True Colors,https://en.wikipedia.org/wiki/Life_Is_Strange:_True_Colors,1,1,active,Life Is Strange: True Colors – Deck Nine / Square Enix,https://en.wikipedia.org/wiki/The_Game_Awards_2021,Q106030331,2021-09-10,day,https://www.wikidata.org/wiki/Q106030331#P577,2021-09-10,first public release,https://www.wikidata.org/wiki/Q106030331#P577,earliest_wikidata_release,,not_publicly_disclosed
2021-08-02,2021-08,2021,Games for Impact,game,Before Your Eyes,Before Your Eyes,https://en.wikipedia.org/wiki/Before_Your_Eyes,0,2,active,Before Your Eyes – GoodbyeWorld Games / Skybound Games,https://en.wikipedia.org/wiki/The_Game_Awards_2021,Q106452472,2021-04-08,day,https://www.wikidata.org/wiki/Q106452472#P577,2021-04-08,first public release,https://www.wikidata.org/wiki/Q106452472#P577,earliest_wikidata_release,,not_publicly_disclosed
2021-08-03,2021-08,2021,Games for Impact,game,Boyfriend Dungeon,Boyfriend Dungeon,https://en.wikipedia.org/wiki/Boyfriend_Dungeon,0,3,active,Boyfriend Dungeon – Kitfox Games,https://en.wikipedia.org/wiki/The_Game_Awards_2021,Q74116685,2021-08-11,day,https://www.wikidata.org/wiki/Q74116685#P577,2021-08-11,first public release,https://www.wikidata.org/wiki/Q74116685#P577,earliest_wikidata_release,,not_publicly_disclosed
2021-08-04,2021-08,2021,Games for Impact,game,Chicory: A Colorful Tale,Chicory: A Colorful Tale,https://en.wikipedia.org/wiki/Chicory:_A_Colorful_Tale,0,4,active,Chicory: A Colorful Tale – Greg Lobanov / Finji,https://en.wikipedia.org/wiki/The_Game_Awards_2021,Q85751910,2021-06-10,day,https://www.wikidata.org/wiki/Q85751910#P577,2021-06-10,first public release,https://www.wikidata.org/wiki/Q85751910#P577,earliest_wikidata_release,,not_publicly_disclosed
2021-08-05,2021-08,2021,Games for Impact,game,No Longer Home,No Longer Home,https://en.wikipedia.org/wiki/No_Longer_Home,0,5,active,No Longer Home – Humble Grove / Fellow Traveller,https://en.wikipedia.org/wiki/The_Game_Awards_2021,Q109650426,2021-07-30,day,https://www.wikidata.org/wiki/Q109650426#P577,2021-07-30,first public release,https://www.wikidata.org/wiki/Q109650426#P577,earliest_wikidata_release,,not_publicly_disclosed
2021-09-01,2021-09,2021,Best Ongoing Game,game,Final Fantasy XIV,Final Fantasy XIV,https://en.wikipedia.org/wiki/Final_Fantasy_XIV,1,1,active,Final Fantasy XIV – Square Enix,https://en.wikipedia.org/wiki/The_Game_Awards_2021,Q5449393,2013-08-27,day,https://www.wikidata.org/wiki/Q5449393#P577,,,,earliest_wikidata_release,,not_publicly_disclosed
2021-09-02,2021-09,2021,Best Ongoing Game,game,Apex Legends,Apex Legends,https://en.wikipedia.org/wiki/Apex_Legends,0,2,active,Apex Legends – Respawn Entertainment / Electronic Arts,https://en.wikipedia.org/wiki/The_Game_Awards_2021,Q61478103,2019-02-04,day,https://www.wikidata.org/wiki/Q61478103#P577,,,,earliest_wikidata_release,,not_publicly_disclosed
2021-09-03,2021-09,2021,Best Ongoing Game,game,Call of Duty: Warzone,Call of Duty: Warzone,https://en.wikipedia.org/wiki/Call_of_Duty:_Warzone_(2020_video_game),0,3,active,Call of Duty: Warzone – Raven Software / Activision,https://en.wikipedia.org/wiki/The_Game_Awards_2021,Q87416343,2020-03-10,day,https://www.wikidata.org/wiki/Q87416343#P577,,,,earliest_wikidata_release,,not_publicly_disclosed
2021-09-04,2021-09,2021,Best Ongoing Game,game,Fortnite,Fortnite,https://en.wikipedia.org/wiki/Fortnite,0,4,active,Fortnite – Epic Games,https://en.wikipedia.org/wiki/The_Game_Awards_2021,Q349375,2017-07-25,day,https://www.wikidata.org/wiki/Q349375#P577,,,,earliest_wikidata_release,,not_publicly_disclosed
2021-09-05,2021-09,2021,Best Ongoing Game,game,Genshin Impact,Genshin Impact,https://en.wikipedia.org/wiki/Genshin_Impact,0,5,active,Genshin Impact – miHoYo,https://en.wikipedia.org/wiki/The_Game_Awards_2021,Q65059474,2020-09-28,day,https://www.wikidata.org/wiki/Q65059474#P577,,,,earliest_wikidata_release,,not_publicly_disclosed
2021-10-01,2021-10,2021,Best Independent Game,game,Kena: Bridge of Spirits,Kena: Bridge of Spirits,https://en.wikipedia.org/wiki/Kena:_Bridge_of_Spirits,1,1,active,Kena: Bridge of Spirits – Ember Lab,https://en.wikipedia.org/wiki/The_Game_Awards_2021,Q96242717,2021-09-21,day,https://www.wikidata.org/wiki/Q96242717#P577,2021-09-21,first public release,https://www.wikidata.org/wiki/Q96242717#P577,earliest_wikidata_release,,not_publicly_disclosed
2021-10-02,2021-10,2021,Best Independent Game,game,12 Minutes,12 Minutes,https://en.wikipedia.org/wiki/12_Minutes,0,2,active,12 Minutes – Luís António / Annapurna Interactive,https://en.wikipedia.org/wiki/The_Game_Awards_2021,Q65040626,2021-08-19,day,https://www.wikidata.org/wiki/Q65040626#P577,2021-08-19,first public release,https://www.wikidata.org/wiki/Q65040626#P577,earliest_wikidata_release,,not_publicly_disclosed
2021-10-03,2021-10,2021,Best Independent Game,game,Death's Door,Death's Door,https://en.wikipedia.org/wiki/Death%27s_Door_(video_game),0,3,active,Death's Door – Acid Nerve / Devolver Digital,https://en.wikipedia.org/wiki/The_Game_Awards_2021,Q107376501,2021-07-20,day,https://www.wikidata.org/wiki/Q107376501#P577,2021-07-20,first public release,https://www.wikidata.org/wiki/Q107376501#P577,earliest_wikidata_release,,not_publicly_disclosed
2021-10-04,2021-10,2021,Best Independent Game,game,Inscryption,Inscryption,https://en.wikipedia.org/wiki/Inscryption,0,4,active,Inscryption – Daniel Mullins Games / Devolver Digital,https://en.wikipedia.org/wiki/The_Game_Awards_2021,Q109051201,2021-10-19,day,https://www.wikidata.org/wiki/Q109051201#P577,2021-10-19,first public release,https://www.wikidata.org/wiki/Q109051201#P577,earliest_wikidata_release,,not_publicly_disclosed
2021-10-05,2021-10,2021,Best Independent Game,game,Loop Hero,Loop Hero,https://en.wikipedia.org/wiki/Loop_Hero,0,5,active,Loop Hero – Four Quarters / Devolver Digital,https://en.wikipedia.org/wiki/The_Game_Awards_2021,Q105683340,2021-03-04,day,https://www.wikidata.org/wiki/Q105683340#P577,2021-03-04,first public release,https://www.wikidata.org/wiki/Q105683340#P577,earliest_wikidata_release,,not_publicly_disclosed
2021-11-01,2021-11,2021,Best Mobile Game,game,Genshin Impact,Genshin Impact,https://en.wikipedia.org/wiki/Genshin_Impact,1,1,active,Genshin Impact – miHoYo,https://en.wikipedia.org/wiki/The_Game_Awards_2021,Q65059474,2020-09-28,day,https://www.wikidata.org/wiki/Q65059474#P577,,,,earliest_wikidata_release,,not_publicly_disclosed
2021-11-02,2021-11,2021,Best Mobile Game,game,Fantasian,Fantasian,https://en.wikipedia.org/wiki/Fantasian,0,2,active,Fantasian – Mistwalker,https://en.wikipedia.org/wiki/The_Game_Awards_2021,Q106322428,2021-04-02,day,https://www.wikidata.org/wiki/Q106322428#P577,2021-04-02,first public release,https://www.wikidata.org/wiki/Q106322428#P577,earliest_wikidata_release,,not_publicly_disclosed
2021-11-03,2021-11,2021,Best Mobile Game,game,League of Legends: Wild Rift,League of Legends: Wild Rift,https://en.wikipedia.org/wiki/League_of_Legends:_Wild_Rift,0,3,active,League of Legends: Wild Rift – Riot Games,https://en.wikipedia.org/wiki/The_Game_Awards_2021,Q75230763,2020-10-27,day,https://www.wikidata.org/wiki/Q75230763#P577,,,,earliest_wikidata_release,,not_publicly_disclosed
2021-11-04,2021-11,2021,Best Mobile Game,game,Marvel Future Revolution,Marvel Future Revolution,https://en.wikipedia.org/wiki/Marvel_Future_Revolution,0,4,active,Marvel Future Revolution – Netmarble / Marvel Games,https://en.wikipedia.org/wiki/The_Game_Awards_2021,Q107697271,2021-08-25,day,https://www.wikidata.org/wiki/Q107697271#P577,2021-08-25,first public release,https://www.wikidata.org/wiki/Q107697271#P577,earliest_wikidata_release,,not_publicly_disclosed
2021-11-05,2021-11,2021,Best Mobile Game,game,Pokémon Unite,Pokémon Unite,https://en.wikipedia.org/wiki/Pok%C3%A9mon_Unite,0,5,active,Pokémon Unite – TiMi Studio / The Pokémon Company,https://en.wikipedia.org/wiki/The_Game_Awards_2021,Q96622951,2021-07-21,day,https://www.wikidata.org/wiki/Q96622951#P577,2021-07-21,first public release,https://www.wikidata.org/wiki/Q96622951#P577,earliest_wikidata_release,,not_publicly_disclosed
2021-12-01,2021-12,2021,Best Community Support,game,Final Fantasy XIV,Final Fantasy XIV,https://en.wikipedia.org/wiki/Final_Fantasy_XIV,1,1,active,Final Fantasy XIV – Square Enix,https://en.wikipedia.org/wiki/The_Game_Awards_2021,Q5449393,2013-08-27,day,https://www.wikidata.org/wiki/Q5449393#P577,,,,earliest_wikidata_release,,not_publicly_disclosed
2021-12-02,2021-12,2021,Best Community Support,game,Apex Legends,Apex Legends,https://en.wikipedia.org/wiki/Apex_Legends,0,2,active,Apex Legends – Respawn Entertainment / Electronic Arts,https://en.wikipedia.org/wiki/The_Game_Awards_2021,Q61478103,2019-02-04,day,https://www.wikidata.org/wiki/Q61478103#P577,,,,earliest_wikidata_release,,not_publicly_disclosed
2021-12-03,2021-12,2021,Best Community Support,game,Destiny 2: Beyond Light,Destiny 2: Beyond Light,https://en.wikipedia.org/wiki/Destiny_2:_Beyond_Light,0,3,active,Destiny 2: Beyond Light – Bungie,https://en.wikipedia.org/wiki/The_Game_Awards_2021,Q97930215,2020-11-10,day,https://www.wikidata.org/wiki/Q97930215#P577,,,,earliest_wikidata_release,,not_publicly_disclosed
2021-12-04,2021-12,2021,Best Community Support,game,Fortnite,Fortnite,https://en.wikipedia.org/wiki/Fortnite,0,4,active,Fortnite – Epic Games,https://en.wikipedia.org/wiki/The_Game_Awards_2021,Q349375,2017-07-25,day,https://www.wikidata.org/wiki/Q349375#P577,,,,earliest_wikidata_release,,not_publicly_disclosed
2021-12-05,2021-12,2021,Best Community Support,game,No Man's Sky,No Man's Sky,https://en.wikipedia.org/wiki/No_Man%27s_Sky,0,5,active,No Man's Sky – Hello Games,https://en.wikipedia.org/wiki/The_Game_Awards_2021,Q15297043,2016-08-09,day,https://www.wikidata.org/wiki/Q15297043#P577,,,,earliest_wikidata_release,,not_publicly_disclosed
2021-13-01,2021-13,2021,Best VR / AR Game,game,Resident Evil 4,Resident Evil 4,https://en.wikipedia.org/wiki/Resident_Evil_4,1,1,active,Resident Evil 4 – Armature Studio / Capcom / Oculus Studios,https://en.wikipedia.org/wiki/The_Game_Awards_2021,Q275950,2005-01-11,day,https://www.wikidata.org/wiki/Q275950#P577,2021-10-21,Oculus Quest 2 VR edition,https://en.wikipedia.org/wiki/Resident_Evil_4,earliest_wikidata_release,,not_publicly_disclosed
2021-13-02,2021-13,2021,Best VR / AR Game,game,Hitman 3,Hitman 3,https://en.wikipedia.org/wiki/Hitman_3,0,2,active,Hitman 3 – IO Interactive,https://en.wikipedia.org/wiki/The_Game_Awards_2021,Q96216496,2021-01-20,day,https://www.wikidata.org/wiki/Q96216496#P577,2021-01-20,first public release,https://www.wikidata.org/wiki/Q96216496#P577,earliest_wikidata_release,,not_publicly_disclosed
2021-13-03,2021-13,2021,Best VR / AR Game,game,I Expect You to Die 2: The Spy and the Liar,I Expect You to Die 2: The Spy and the Liar,https://en.wikipedia.org/wiki/I_Expect_You_to_Die_2:_The_Spy_and_the_Liar,0,3,active,I Expect You to Die 2: The Spy and the Liar – Schell Games,https://en.wikipedia.org/wiki/The_Game_Awards_2021,Q109651233,2021-08-24,day,https://www.wikidata.org/wiki/Q109651233#P577,2021-08-24,first public release,https://www.wikidata.org/wiki/Q109651233#P577,earliest_wikidata_release,,not_publicly_disclosed
2021-13-04,2021-13,2021,Best VR / AR Game,game,Lone Echo II,Lone Echo II,https://en.wikipedia.org/wiki/Lone_Echo_II,0,4,active,Lone Echo II – Ready at Dawn / Oculus Studios,https://en.wikipedia.org/wiki/The_Game_Awards_2021,Q96390742,2021-10-12,day,https://www.wikidata.org/wiki/Q96390742#P577,2021-10-12,first public release,https://www.wikidata.org/wiki/Q96390742#P577,earliest_wikidata_release,,not_publicly_disclosed
2021-13-05,2021-13,2021,Best VR / AR Game,game,Sniper Elite VR,Sniper Elite VR,https://en.wikipedia.org/wiki/Sniper_Elite_VR,0,5,active,Sniper Elite VR – Coatsink / Just Add Water / Rebellion Developments,https://en.wikipedia.org/wiki/The_Game_Awards_2021,Q63464445,2021-07-08,day,https://www.wikidata.org/wiki/Q63464445#P577,2021-07-08,first public release,https://www.wikidata.org/wiki/Q63464445#P577,earliest_wikidata_release,,not_publicly_disclosed
2021-14-01,2021-14,2021,Innovation in Accessibility,game,Forza Horizon 5,Forza Horizon 5,https://en.wikipedia.org/wiki/Forza_Horizon_5,1,1,active,Forza Horizon 5 – Playground Games / Xbox Game Studios,https://en.wikipedia.org/wiki/The_Game_Awards_2021,Q107214683,2021-11-09,day,https://www.wikidata.org/wiki/Q107214683#P577,2021-11-09,first public release,https://www.wikidata.org/wiki/Q107214683#P577,earliest_wikidata_release,,not_publicly_disclosed
2021-14-02,2021-14,2021,Innovation in Accessibility,game,Far Cry 6,Far Cry 6,https://en.wikipedia.org/wiki/Far_Cry_6,0,2,active,Far Cry 6 – Ubisoft,https://en.wikipedia.org/wiki/The_Game_Awards_2021,Q97120062,2021-10-07,day,https://www.wikidata.org/wiki/Q97120062#P577,2021-10-07,first public release,https://www.wikidata.org/wiki/Q97120062#P577,earliest_wikidata_release,,not_publicly_disclosed
2021-14-03,2021-14,2021,Innovation in Accessibility,game,Marvel's Guardians of the Galaxy,Marvel's Guardians of the Galaxy,https://en.wikipedia.org/wiki/Marvel%27s_Guardians_of_the_Galaxy,0,3,active,Marvel's Guardians of the Galaxy – Eidos Montreal / Square Enix,https://en.wikipedia.org/wiki/The_Game_Awards_2021,Q107214964,2021-10-26,day,https://www.wikidata.org/wiki/Q107214964#P577,2021-10-26,first public release,https://www.wikidata.org/wiki/Q107214964#P577,earliest_wikidata_release,,not_publicly_disclosed
2021-14-04,2021-14,2021,Innovation in Accessibility,game,Ratchet & Clank: Rift Apart,Ratchet & Clank: Rift Apart,https://en.wikipedia.org/wiki/Ratchet_%26_Clank:_Rift_Apart,0,4,active,Ratchet & Clank: Rift Apart – Insomniac Games / Sony Interactive Entertainment,https://en.wikipedia.org/wiki/The_Game_Awards_2021,Q96217480,2021-06-11,day,https://www.wikidata.org/wiki/Q96217480#P577,2021-06-11,first public release,https://www.wikidata.org/wiki/Q96217480#P577,earliest_wikidata_release,,not_publicly_disclosed
2021-14-05,2021-14,2021,Innovation in Accessibility,game,The Vale: Shadow of the Crown,The Vale: Shadow of the Crown,https://en.wikipedia.org/wiki/The_Vale:_Shadow_of_the_Crown,0,5,active,The Vale: Shadow of the Crown – Falling Squirrel,https://en.wikipedia.org/wiki/The_Game_Awards_2021,Q108169836,2021-08-19,day,https://www.wikidata.org/wiki/Q108169836#P577,2021-08-19,first public release,https://www.wikidata.org/wiki/Q108169836#P577,earliest_wikidata_release,,not_publicly_disclosed
2021-15-01,2021-15,2021,Best Action Game,game,Returnal,Returnal,https://en.wikipedia.org/wiki/Returnal,1,1,active,Returnal – Housemarque / Sony Interactive Entertainment,https://en.wikipedia.org/wiki/The_Game_Awards_2021,Q96240947,2021-04-30,day,https://www.wikidata.org/wiki/Q96240947#P577,2021-04-30,first public release,https://www.wikidata.org/wiki/Q96240947#P577,earliest_wikidata_release,,not_publicly_disclosed
2021-15-02,2021-15,2021,Best Action Game,game,Back 4 Blood,Back 4 Blood,https://en.wikipedia.org/wiki/Back_4_Blood,0,2,active,Back 4 Blood – Turtle Rock Studios / WB Games,https://en.wikipedia.org/wiki/The_Game_Awards_2021,Q104223925,2021-10-12,day,https://www.wikidata.org/wiki/Q104223925#P577,2021-10-12,first public release,https://www.wikidata.org/wiki/Q104223925#P577,earliest_wikidata_release,,not_publicly_disclosed
2021-15-03,2021-15,2021,Best Action Game,game,Chivalry II,Chivalry II,https://en.wikipedia.org/wiki/Chivalry_II,0,3,active,Chivalry II – Torn Banner Studios / Tripwire Interactive,https://en.wikipedia.org/wiki/The_Game_Awards_2021,Q64590208,2021-06-08,day,https://www.wikidata.org/wiki/Q64590208#P577,2021-06-08,first public release,https://www.wikidata.org/wiki/Q64590208#P577,earliest_wikidata_release,,not_publicly_disclosed
2021-15-04,2021-15,2021,Best Action Game,game,Deathloop,Deathloop,https://en.wikipedia.org/wiki/Deathloop,0,4,active,Deathloop – Arkane Studios / Bethesda Softworks,https://en.wikipedia.org/wiki/The_Game_Awards_2021,Q96240037,2021-09-14,day,https://www.wikidata.org/wiki/Q96240037#P577,2021-09-14,first public release,https://www.wikidata.org/wiki/Q96240037#P577,earliest_wikidata_release,,not_publicly_disclosed
2021-15-05,2021-15,2021,Best Action Game,game,Far Cry 6,Far Cry 6,https://en.wikipedia.org/wiki/Far_Cry_6,0,5,active,Far Cry 6 – Ubisoft,https://en.wikipedia.org/wiki/The_Game_Awards_2021,Q97120062,2021-10-07,day,https://www.wikidata.org/wiki/Q97120062#P577,2021-10-07,first public release,https://www.wikidata.org/wiki/Q97120062#P577,earliest_wikidata_release,,not_publicly_disclosed
2021-16-01,2021-16,2021,Best Action / Adventure Game,game,Metroid Dread,Metroid Dread,https://en.wikipedia.org/wiki/Metroid_Dread,1,1,active,Metroid Dread – MercurySteam / Nintendo,https://en.wikipedia.org/wiki/The_Game_Awards_2021,Q17006956,2021-10-08,day,https://www.wikidata.org/wiki/Q17006956#P577,2021-10-08,first public release,https://www.wikidata.org/wiki/Q17006956#P577,earliest_wikidata_release,,not_publicly_disclosed
2021-16-02,2021-16,2021,Best Action / Adventure Game,game,Marvel's Guardians of the Galaxy,Marvel's Guardians of the Galaxy,https://en.wikipedia.org/wiki/Marvel%27s_Guardians_of_the_Galaxy,0,2,active,Marvel's Guardians of the Galaxy – Eidos Montreal / Square Enix,https://en.wikipedia.org/wiki/The_Game_Awards_2021,Q107214964,2021-10-26,day,https://www.wikidata.org/wiki/Q107214964#P577,2021-10-26,first public release,https://www.wikidata.org/wiki/Q107214964#P577,earliest_wikidata_release,,not_publicly_disclosed
2021-16-03,2021-16,2021,Best Action / Adventure Game,game,Psychonauts 2,Psychonauts 2,https://en.wikipedia.org/wiki/Psychonauts_2,0,3,active,Psychonauts 2 – Double Fine / Xbox Game Studios,https://en.wikipedia.org/wiki/The_Game_Awards_2021,Q22019734,2021-08-25,day,https://www.wikidata.org/wiki/Q22019734#P577,2021-08-25,first public release,https://www.wikidata.org/wiki/Q22019734#P577,earliest_wikidata_release,,not_publicly_disclosed
2021-16-04,2021-16,2021,Best Action / Adventure Game,game,Ratchet & Clank: Rift Apart,Ratchet & Clank: Rift Apart,https://en.wikipedia.org/wiki/Ratchet_%26_Clank:_Rift_Apart,0,4,active,Ratchet & Clank: Rift Apart – Insomniac Games / Sony Interactive Entertainment,https://en.wikipedia.org/wiki/The_Game_Awards_2021,Q96217480,2021-06-11,day,https://www.wikidata.org/wiki/Q96217480#P577,2021-06-11,first public release,https://www.wikidata.org/wiki/Q96217480#P577,earliest_wikidata_release,,not_publicly_disclosed
2021-16-05,2021-16,2021,Best Action / Adventure Game,game,Resident Evil Village,Resident Evil Village,https://en.wikipedia.org/wiki/Resident_Evil_Village,0,5,active,Resident Evil Village – Capcom,https://en.wikipedia.org/wiki/The_Game_Awards_2021,Q96216515,2021-05-07,day,https://www.wikidata.org/wiki/Q96216515#P577,2021-05-07,first public release,https://www.wikidata.org/wiki/Q96216515#P577,earliest_wikidata_release,,not_publicly_disclosed
2021-17-01,2021-17,2021,Best Role Playing Game,game,Tales of Arise,Tales of Arise,https://en.wikipedia.org/wiki/Tales_of_Arise,1,1,active,Tales of Arise – Bandai Namco Studios / Bandai Namco Entertainment,https://en.wikipedia.org/wiki/The_Game_Awards_2021,Q64520925,2021-09-10,day,https://www.wikidata.org/wiki/Q64520925#P577,2021-09-10,first public release,https://www.wikidata.org/wiki/Q64520925#P577,earliest_wikidata_release,,not_publicly_disclosed
2021-17-02,2021-17,2021,Best Role Playing Game,game,Cyberpunk 2077,Cyberpunk 2077,https://en.wikipedia.org/wiki/Cyberpunk_2077,0,2,active,Cyberpunk 2077 – CD Projekt RED,https://en.wikipedia.org/wiki/The_Game_Awards_2021,Q3182559,2020-12-10,day,https://www.wikidata.org/wiki/Q3182559#P577,,,,earliest_wikidata_release,,not_publicly_disclosed
2021-17-03,2021-17,2021,Best Role Playing Game,game,Monster Hunter Rise,Monster Hunter Rise,https://en.wikipedia.org/wiki/Monster_Hunter_Rise,0,3,active,Monster Hunter Rise – Capcom,https://en.wikipedia.org/wiki/The_Game_Awards_2021,Q99441852,2021-03-26,day,https://www.wikidata.org/wiki/Q99441852#P577,2021-03-26,first public release,https://www.wikidata.org/wiki/Q99441852#P577,earliest_wikidata_release,,not_publicly_disclosed
2021-17-04,2021-17,2021,Best Role Playing Game,game,Scarlet Nexus,Scarlet Nexus,https://en.wikipedia.org/wiki/Scarlet_Nexus,0,4,active,Scarlet Nexus – Bandai Namco Studios / Tose / Bandai Namco,https://en.wikipedia.org/wiki/The_Game_Awards_2021,Q93721073,2021-06-25,day,https://www.wikidata.org/wiki/Q93721073#P577,2021-06-25,first public release,https://www.wikidata.org/wiki/Q93721073#P577,earliest_wikidata_release,,not_publicly_disclosed
2021-17-05,2021-17,2021,Best Role Playing Game,game,Shin Megami Tensei V,Shin Megami Tensei V,https://en.wikipedia.org/wiki/Shin_Megami_Tensei_V,0,5,active,Shin Megami Tensei V – Atlus / Sega,https://en.wikipedia.org/wiki/The_Game_Awards_2021,Q44379841,2021-11-11,day,https://www.wikidata.org/wiki/Q44379841#P577,2021-11-11,first public release,https://www.wikidata.org/wiki/Q44379841#P577,earliest_wikidata_release,,not_publicly_disclosed
2021-18-01,2021-18,2021,Best Fighting Game,game,Guilty Gear Strive,Guilty Gear Strive,https://en.wikipedia.org/wiki/Guilty_Gear_Strive,1,1,active,Guilty Gear Strive – Arc System Works,https://en.wikipedia.org/wiki/The_Game_Awards_2021,Q85863730,2021-06-11,day,https://www.wikidata.org/wiki/Q85863730#P577,2021-06-11,first public release,https://www.wikidata.org/wiki/Q85863730#P577,earliest_wikidata_release,,not_publicly_disclosed
2021-18-02,2021-18,2021,Best Fighting Game,game,Demon Slayer: Kimetsu no Yaiba,Demon Slayer: Kimetsu no Yaiba – The Hinokami Chronicles,https://en.wikipedia.org/wiki/Demon_Slayer:_Kimetsu_no_Yaiba_%E2%80%93_The_Hinokami_Chronicles,0,2,active,Demon Slayer: Kimetsu no Yaiba – The Hinokami Chronicles – CyberConnect2 / Sega,https://en.wikipedia.org/wiki/The_Game_Awards_2021,Q107367351,2021-10-14,day,https://www.wikidata.org/wiki/Q107367351#P577,2021-10-14,first public release,https://www.wikidata.org/wiki/Q107367351#P577,earliest_wikidata_release,,not_publicly_disclosed
2021-18-03,2021-18,2021,Best Fighting Game,game,Melty Blood: Type Lumina,Melty Blood: Type Lumina,https://en.wikipedia.org/wiki/Melty_Blood:_Type_Lumina,0,3,active,Melty Blood: Type Lumina – French Bread / Delightworks,https://en.wikipedia.org/wiki/The_Game_Awards_2021,Q106230022,2021-09-30,day,https://www.wikidata.org/wiki/Q106230022#P577,2021-09-30,first public release,https://www.wikidata.org/wiki/Q106230022#P577,earliest_wikidata_release,,not_publicly_disclosed
2021-18-04,2021-18,2021,Best Fighting Game,game,Nickelodeon All-Star Brawl,Nickelodeon All-Star Brawl,https://en.wikipedia.org/wiki/Nickelodeon_All-Star_Brawl,0,4,active,Nickelodeon All-Star Brawl – Ludosity / Fair Play Labs / GameMill Entertainment,https://en.wikipedia.org/wiki/The_Game_Awards_2021,Q107530622,2021-10-05,day,https://www.wikidata.org/wiki/Q107530622#P577,2021-10-05,first public release,https://www.wikidata.org/wiki/Q107530622#P577,earliest_wikidata_release,,not_publicly_disclosed
2021-18-05,2021-18,2021,Best Fighting Game,game,Virtua Fighter 5: Ultimate Showdown,Virtua Fighter 5: Ultimate Showdown,https://en.wikipedia.org/wiki/Virtua_Fighter_5:_Ultimate_Showdown,0,5,active,Virtua Fighter 5: Ultimate Showdown – Sega,https://en.wikipedia.org/wiki/The_Game_Awards_2021,Q2334743,2006-07-12,day,https://www.wikidata.org/wiki/Q2334743#P577,,,,earliest_wikidata_release,,not_publicly_disclosed
2021-19-01,2021-19,2021,Best Family Game,game,It Takes Two,It Takes Two,https://en.wikipedia.org/wiki/It_Takes_Two_(video_game),1,1,active,It Takes Two – Hazelight Studios / Electronic Arts,https://en.wikipedia.org/wiki/The_Game_Awards_2021,Q105038239,2021-03-26,day,https://www.wikidata.org/wiki/Q105038239#P577,2021-03-26,first public release,https://www.wikidata.org/wiki/Q105038239#P577,earliest_wikidata_release,,not_publicly_disclosed
2021-19-02,2021-19,2021,Best Family Game,game,Mario Party Superstars,Mario Party Superstars,https://en.wikipedia.org/wiki/Mario_Party_Superstars,0,2,active,Mario Party Superstars – NDcube / Nintendo,https://en.wikipedia.org/wiki/The_Game_Awards_2021,Q107250201,2021-10-29,day,https://www.wikidata.org/wiki/Q107250201#P577,2021-10-29,first public release,https://www.wikidata.org/wiki/Q107250201#P577,earliest_wikidata_release,,not_publicly_disclosed
2021-19-03,2021-19,2021,Best Family Game,game,New Pokémon Snap,New Pokémon Snap,https://en.wikipedia.org/wiki/New_Pok%C3%A9mon_Snap,0,3,active,New Pokémon Snap – Bandai Namco Studios / The Pokémon Company,https://en.wikipedia.org/wiki/The_Game_Awards_2021,Q96357198,2021-04-30,day,https://www.wikidata.org/wiki/Q96357198#P577,2021-04-30,first public release,https://www.wikidata.org/wiki/Q96357198#P577,earliest_wikidata_release,,not_publicly_disclosed
2021-19-04,2021-19,2021,Best Family Game,game,Super Mario 3D World + Bowser's Fury,Super Mario 3D World + Bowser's Fury,https://en.wikipedia.org/wiki/Super_Mario_3D_World_%2B_Bowser%27s_Fury,0,4,active,Super Mario 3D World + Bowser's Fury – Nintendo,https://en.wikipedia.org/wiki/The_Game_Awards_2021,Q13426947,2013-11-21,day,https://www.wikidata.org/wiki/Q13426947#P577,,,,earliest_wikidata_release,,not_publicly_disclosed
2021-19-05,2021-19,2021,Best Family Game,game,WarioWare: Get It Together!,WarioWare: Get It Together!,https://en.wikipedia.org/wiki/WarioWare:_Get_It_Together!,0,5,active,WarioWare: Get It Together! – Nintendo,https://en.wikipedia.org/wiki/The_Game_Awards_2021,Q107255671,2021-09-10,day,https://www.wikidata.org/wiki/Q107255671#P577,2021-09-10,first public release,https://www.wikidata.org/wiki/Q107255671#P577,earliest_wikidata_release,,not_publicly_disclosed
2021-20-01,2021-20,2021,Best Sports / Racing Game,game,Forza Horizon 5,Forza Horizon 5,https://en.wikipedia.org/wiki/Forza_Horizon_5,1,1,active,Forza Horizon 5 – Playground Games / Xbox Game Studios,https://en.wikipedia.org/wiki/The_Game_Awards_2021,Q107214683,2021-11-09,day,https://www.wikidata.org/wiki/Q107214683#P577,2021-11-09,first public release,https://www.wikidata.org/wiki/Q107214683#P577,earliest_wikidata_release,,not_publicly_disclosed
2021-20-02,2021-20,2021,Best Sports / Racing Game,game,F1 2021,F1 2021,https://en.wikipedia.org/wiki/F1_2021_(video_game),0,2,active,F1 2021 – Codemasters / EA Sports,https://en.wikipedia.org/wiki/The_Game_Awards_2021,Q106510749,2021-07-16,day,https://www.wikidata.org/wiki/Q106510749#P577,2021-07-16,first public release,https://www.wikidata.org/wiki/Q106510749#P577,earliest_wikidata_release,,not_publicly_disclosed
2021-20-03,2021-20,2021,Best Sports / Racing Game,game,FIFA 22,FIFA 22,https://en.wikipedia.org/wiki/FIFA_22,0,3,active,FIFA 22 – EA Vancouver / EA Sports,https://en.wikipedia.org/wiki/The_Game_Awards_2021,Q96482598,2021-10-01,day,https://www.wikidata.org/wiki/Q96482598#P577,2021-10-01,first public release,https://www.wikidata.org/wiki/Q96482598#P577,earliest_wikidata_release,,not_publicly_disclosed
2021-20-04,2021-20,2021,Best Sports / Racing Game,game,Hot Wheels Unleashed,Hot Wheels Unleashed,https://en.wikipedia.org/wiki/Hot_Wheels_Unleashed,0,4,active,Hot Wheels Unleashed – Milestone,https://en.wikipedia.org/wiki/The_Game_Awards_2021,Q107388819,2021-09-30,day,https://www.wikidata.org/wiki/Q107388819#P577,2021-09-30,first public release,https://www.wikidata.org/wiki/Q107388819#P577,earliest_wikidata_release,,not_publicly_disclosed
2021-20-05,2021-20,2021,Best Sports / Racing Game,game,Riders Republic,Riders Republic,https://en.wikipedia.org/wiki/Riders_Republic,0,5,active,Riders Republic – Ubisoft,https://en.wikipedia.org/wiki/The_Game_Awards_2021,Q99316640,2021-10-28,day,https://www.wikidata.org/wiki/Q99316640#P577,2021-10-28,first public release,https://www.wikidata.org/wiki/Q99316640#P577,earliest_wikidata_release,,not_publicly_disclosed
2021-21-01,2021-21,2021,Best Sim / Strategy Game,game,Age of Empires IV,Age of Empires IV,https://en.wikipedia.org/wiki/Age_of_Empires_IV,1,1,active,Age of Empires IV – Relic Entertainment / Xbox Game Studios,https://en.wikipedia.org/wiki/The_Game_Awards_2021,Q55154676,2021-10-28,day,https://www.wikidata.org/wiki/Q55154676#P577,2021-10-28,first public release,https://www.wikidata.org/wiki/Q55154676#P577,earliest_wikidata_release,,not_publicly_disclosed
2021-21-02,2021-21,2021,Best Sim / Strategy Game,game,Evil Genius 2: World Domination,Evil Genius 2: World Domination,https://en.wikipedia.org/wiki/Evil_Genius_2:_World_Domination,0,2,active,Evil Genius 2: World Domination – Rebellion Developments,https://en.wikipedia.org/wiki/The_Game_Awards_2021,Q45089676,2021-03-30,day,https://www.wikidata.org/wiki/Q45089676#P577,2021-03-30,first public release,https://www.wikidata.org/wiki/Q45089676#P577,earliest_wikidata_release,,not_publicly_disclosed
2021-21-03,2021-21,2021,Best Sim / Strategy Game,game,Humankind,Humankind,https://en.wikipedia.org/wiki/Humankind_(video_game),0,3,active,Humankind – Amplitude Studios / Sega,https://en.wikipedia.org/wiki/The_Game_Awards_2021,Q74705108,2021-08-16,day,https://www.wikidata.org/wiki/Q74705108#P577,2021-08-16,first public release,https://www.wikidata.org/wiki/Q74705108#P577,earliest_wikidata_release,,not_publicly_disclosed
2021-21-04,2021-21,2021,Best Sim / Strategy Game,game,Inscryption,Inscryption,https://en.wikipedia.org/wiki/Inscryption,0,4,active,Inscryption – Daniel Mullins Games / Devolver Digital,https://en.wikipedia.org/wiki/The_Game_Awards_2021,Q109051201,2021-10-19,day,https://www.wikidata.org/wiki/Q109051201#P577,2021-10-19,first public release,https://www.wikidata.org/wiki/Q109051201#P577,earliest_wikidata_release,,not_publicly_disclosed
2021-21-05,2021-21,2021,Best Sim / Strategy Game,game,Microsoft Flight Simulator,Microsoft Flight Simulator,https://en.wikipedia.org/wiki/Microsoft_Flight_Simulator_(2020_video_game),0,5,active,Microsoft Flight Simulator – Asobo Studio / Xbox Game Studios,https://en.wikipedia.org/wiki/The_Game_Awards_2021,Q69523972,2020-08-18,day,https://www.wikidata.org/wiki/Q69523972#P577,,,,earliest_wikidata_release,,not_publicly_disclosed
2021-22-01,2021-22,2021,Best Multiplayer Game,game,It Takes Two,It Takes Two,https://en.wikipedia.org/wiki/It_Takes_Two_(video_game),1,1,active,It Takes Two – Hazelight Studios / Electronic Arts,https://en.wikipedia.org/wiki/The_Game_Awards_2021,Q105038239,2021-03-26,day,https://www.wikidata.org/wiki/Q105038239#P577,2021-03-26,first public release,https://www.wikidata.org/wiki/Q105038239#P577,earliest_wikidata_release,,not_publicly_disclosed
2021-22-02,2021-22,2021,Best Multiplayer Game,game,Back 4 Blood,Back 4 Blood,https://en.wikipedia.org/wiki/Back_4_Blood,0,2,active,Back 4 Blood – Turtle Rock Studios / WB Games,https://en.wikipedia.org/wiki/The_Game_Awards_2021,Q104223925,2021-10-12,day,https://www.wikidata.org/wiki/Q104223925#P577,2021-10-12,first public release,https://www.wikidata.org/wiki/Q104223925#P577,earliest_wikidata_release,,not_publicly_disclosed
2021-22-03,2021-22,2021,Best Multiplayer Game,game,Knockout City,Knockout City,https://en.wikipedia.org/wiki/Knockout_City,0,3,active,Knockout City – Velan Studios / Electronic Arts,https://en.wikipedia.org/wiki/The_Game_Awards_2021,Q105687014,2021-05-21,day,https://www.wikidata.org/wiki/Q105687014#P577,2021-05-21,first public release,https://www.wikidata.org/wiki/Q105687014#P577,earliest_wikidata_release,,not_publicly_disclosed
2021-22-04,2021-22,2021,Best Multiplayer Game,game,Monster Hunter Rise,Monster Hunter Rise,https://en.wikipedia.org/wiki/Monster_Hunter_Rise,0,4,active,Monster Hunter Rise – Capcom,https://en.wikipedia.org/wiki/The_Game_Awards_2021,Q99441852,2021-03-26,day,https://www.wikidata.org/wiki/Q99441852#P577,2021-03-26,first public release,https://www.wikidata.org/wiki/Q99441852#P577,earliest_wikidata_release,,not_publicly_disclosed
2021-22-05,2021-22,2021,Best Multiplayer Game,game,New World,New World,https://en.wikipedia.org/wiki/New_World_(video_game),0,5,active,New World – Amazon Games,https://en.wikipedia.org/wiki/The_Game_Awards_2021,Q61643718,2021-09-28,day,https://www.wikidata.org/wiki/Q61643718#P577,2021-09-28,first public release,https://www.wikidata.org/wiki/Q61643718#P577,earliest_wikidata_release,,not_publicly_disclosed
2021-22-06,2021-22,2021,Best Multiplayer Game,game,Valheim,Valheim,https://en.wikipedia.org/wiki/Valheim,0,6,active,Valheim – Iron Gate Studio / Coffee Stain Studios,https://en.wikipedia.org/wiki/The_Game_Awards_2021,Q105100327,2021-02-02,day,https://www.wikidata.org/wiki/Q105100327#P577,2021-02-02,first public release,https://www.wikidata.org/wiki/Q105100327#P577,earliest_wikidata_release,,not_publicly_disclosed
2021-23-01,2021-23,2021,Best Debut Indie Game,game,Kena: Bridge of Spirits,Kena: Bridge of Spirits,https://en.wikipedia.org/wiki/Kena:_Bridge_of_Spirits,1,1,active,Kena: Bridge of Spirits – Ember Lab,https://en.wikipedia.org/wiki/The_Game_Awards_2021,Q96242717,2021-09-21,day,https://www.wikidata.org/wiki/Q96242717#P577,2021-09-21,first public release,https://www.wikidata.org/wiki/Q96242717#P577,earliest_wikidata_release,,not_publicly_disclosed
2021-23-02,2021-23,2021,Best Debut Indie Game,game,Sable,Sable,https://en.wikipedia.org/wiki/Sable_(video_game),0,2,active,Sable – Shedworks / Raw Fury,https://en.wikipedia.org/wiki/The_Game_Awards_2021,Q97657833,2021-09-23,day,https://www.wikidata.org/wiki/Q97657833#P577,2021-09-23,first public release,https://www.wikidata.org/wiki/Q97657833#P577,earliest_wikidata_release,,not_publicly_disclosed
2021-23-03,2021-23,2021,Best Debut Indie Game,game,The Artful Escape,The Artful Escape,https://en.wikipedia.org/wiki/The_Artful_Escape,0,3,active,The Artful Escape – Beethoven & Dinosaur / Annapurna Interactive,https://en.wikipedia.org/wiki/The_Game_Awards_2021,Q30645776,2021-09-09,day,https://www.wikidata.org/wiki/Q30645776#P577,2021-09-09,first public release,https://www.wikidata.org/wiki/Q30645776#P577,earliest_wikidata_release,,not_publicly_disclosed
2021-23-04,2021-23,2021,Best Debut Indie Game,game,The Forgotten City,The Forgotten City,https://en.wikipedia.org/wiki/The_Forgotten_City,0,4,active,The Forgotten City – Modern Storyteller / Dear Villager,https://en.wikipedia.org/wiki/The_Game_Awards_2021,Q108139991,2021-07-28,day,https://www.wikidata.org/wiki/Q108139991#P577,2021-07-28,first public release,https://www.wikidata.org/wiki/Q108139991#P577,earliest_wikidata_release,,not_publicly_disclosed
2021-23-05,2021-23,2021,Best Debut Indie Game,game,Valheim,Valheim,https://en.wikipedia.org/wiki/Valheim,0,5,active,Valheim – Iron Gate Studio / Coffee Stain Studios,https://en.wikipedia.org/wiki/The_Game_Awards_2021,Q105100327,2021-02-02,day,https://www.wikidata.org/wiki/Q105100327#P577,2021-02-02,first public release,https://www.wikidata.org/wiki/Q105100327#P577,earliest_wikidata_release,,not_publicly_disclosed
2021-24-01,2021-24,2021,Most Anticipated Game,unreleased_game,Elden Ring,Elden Ring,https://en.wikipedia.org/wiki/Elden_Ring,1,1,active,Elden Ring – FromSoftware / Bandai Namco,https://en.wikipedia.org/wiki/The_Game_Awards_2021,Q64826862,2022-02-25,day,https://www.wikidata.org/wiki/Q64826862#P577,,,,earliest_wikidata_release,,not_publicly_disclosed
2021-24-02,2021-24,2021,Most Anticipated Game,unreleased_game,God of War Ragnarök,God of War Ragnarök,https://en.wikipedia.org/wiki/God_of_War_Ragnar%C3%B6k,0,2,active,God of War Ragnarök – Santa Monica Studio / Sony Interactive Entertainment,https://en.wikipedia.org/wiki/The_Game_Awards_2021,Q99397916,2022-11-09,day,https://www.wikidata.org/wiki/Q99397916#P577,,,,earliest_wikidata_release,,not_publicly_disclosed
2021-24-03,2021-24,2021,Most Anticipated Game,unreleased_game,Horizon Forbidden West,Horizon Forbidden West,https://en.wikipedia.org/wiki/Horizon_Forbidden_West,0,3,active,Horizon Forbidden West – Guerrilla Games / Sony Interactive Entertainment,https://en.wikipedia.org/wiki/The_Game_Awards_2021,Q96216443,2022-02-18,day,https://www.wikidata.org/wiki/Q96216443#P577,,,,earliest_wikidata_release,,not_publicly_disclosed
2021-24-04,2021-24,2021,Most Anticipated Game,unreleased_game,The Legend of Zelda: Breath of the Wild sequel,The Legend of Zelda: Breath of the Wild,,0,4,active,The Legend of Zelda: Breath of the Wild sequel – Nintendo,https://en.wikipedia.org/wiki/The_Game_Awards_2021,,,,,,,,no_game_link,,not_publicly_disclosed
2021-24-05,2021-24,2021,Most Anticipated Game,unreleased_game,Starfield,Starfield,https://en.wikipedia.org/wiki/Starfield_(video_game),0,5,active,Starfield – Bethesda Game Studios / Bethesda Softworks,https://en.wikipedia.org/wiki/The_Game_Awards_2021,Q55286432,2023-09-01,day,https://www.wikidata.org/wiki/Q55286432#P577,,,,earliest_wikidata_release,,not_publicly_disclosed
2021-25-01,2021-25,2021,Players' Voice,game,Halo Infinite,Halo Infinite,https://en.wikipedia.org/wiki/Halo_Infinite,1,1,active,Halo Infinite – 343 Industries / Xbox Game Studios,https://en.wikipedia.org/wiki/The_Game_Awards_2021,Q54913666,2021-12-08,day,https://www.wikidata.org/wiki/Q54913666#P577,2021-12-08,first public release,https://www.wikidata.org/wiki/Q54913666#P577,earliest_wikidata_release,,not_publicly_disclosed
2021-25-02,2021-25,2021,Players' Voice,game,Forza Horizon 5,Forza Horizon 5,https://en.wikipedia.org/wiki/Forza_Horizon_5,0,2,active,Forza Horizon 5 – Playground Games / Xbox Game Studios,https://en.wikipedia.org/wiki/The_Game_Awards_2021,Q107214683,2021-11-09,day,https://www.wikidata.org/wiki/Q107214683#P577,2021-11-09,first public release,https://www.wikidata.org/wiki/Q107214683#P577,earliest_wikidata_release,,not_publicly_disclosed
2021-25-03,2021-25,2021,Players' Voice,game,It Takes Two,It Takes Two,https://en.wikipedia.org/wiki/It_Takes_Two_(video_game),0,3,active,It Takes Two – Hazelight Studios / Electronic Arts,https://en.wikipedia.org/wiki/The_Game_Awards_2021,Q105038239,2021-03-26,day,https://www.wikidata.org/wiki/Q105038239#P577,2021-03-26,first public release,https://www.wikidata.org/wiki/Q105038239#P577,earliest_wikidata_release,,not_publicly_disclosed
2021-25-04,2021-25,2021,Players' Voice,game,Metroid Dread,Metroid Dread,https://en.wikipedia.org/wiki/Metroid_Dread,0,4,active,Metroid Dread – MercurySteam / Nintendo,https://en.wikipedia.org/wiki/The_Game_Awards_2021,Q17006956,2021-10-08,day,https://www.wikidata.org/wiki/Q17006956#P577,2021-10-08,first public release,https://www.wikidata.org/wiki/Q17006956#P577,earliest_wikidata_release,,not_publicly_disclosed
2021-25-05,2021-25,2021,Players' Voice,game,Resident Evil Village,Resident Evil Village,https://en.wikipedia.org/wiki/Resident_Evil_Village,0,5,active,Resident Evil Village – Capcom,https://en.wikipedia.org/wiki/The_Game_Awards_2021,Q96216515,2021-05-07,day,https://www.wikidata.org/wiki/Q96216515#P577,2021-05-07,first public release,https://www.wikidata.org/wiki/Q96216515#P577,earliest_wikidata_release,,not_publicly_disclosed
2021-26-01,2021-26,2021,Best Esports Game,game,League of Legends,League of Legends,https://en.wikipedia.org/wiki/League_of_Legends,1,1,active,League of Legends – Riot Games,https://en.wikipedia.org/wiki/The_Game_Awards_2021,Q223341,2009-10-27,day,https://www.wikidata.org/wiki/Q223341#P577,,,,earliest_wikidata_release,,not_publicly_disclosed
2021-26-02,2021-26,2021,Best Esports Game,game,Call of Duty,Call of Duty,https://en.wikipedia.org/wiki/Call_of_Duty,0,2,active,Call of Duty – Activision,https://en.wikipedia.org/wiki/The_Game_Awards_2021,Q192156,,,,,,,no_release_claim,,not_publicly_disclosed
2021-26-03,2021-26,2021,Best Esports Game,game,Counter-Strike: Global Offensive,Counter-Strike: Global Offensive,https://en.wikipedia.org/wiki/Counter-Strike:_Global_Offensive,0,3,active,Counter-Strike: Global Offensive – Valve,https://en.wikipedia.org/wiki/The_Game_Awards_2021,Q842146,2012-08-21,day,https://www.wikidata.org/wiki/Q842146#P577,,,,earliest_wikidata_release,,not_publicly_disclosed
2021-26-04,2021-26,2021,Best Esports Game,game,Dota 2,Dota 2,https://en.wikipedia.org/wiki/Dota_2,0,4,active,Dota 2 – Valve,https://en.wikipedia.org/wiki/The_Game_Awards_2021,Q771541,2013-07-09,day,https://www.wikidata.org/wiki/Q771541#P577,,,,earliest_wikidata_release,,not_publicly_disclosed
2021-26-05,2021-26,2021,Best Esports Game,game,Valorant,Valorant,https://en.wikipedia.org/wiki/Valorant,0,5,active,Valorant – Riot Games,https://en.wikipedia.org/wiki/The_Game_Awards_2021,Q86919275,2020-06-02,day,https://www.wikidata.org/wiki/Q86919275#P577,,,,earliest_wikidata_release,,not_publicly_disclosed
2021-27-01,2021-27,2021,Best Esports Player,person,"Oleksandr ""s1mple"" Kostyliev",,,1,1,active,"Oleksandr ""s1mple"" Kostyliev",https://en.wikipedia.org/wiki/The_Game_Awards_2021,,,,,,,,no_associated_game,,not_publicly_disclosed
2021-27-02,2021-27,2021,Best Esports Player,person,"Chris ""Simp"" Lehr",,,0,2,active,"Chris ""Simp"" Lehr",https://en.wikipedia.org/wiki/The_Game_Awards_2021,,,,,,,,no_associated_game,,not_publicly_disclosed
2021-27-03,2021-27,2021,Best Esports Player,person,"Heo ""ShowMaker"" Su",,,0,3,active,"Heo ""ShowMaker"" Su",https://en.wikipedia.org/wiki/The_Game_Awards_2021,,,,,,,,no_associated_game,,not_publicly_disclosed
2021-27-04,2021-27,2021,Best Esports Player,person,"Magomed ""Collapse"" Khalilov",,,0,4,active,"Magomed ""Collapse"" Khalilov",https://en.wikipedia.org/wiki/The_Game_Awards_2021,,,,,,,,no_associated_game,,not_publicly_disclosed
2021-27-05,2021-27,2021,Best Esports Player,person,"Tyson ""TenZ"" Ngo",,,0,5,active,"Tyson ""TenZ"" Ngo",https://en.wikipedia.org/wiki/The_Game_Awards_2021,,,,,,,,no_associated_game,,not_publicly_disclosed
2021-28-01,2021-28,2021,Best Esports Team,other,Natus Vincere ( Counter Strike: Global Offensive ),,,1,1,active,Natus Vincere ( Counter Strike: Global Offensive ),https://en.wikipedia.org/wiki/The_Game_Awards_2021,,,,,,,,no_associated_game,,not_publicly_disclosed
2021-28-02,2021-28,2021,Best Esports Team,other,DAMWON KIA ( League of Legends ),,,0,2,active,DAMWON KIA ( League of Legends ),https://en.wikipedia.org/wiki/The_Game_Awards_2021,,,,,,,,no_associated_game,,not_publicly_disclosed
2021-28-03,2021-28,2021,Best Esports Team,other,Atlanta FaZe ( Call of Duty ),,,0,3,active,Atlanta FaZe ( Call of Duty ),https://en.wikipedia.org/wiki/The_Game_Awards_2021,,,,,,,,no_associated_game,,not_publicly_disclosed
2021-28-04,2021-28,2021,Best Esports Team,other,Sentinels ( Valorant ),,,0,4,active,Sentinels ( Valorant ),https://en.wikipedia.org/wiki/The_Game_Awards_2021,,,,,,,,no_associated_game,,not_publicly_disclosed
2021-28-05,2021-28,2021,Best Esports Team,other,Team Spirit ( Dota 2 ),,,0,5,active,Team Spirit ( Dota 2 ),https://en.wikipedia.org/wiki/The_Game_Awards_2021,,,,,,,,no_associated_game,,not_publicly_disclosed
2021-29-01,2021-29,2021,Best Esports Coach,person,"Kim ""kkOma"" Jeong-gyun",,,1,1,active,"Kim ""kkOma"" Jeong-gyun",https://en.wikipedia.org/wiki/The_Game_Awards_2021,,,,,,,,no_associated_game,,not_publicly_disclosed
2021-29-02,2021-29,2021,Best Esports Coach,person,"Airat ""Silent"" Gaziev",,,0,2,active,"Airat ""Silent"" Gaziev",https://en.wikipedia.org/wiki/The_Game_Awards_2021,,,,,,,,no_associated_game,,not_publicly_disclosed
2021-29-03,2021-29,2021,Best Esports Coach,person,"Andrey ""Engh"" Sholokhov",,,0,3,active,"Andrey ""Engh"" Sholokhov",https://en.wikipedia.org/wiki/The_Game_Awards_2021,,,,,,,,no_associated_game,,not_publicly_disclosed
2021-29-04,2021-29,2021,Best Esports Coach,person,"Andrei ""B1ad3"" Horodenskyi",,,0,4,active,"Andrei ""B1ad3"" Horodenskyi",https://en.wikipedia.org/wiki/The_Game_Awards_2021,,,,,,,,no_associated_game,,not_publicly_disclosed
2021-29-05,2021-29,2021,Best Esports Coach,person,"James ""Crowder"" Crowder",,,0,5,active,"James ""Crowder"" Crowder",https://en.wikipedia.org/wiki/The_Game_Awards_2021,,,,,,,,no_associated_game,,not_publicly_disclosed
2021-30-01,2021-30,2021,Best Esports Event,other,2021 League of Legends World Championship,,,1,1,active,2021 League of Legends World Championship,https://en.wikipedia.org/wiki/The_Game_Awards_2021,,,,,,,,no_associated_game,,not_publicly_disclosed
2021-30-02,2021-30,2021,Best Esports Event,other,The International 10,,,0,2,active,The International 10,https://en.wikipedia.org/wiki/The_Game_Awards_2021,,,,,,,,no_associated_game,,not_publicly_disclosed
2021-30-03,2021-30,2021,Best Esports Event,other,PGL Major Stockholm 2021,,,0,3,active,PGL Major Stockholm 2021,https://en.wikipedia.org/wiki/The_Game_Awards_2021,,,,,,,,no_associated_game,,not_publicly_disclosed
2021-30-04,2021-30,2021,Best Esports Event,other,PUBG Mobile Global Championship 2020,,,0,4,active,PUBG Mobile Global Championship 2020,https://en.wikipedia.org/wiki/The_Game_Awards_2021,,,,,,,,no_associated_game,,not_publicly_disclosed
2021-30-05,2021-30,2021,Best Esports Event,other,2021 Valorant Champions Tour : Stage 2 Masters,,,0,5,active,2021 Valorant Champions Tour : Stage 2 Masters,https://en.wikipedia.org/wiki/The_Game_Awards_2021,,,,,,,,no_associated_game,,not_publicly_disclosed
2021-31-01,2021-31,2021,Content Creator of the Year,person,Dream,,,1,1,active,Dream,https://en.wikipedia.org/wiki/The_Game_Awards_2021,,,,,,,,no_associated_game,,not_publicly_disclosed
2021-31-02,2021-31,2021,Content Creator of the Year,person,"Leslie ""Fuslie"" Fu",,,0,2,active,"Leslie ""Fuslie"" Fu",https://en.wikipedia.org/wiki/The_Game_Awards_2021,,,,,,,,no_associated_game,,not_publicly_disclosed
2021-31-03,2021-31,2021,Content Creator of the Year,person,"Alexandre ""Gaules"" Borba",,,0,3,active,"Alexandre ""Gaules"" Borba",https://en.wikipedia.org/wiki/The_Game_Awards_2021,,,,,,,,no_associated_game,,not_publicly_disclosed
2021-31-04,2021-31,2021,Content Creator of the Year,person,Ibai Llanos,,,0,4,active,Ibai Llanos,https://en.wikipedia.org/wiki/The_Game_Awards_2021,,,,,,,,no_associated_game,,not_publicly_disclosed
2021-31-05,2021-31,2021,Content Creator of the Year,person,"David ""TheGrefg"" Cánovas",,,0,5,active,"David ""TheGrefg"" Cánovas",https://en.wikipedia.org/wiki/The_Game_Awards_2021,,,,,,,,no_associated_game,,not_publicly_disclosed
2021-32-01,2021-32,2021,Global Gaming Citizens,other,The Drag Stream Community,,,1,1,active,The Drag Stream Community,https://en.wikipedia.org/wiki/The_Game_Awards_2021,,,,,,,,no_associated_game,,not_publicly_disclosed
2021-32-02,2021-32,2021,Global Gaming Citizens,other,Deere,,,0,2,active,Deere,https://en.wikipedia.org/wiki/The_Game_Awards_2021,,,,,,,,no_associated_game,,not_publicly_disclosed
2021-32-03,2021-32,2021,Global Gaming Citizens,other,Samira Close,,,0,3,active,Samira Close,https://en.wikipedia.org/wiki/The_Game_Awards_2021,,,,,,,,no_associated_game,,not_publicly_disclosed
2022-01-01,2022-01,2022,Game of the Year,game,Elden Ring,Elden Ring,https://en.wikipedia.org/wiki/Elden_Ring,1,1,active,Elden Ring – FromSoftware / Bandai Namco Entertainment,https://en.wikipedia.org/wiki/The_Game_Awards_2022,Q64826862,2022-02-25,day,https://www.wikidata.org/wiki/Q64826862#P577,2022-02-25,first public release,https://www.wikidata.org/wiki/Q64826862#P577,earliest_wikidata_release,,not_publicly_disclosed
2022-01-02,2022-01,2022,Game of the Year,game,A Plague Tale: Requiem,A Plague Tale: Requiem,https://en.wikipedia.org/wiki/A_Plague_Tale:_Requiem,0,2,active,A Plague Tale: Requiem – Asobo Studio / Focus Entertainment,https://en.wikipedia.org/wiki/The_Game_Awards_2022,Q107214641,2022-10-18,day,https://www.wikidata.org/wiki/Q107214641#P577,2022-10-18,first public release,https://www.wikidata.org/wiki/Q107214641#P577,earliest_wikidata_release,,not_publicly_disclosed
2022-01-03,2022-01,2022,Game of the Year,game,God of War Ragnarök,God of War Ragnarök,https://en.wikipedia.org/wiki/God_of_War_Ragnar%C3%B6k,0,3,active,God of War Ragnarök – Santa Monica Studio / Sony Interactive Entertainment,https://en.wikipedia.org/wiki/The_Game_Awards_2022,Q99397916,2022-11-09,day,https://www.wikidata.org/wiki/Q99397916#P577,2022-11-09,first public release,https://www.wikidata.org/wiki/Q99397916#P577,earliest_wikidata_release,,not_publicly_disclosed
2022-01-04,2022-01,2022,Game of the Year,game,Horizon Forbidden West,Horizon Forbidden West,https://en.wikipedia.org/wiki/Horizon_Forbidden_West,0,4,active,Horizon Forbidden West – Guerrilla Games / Sony Interactive Entertainment,https://en.wikipedia.org/wiki/The_Game_Awards_2022,Q96216443,2022-02-18,day,https://www.wikidata.org/wiki/Q96216443#P577,2022-02-18,first public release,https://www.wikidata.org/wiki/Q96216443#P577,earliest_wikidata_release,,not_publicly_disclosed
2022-01-05,2022-01,2022,Game of the Year,game,Stray,Stray,https://en.wikipedia.org/wiki/Stray_(video_game),0,5,active,Stray – BlueTwelve Studio / Annapurna Interactive,https://en.wikipedia.org/wiki/The_Game_Awards_2022,Q96247255,2022-07-19,day,https://www.wikidata.org/wiki/Q96247255#P577,2022-07-19,first public release,https://www.wikidata.org/wiki/Q96247255#P577,earliest_wikidata_release,,not_publicly_disclosed
2022-01-06,2022-01,2022,Game of the Year,game,Xenoblade Chronicles 3,Xenoblade Chronicles 3,https://en.wikipedia.org/wiki/Xenoblade_Chronicles_3,0,6,active,Xenoblade Chronicles 3 – Monolith Soft / Nintendo,https://en.wikipedia.org/wiki/The_Game_Awards_2022,Q110875814,2022-07-29,day,https://www.wikidata.org/wiki/Q110875814#P577,2022-07-29,first public release,https://www.wikidata.org/wiki/Q110875814#P577,earliest_wikidata_release,,not_publicly_disclosed
2022-02-01,2022-02,2022,Best Game Direction,game,Elden Ring,Elden Ring,https://en.wikipedia.org/wiki/Elden_Ring,1,1,active,Elden Ring – FromSoftware / Bandai Namco Entertainment,https://en.wikipedia.org/wiki/The_Game_Awards_2022,Q64826862,2022-02-25,day,https://www.wikidata.org/wiki/Q64826862#P577,2022-02-25,first public release,https://www.wikidata.org/wiki/Q64826862#P577,earliest_wikidata_release,,not_publicly_disclosed
2022-02-02,2022-02,2022,Best Game Direction,game,God of War Ragnarök,God of War Ragnarök,https://en.wikipedia.org/wiki/God_of_War_Ragnar%C3%B6k,0,2,active,God of War Ragnarök – Santa Monica Studio / Sony Interactive Entertainment,https://en.wikipedia.org/wiki/The_Game_Awards_2022,Q99397916,2022-11-09,day,https://www.wikidata.org/wiki/Q99397916#P577,2022-11-09,first public release,https://www.wikidata.org/wiki/Q99397916#P577,earliest_wikidata_release,,not_publicly_disclosed
2022-02-03,2022-02,2022,Best Game Direction,game,Horizon Forbidden West,Horizon Forbidden West,https://en.wikipedia.org/wiki/Horizon_Forbidden_West,0,3,active,Horizon Forbidden West – Guerrilla Games / Sony Interactive Entertainment,https://en.wikipedia.org/wiki/The_Game_Awards_2022,Q96216443,2022-02-18,day,https://www.wikidata.org/wiki/Q96216443#P577,2022-02-18,first public release,https://www.wikidata.org/wiki/Q96216443#P577,earliest_wikidata_release,,not_publicly_disclosed
2022-02-04,2022-02,2022,Best Game Direction,game,Immortality,Immortality,https://en.wikipedia.org/wiki/Immortality_(video_game),0,4,active,Immortality – Sam Barlow / Half Mermaid Productions,https://en.wikipedia.org/wiki/The_Game_Awards_2022,Q107225273,2022-08-30,day,https://www.wikidata.org/wiki/Q107225273#P577,2022-08-30,first public release,https://www.wikidata.org/wiki/Q107225273#P577,earliest_wikidata_release,,not_publicly_disclosed
2022-02-05,2022-02,2022,Best Game Direction,game,Stray,Stray,https://en.wikipedia.org/wiki/Stray_(video_game),0,5,active,Stray – BlueTwelve Studio / Annapurna Interactive,https://en.wikipedia.org/wiki/The_Game_Awards_2022,Q96247255,2022-07-19,day,https://www.wikidata.org/wiki/Q96247255#P577,2022-07-19,first public release,https://www.wikidata.org/wiki/Q96247255#P577,earliest_wikidata_release,,not_publicly_disclosed
2022-03-01,2022-03,2022,Best Narrative,game,God of War Ragnarök,God of War Ragnarök,https://en.wikipedia.org/wiki/God_of_War_Ragnar%C3%B6k,1,1,active,God of War Ragnarök – Santa Monica Studio / Sony Interactive Entertainment,https://en.wikipedia.org/wiki/The_Game_Awards_2022,Q99397916,2022-11-09,day,https://www.wikidata.org/wiki/Q99397916#P577,2022-11-09,first public release,https://www.wikidata.org/wiki/Q99397916#P577,earliest_wikidata_release,,not_publicly_disclosed
2022-03-02,2022-03,2022,Best Narrative,game,A Plague Tale: Requiem,A Plague Tale: Requiem,https://en.wikipedia.org/wiki/A_Plague_Tale:_Requiem,0,2,active,A Plague Tale: Requiem – Asobo Studio / Focus Entertainment,https://en.wikipedia.org/wiki/The_Game_Awards_2022,Q107214641,2022-10-18,day,https://www.wikidata.org/wiki/Q107214641#P577,2022-10-18,first public release,https://www.wikidata.org/wiki/Q107214641#P577,earliest_wikidata_release,,not_publicly_disclosed
2022-03-03,2022-03,2022,Best Narrative,game,Elden Ring,Elden Ring,https://en.wikipedia.org/wiki/Elden_Ring,0,3,active,Elden Ring – FromSoftware / Bandai Namco Entertainment,https://en.wikipedia.org/wiki/The_Game_Awards_2022,Q64826862,2022-02-25,day,https://www.wikidata.org/wiki/Q64826862#P577,2022-02-25,first public release,https://www.wikidata.org/wiki/Q64826862#P577,earliest_wikidata_release,,not_publicly_disclosed
2022-03-04,2022-03,2022,Best Narrative,game,Horizon Forbidden West,Horizon Forbidden West,https://en.wikipedia.org/wiki/Horizon_Forbidden_West,0,4,active,Horizon Forbidden West – Guerrilla Games / Sony Interactive Entertainment,https://en.wikipedia.org/wiki/The_Game_Awards_2022,Q96216443,2022-02-18,day,https://www.wikidata.org/wiki/Q96216443#P577,2022-02-18,first public release,https://www.wikidata.org/wiki/Q96216443#P577,earliest_wikidata_release,,not_publicly_disclosed
2022-03-05,2022-03,2022,Best Narrative,game,Immortality,Immortality,https://en.wikipedia.org/wiki/Immortality_(video_game),0,5,active,Immortality – Sam Barlow / Half Mermaid Productions,https://en.wikipedia.org/wiki/The_Game_Awards_2022,Q107225273,2022-08-30,day,https://www.wikidata.org/wiki/Q107225273#P577,2022-08-30,first public release,https://www.wikidata.org/wiki/Q107225273#P577,earliest_wikidata_release,,not_publicly_disclosed
2022-04-01,2022-04,2022,Best Art Direction,game,Elden Ring,Elden Ring,https://en.wikipedia.org/wiki/Elden_Ring,1,1,active,Elden Ring – FromSoftware / Bandai Namco Entertainment,https://en.wikipedia.org/wiki/The_Game_Awards_2022,Q64826862,2022-02-25,day,https://www.wikidata.org/wiki/Q64826862#P577,2022-02-25,first public release,https://www.wikidata.org/wiki/Q64826862#P577,earliest_wikidata_release,,not_publicly_disclosed
2022-04-02,2022-04,2022,Best Art Direction,game,God of War Ragnarök,God of War Ragnarök,https://en.wikipedia.org/wiki/God_of_War_Ragnar%C3%B6k,0,2,active,God of War Ragnarök – Santa Monica Studio / Sony Interactive Entertainment,https://en.wikipedia.org/wiki/The_Game_Awards_2022,Q99397916,2022-11-09,day,https://www.wikidata.org/wiki/Q99397916#P577,2022-11-09,first public release,https://www.wikidata.org/wiki/Q99397916#P577,earliest_wikidata_release,,not_publicly_disclosed
2022-04-03,2022-04,2022,Best Art Direction,game,Horizon Forbidden West,Horizon Forbidden West,https://en.wikipedia.org/wiki/Horizon_Forbidden_West,0,3,active,Horizon Forbidden West – Guerrilla Games / Sony Interactive Entertainment,https://en.wikipedia.org/wiki/The_Game_Awards_2022,Q96216443,2022-02-18,day,https://www.wikidata.org/wiki/Q96216443#P577,2022-02-18,first public release,https://www.wikidata.org/wiki/Q96216443#P577,earliest_wikidata_release,,not_publicly_disclosed
2022-04-04,2022-04,2022,Best Art Direction,game,Scorn,Scorn,https://en.wikipedia.org/wiki/Scorn_(video_game),0,4,active,Scorn – Ebb Software / Kepler Interactive,https://en.wikipedia.org/wiki/The_Game_Awards_2022,Q48988603,2022-10-14,day,https://www.wikidata.org/wiki/Q48988603#P577,2022-10-14,first public release,https://www.wikidata.org/wiki/Q48988603#P577,earliest_wikidata_release,,not_publicly_disclosed
2022-04-05,2022-04,2022,Best Art Direction,game,Stray,Stray,https://en.wikipedia.org/wiki/Stray_(video_game),0,5,active,Stray – BlueTwelve Studio / Annapurna Interactive,https://en.wikipedia.org/wiki/The_Game_Awards_2022,Q96247255,2022-07-19,day,https://www.wikidata.org/wiki/Q96247255#P577,2022-07-19,first public release,https://www.wikidata.org/wiki/Q96247255#P577,earliest_wikidata_release,,not_publicly_disclosed
2022-05-01,2022-05,2022,Best Score and Music,game,God of War Ragnarök,God of War Ragnarök,https://en.wikipedia.org/wiki/God_of_War_Ragnar%C3%B6k,1,1,active,God of War Ragnarök – Bear McCreary,https://en.wikipedia.org/wiki/The_Game_Awards_2022,Q99397916,2022-11-09,day,https://www.wikidata.org/wiki/Q99397916#P577,2022-11-09,first public release,https://www.wikidata.org/wiki/Q99397916#P577,earliest_wikidata_release,,not_publicly_disclosed
2022-05-02,2022-05,2022,Best Score and Music,game,A Plague Tale: Requiem,A Plague Tale: Requiem,https://en.wikipedia.org/wiki/A_Plague_Tale:_Requiem,0,2,active,A Plague Tale: Requiem – Olivier Deriviere,https://en.wikipedia.org/wiki/The_Game_Awards_2022,Q107214641,2022-10-18,day,https://www.wikidata.org/wiki/Q107214641#P577,2022-10-18,first public release,https://www.wikidata.org/wiki/Q107214641#P577,earliest_wikidata_release,,not_publicly_disclosed
2022-05-03,2022-05,2022,Best Score and Music,game,Elden Ring,Elden Ring,https://en.wikipedia.org/wiki/Elden_Ring,0,3,active,Elden Ring – Tsukasa Saitoh,https://en.wikipedia.org/wiki/The_Game_Awards_2022,Q64826862,2022-02-25,day,https://www.wikidata.org/wiki/Q64826862#P577,2022-02-25,first public release,https://www.wikidata.org/wiki/Q64826862#P577,earliest_wikidata_release,,not_publicly_disclosed
2022-05-04,2022-05,2022,Best Score and Music,game,Metal: Hellsinger,Metal: Hellsinger,https://en.wikipedia.org/wiki/Metal:_Hellsinger,0,4,active,Metal: Hellsinger – Two Feathers,https://en.wikipedia.org/wiki/The_Game_Awards_2022,Q96252758,2022-09-15,day,https://www.wikidata.org/wiki/Q96252758#P577,2022-09-15,first public release,https://www.wikidata.org/wiki/Q96252758#P577,earliest_wikidata_release,,not_publicly_disclosed
2022-05-05,2022-05,2022,Best Score and Music,game,Xenoblade Chronicles 3,Xenoblade Chronicles 3,https://en.wikipedia.org/wiki/Xenoblade_Chronicles_3,0,5,active,Xenoblade Chronicles 3 – Yasunori Mitsuda,https://en.wikipedia.org/wiki/The_Game_Awards_2022,Q110875814,2022-07-29,day,https://www.wikidata.org/wiki/Q110875814#P577,2022-07-29,first public release,https://www.wikidata.org/wiki/Q110875814#P577,earliest_wikidata_release,,not_publicly_disclosed
2022-06-01,2022-06,2022,Best Audio Design,game,God of War Ragnarök,God of War Ragnarök,https://en.wikipedia.org/wiki/God_of_War_Ragnar%C3%B6k,1,1,active,God of War Ragnarök – Santa Monica Studio / Sony Interactive Entertainment,https://en.wikipedia.org/wiki/The_Game_Awards_2022,Q99397916,2022-11-09,day,https://www.wikidata.org/wiki/Q99397916#P577,2022-11-09,first public release,https://www.wikidata.org/wiki/Q99397916#P577,earliest_wikidata_release,,not_publicly_disclosed
2022-06-02,2022-06,2022,Best Audio Design,game,Call of Duty: Modern Warfare II,Call of Duty: Modern Warfare II,https://en.wikipedia.org/wiki/Call_of_Duty:_Modern_Warfare_II,0,2,active,Call of Duty: Modern Warfare II – Infinity Ward / Activision,https://en.wikipedia.org/wiki/The_Game_Awards_2022,Q110206584,2022-10-27,day,https://www.wikidata.org/wiki/Q110206584#P577,2022-10-27,first public release,https://www.wikidata.org/wiki/Q110206584#P577,earliest_wikidata_release,,not_publicly_disclosed
2022-06-03,2022-06,2022,Best Audio Design,game,Elden Ring,Elden Ring,https://en.wikipedia.org/wiki/Elden_Ring,0,3,active,Elden Ring – FromSoftware / Bandai Namco Entertainment,https://en.wikipedia.org/wiki/The_Game_Awards_2022,Q64826862,2022-02-25,day,https://www.wikidata.org/wiki/Q64826862#P577,2022-02-25,first public release,https://www.wikidata.org/wiki/Q64826862#P577,earliest_wikidata_release,,not_publicly_disclosed
2022-06-04,2022-06,2022,Best Audio Design,game,Gran Turismo 7,Gran Turismo 7,https://en.wikipedia.org/wiki/Gran_Turismo_7,0,4,active,Gran Turismo 7 – Polyphony Digital / Sony Interactive Entertainment,https://en.wikipedia.org/wiki/The_Game_Awards_2022,Q18345763,2022-03-04,day,https://www.wikidata.org/wiki/Q18345763#P577,2022-03-04,first public release,https://www.wikidata.org/wiki/Q18345763#P577,earliest_wikidata_release,,not_publicly_disclosed
2022-06-05,2022-06,2022,Best Audio Design,game,Horizon Forbidden West,Horizon Forbidden West,https://en.wikipedia.org/wiki/Horizon_Forbidden_West,0,5,active,Horizon Forbidden West – Guerrilla Games / Sony Interactive Entertainment,https://en.wikipedia.org/wiki/The_Game_Awards_2022,Q96216443,2022-02-18,day,https://www.wikidata.org/wiki/Q96216443#P577,2022-02-18,first public release,https://www.wikidata.org/wiki/Q96216443#P577,earliest_wikidata_release,,not_publicly_disclosed
2022-07-01,2022-07,2022,Best Performance,performance,Christopher Judge as Kratos,God of War Ragnarök,https://en.wikipedia.org/wiki/God_of_War_Ragnar%C3%B6k,1,1,active,Christopher Judge as Kratos – God of War Ragnarök,https://en.wikipedia.org/wiki/The_Game_Awards_2022,Q99397916,2022-11-09,day,https://www.wikidata.org/wiki/Q99397916#P577,2022-11-09,first public release,https://www.wikidata.org/wiki/Q99397916#P577,earliest_wikidata_release,,not_publicly_disclosed
2022-07-02,2022-07,2022,Best Performance,performance,Ashly Burch as Aloy,Horizon Forbidden West,https://en.wikipedia.org/wiki/Horizon_Forbidden_West,0,2,active,Ashly Burch as Aloy – Horizon Forbidden West,https://en.wikipedia.org/wiki/The_Game_Awards_2022,Q96216443,2022-02-18,day,https://www.wikidata.org/wiki/Q96216443#P577,2022-02-18,first public release,https://www.wikidata.org/wiki/Q96216443#P577,earliest_wikidata_release,,not_publicly_disclosed
2022-07-03,2022-07,2022,Best Performance,performance,Manon Gage as Marissa Marcel,Immortality,https://en.wikipedia.org/wiki/Immortality_(video_game),0,3,active,Manon Gage as Marissa Marcel – Immortality,https://en.wikipedia.org/wiki/The_Game_Awards_2022,Q107225273,2022-08-30,day,https://www.wikidata.org/wiki/Q107225273#P577,2022-08-30,first public release,https://www.wikidata.org/wiki/Q107225273#P577,earliest_wikidata_release,,not_publicly_disclosed
2022-07-04,2022-07,2022,Best Performance,performance,Charlotte McBurney as Amicia de Rune,A Plague Tale: Requiem,https://en.wikipedia.org/wiki/A_Plague_Tale:_Requiem,0,4,active,Charlotte McBurney as Amicia de Rune – A Plague Tale: Requiem,https://en.wikipedia.org/wiki/The_Game_Awards_2022,Q107214641,2022-10-18,day,https://www.wikidata.org/wiki/Q107214641#P577,2022-10-18,first public release,https://www.wikidata.org/wiki/Q107214641#P577,earliest_wikidata_release,,not_publicly_disclosed
2022-07-05,2022-07,2022,Best Performance,performance,Sunny Suljic as Atreus,God of War Ragnarök,,0,5,active,Sunny Suljic as Atreus – God of War Ragnarök,https://en.wikipedia.org/wiki/The_Game_Awards_2022,,,,,,,,no_game_link,,not_publicly_disclosed
2022-08-01,2022-08,2022,Games for Impact,game,As Dusk Falls,As Dusk Falls,https://en.wikipedia.org/wiki/As_Dusk_Falls,1,1,active,As Dusk Falls – Interior Night / Xbox Game Studios,https://en.wikipedia.org/wiki/The_Game_Awards_2022,Q112618572,2022-07-19,day,https://www.wikidata.org/wiki/Q112618572#P577,2022-07-19,first public release,https://www.wikidata.org/wiki/Q112618572#P577,earliest_wikidata_release,,not_publicly_disclosed
2022-08-02,2022-08,2022,Games for Impact,game,A Memoir Blue,A Memoir Blue,https://en.wikipedia.org/wiki/A_Memoir_Blue,0,2,active,A Memoir Blue – Cloisters Interactive / Annapurna Interactive,https://en.wikipedia.org/wiki/The_Game_Awards_2022,Q111458005,2022-03-24,day,https://www.wikidata.org/wiki/Q111458005#P577,2022-03-24,first public release,https://www.wikidata.org/wiki/Q111458005#P577,earliest_wikidata_release,,not_publicly_disclosed
2022-08-03,2022-08,2022,Games for Impact,game,Citizen Sleeper,Citizen Sleeper,https://en.wikipedia.org/wiki/Citizen_Sleeper,0,3,active,Citizen Sleeper – Jump Over the Age / Fellow Traveller,https://en.wikipedia.org/wiki/The_Game_Awards_2022,Q111926668,2022-05-05,day,https://www.wikidata.org/wiki/Q111926668#P577,2022-05-05,first public release,https://www.wikidata.org/wiki/Q111926668#P577,earliest_wikidata_release,,not_publicly_disclosed
2022-08-04,2022-08,2022,Games for Impact,game,Endling: Extinction is Forever,Endling: Extinction is Forever,https://en.wikipedia.org/wiki/Endling:_Extinction_is_Forever,0,4,active,Endling: Extinction is Forever – Herobeat Studios / HandyGames,https://en.wikipedia.org/wiki/The_Game_Awards_2022,Q113098534,2022-07-19,day,https://www.wikidata.org/wiki/Q113098534#P577,2022-07-19,first public release,https://www.wikidata.org/wiki/Q113098534#P577,earliest_wikidata_release,,not_publicly_disclosed
2022-08-05,2022-08,2022,Games for Impact,game,Hindsight,Hindsight,https://en.wikipedia.org/wiki/Hindsight_(video_game),0,5,active,Hindsight – Joel McDonald / Annapurna Interactive,https://en.wikipedia.org/wiki/The_Game_Awards_2022,Q106513288,2022-08-04,day,https://www.wikidata.org/wiki/Q106513288#P577,2022-08-04,first public release,https://www.wikidata.org/wiki/Q106513288#P577,earliest_wikidata_release,,not_publicly_disclosed
2022-08-06,2022-08,2022,Games for Impact,game,I Was a Teenage Exocolonist,I Was a Teenage Exocolonist,https://en.wikipedia.org/wiki/I_Was_a_Teenage_Exocolonist,0,6,active,I Was a Teenage Exocolonist – Northway Games / Finji,https://en.wikipedia.org/wiki/The_Game_Awards_2022,Q113622732,2022-08-25,day,https://www.wikidata.org/wiki/Q113622732#P577,2022-08-25,first public release,https://www.wikidata.org/wiki/Q113622732#P577,earliest_wikidata_release,,not_publicly_disclosed
2022-09-01,2022-09,2022,Best Ongoing Game,game,Final Fantasy XIV,Final Fantasy XIV,https://en.wikipedia.org/wiki/Final_Fantasy_XIV,1,1,active,Final Fantasy XIV – Square Enix,https://en.wikipedia.org/wiki/The_Game_Awards_2022,Q5449393,2013-08-27,day,https://www.wikidata.org/wiki/Q5449393#P577,,,,earliest_wikidata_release,,not_publicly_disclosed
2022-09-02,2022-09,2022,Best Ongoing Game,game,Apex Legends,Apex Legends,https://en.wikipedia.org/wiki/Apex_Legends,0,2,active,Apex Legends – Respawn Entertainment / Electronic Arts,https://en.wikipedia.org/wiki/The_Game_Awards_2022,Q61478103,2019-02-04,day,https://www.wikidata.org/wiki/Q61478103#P577,,,,earliest_wikidata_release,,not_publicly_disclosed
2022-09-03,2022-09,2022,Best Ongoing Game,game,Destiny 2: The Witch Queen,Destiny 2: The Witch Queen,https://en.wikipedia.org/wiki/Destiny_2:_The_Witch_Queen,0,3,active,Destiny 2: The Witch Queen – Bungie,https://en.wikipedia.org/wiki/The_Game_Awards_2022,Q108532561,2022-02-22,day,https://www.wikidata.org/wiki/Q108532561#P577,2022-02-22,first public release,https://www.wikidata.org/wiki/Q108532561#P577,earliest_wikidata_release,,not_publicly_disclosed
2022-09-04,2022-09,2022,Best Ongoing Game,game,Fortnite,Fortnite,https://en.wikipedia.org/wiki/Fortnite,0,4,active,Fortnite – Epic Games,https://en.wikipedia.org/wiki/The_Game_Awards_2022,Q349375,2017-07-25,day,https://www.wikidata.org/wiki/Q349375#P577,,,,earliest_wikidata_release,,not_publicly_disclosed
2022-09-05,2022-09,2022,Best Ongoing Game,game,Genshin Impact,Genshin Impact,https://en.wikipedia.org/wiki/Genshin_Impact,0,5,active,Genshin Impact – miHoYo,https://en.wikipedia.org/wiki/The_Game_Awards_2022,Q65059474,2020-09-28,day,https://www.wikidata.org/wiki/Q65059474#P577,,,,earliest_wikidata_release,,not_publicly_disclosed
2022-10-01,2022-10,2022,Best Independent Game,game,Stray,Stray,https://en.wikipedia.org/wiki/Stray_(video_game),1,1,active,Stray – BlueTwelve Studio / Annapurna Interactive,https://en.wikipedia.org/wiki/The_Game_Awards_2022,Q96247255,2022-07-19,day,https://www.wikidata.org/wiki/Q96247255#P577,2022-07-19,first public release,https://www.wikidata.org/wiki/Q96247255#P577,earliest_wikidata_release,,not_publicly_disclosed
2022-10-02,2022-10,2022,Best Independent Game,game,Cult of the Lamb,Cult of the Lamb,https://en.wikipedia.org/wiki/Cult_of_the_Lamb,0,2,active,Cult of the Lamb – Massive Monster / Devolver Digital,https://en.wikipedia.org/wiki/The_Game_Awards_2022,Q108273566,2022-08-11,day,https://www.wikidata.org/wiki/Q108273566#P577,2022-08-11,first public release,https://www.wikidata.org/wiki/Q108273566#P577,earliest_wikidata_release,,not_publicly_disclosed
2022-10-03,2022-10,2022,Best Independent Game,game,Neon White,Neon White,https://en.wikipedia.org/wiki/Neon_White,0,3,active,Neon White – Angel Matrix / Annapurna Interactive,https://en.wikipedia.org/wiki/The_Game_Awards_2022,Q105552404,2022-06-16,day,https://www.wikidata.org/wiki/Q105552404#P577,2022-06-16,first public release,https://www.wikidata.org/wiki/Q105552404#P577,earliest_wikidata_release,,not_publicly_disclosed
2022-10-04,2022-10,2022,Best Independent Game,game,Sifu,Sifu,https://en.wikipedia.org/wiki/Sifu_(video_game),0,4,active,Sifu – Sloclap,https://en.wikipedia.org/wiki/The_Game_Awards_2022,Q108650420,2022-02-06,day,https://www.wikidata.org/wiki/Q108650420#P577,2022-02-06,first public release,https://www.wikidata.org/wiki/Q108650420#P577,earliest_wikidata_release,,not_publicly_disclosed
2022-10-05,2022-10,2022,Best Independent Game,game,Tunic,Tunic,https://en.wikipedia.org/wiki/Tunic_(video_game),0,5,active,Tunic – Andrew Shouldice / Finji,https://en.wikipedia.org/wiki/The_Game_Awards_2022,Q55636303,2022-03-16,day,https://www.wikidata.org/wiki/Q55636303#P577,2022-03-16,first public release,https://www.wikidata.org/wiki/Q55636303#P577,earliest_wikidata_release,,not_publicly_disclosed
2022-11-01,2022-11,2022,Best Mobile Game,game,Marvel Snap,Marvel Snap,https://en.wikipedia.org/wiki/Marvel_Snap,1,1,active,Marvel Snap – Second Dinner / Nuverse,https://en.wikipedia.org/wiki/The_Game_Awards_2022,Q112075374,2022-10-18,day,https://www.wikidata.org/wiki/Q112075374#P577,2022-10-18,first public release,https://www.wikidata.org/wiki/Q112075374#P577,earliest_wikidata_release,,not_publicly_disclosed
2022-11-02,2022-11,2022,Best Mobile Game,game,Apex Legends Mobile,Apex Legends Mobile,https://en.wikipedia.org/wiki/Apex_Legends_Mobile,0,2,active,Apex Legends Mobile – Respawn Entertainment / Electronic Arts,https://en.wikipedia.org/wiki/The_Game_Awards_2022,Q112671149,2022-05-17,day,https://www.wikidata.org/wiki/Q112671149#P577,2022-05-17,first public release,https://www.wikidata.org/wiki/Q112671149#P577,earliest_wikidata_release,,not_publicly_disclosed
2022-11-03,2022-11,2022,Best Mobile Game,game,Diablo Immortal,Diablo Immortal,https://en.wikipedia.org/wiki/Diablo_Immortal,0,3,active,Diablo Immortal – NetEase / Blizzard Entertainment,https://en.wikipedia.org/wiki/The_Game_Awards_2022,Q58217063,2022-06-30,day,https://www.wikidata.org/wiki/Q58217063#P577,2022-06-30,first public release,https://www.wikidata.org/wiki/Q58217063#P577,earliest_wikidata_release,,not_publicly_disclosed
2022-11-04,2022-11,2022,Best Mobile Game,game,Genshin Impact,Genshin Impact,https://en.wikipedia.org/wiki/Genshin_Impact,0,4,active,Genshin Impact – miHoYo,https://en.wikipedia.org/wiki/The_Game_Awards_2022,Q65059474,2020-09-28,day,https://www.wikidata.org/wiki/Q65059474#P577,,,,earliest_wikidata_release,,not_publicly_disclosed
2022-11-05,2022-11,2022,Best Mobile Game,game,Tower of Fantasy,Tower of Fantasy,https://en.wikipedia.org/wiki/Tower_of_Fantasy,0,5,active,Tower of Fantasy – Hotta Studio / Level Infinite,https://en.wikipedia.org/wiki/The_Game_Awards_2022,Q110379107,2021-12-16,day,https://www.wikidata.org/wiki/Q110379107#P577,,,,earliest_wikidata_release,,not_publicly_disclosed
2022-12-01,2022-12,2022,Best Community Support,game,Final Fantasy XIV,Final Fantasy XIV,https://en.wikipedia.org/wiki/Final_Fantasy_XIV,1,1,active,Final Fantasy XIV – Square Enix,https://en.wikipedia.org/wiki/The_Game_Awards_2022,Q5449393,2013-08-27,day,https://www.wikidata.org/wiki/Q5449393#P577,,,,earliest_wikidata_release,,not_publicly_disclosed
2022-12-02,2022-12,2022,Best Community Support,game,Apex Legends,Apex Legends,https://en.wikipedia.org/wiki/Apex_Legends,0,2,active,Apex Legends – Respawn Entertainment / Electronic Arts,https://en.wikipedia.org/wiki/The_Game_Awards_2022,Q61478103,2019-02-04,day,https://www.wikidata.org/wiki/Q61478103#P577,,,,earliest_wikidata_release,,not_publicly_disclosed
2022-12-03,2022-12,2022,Best Community Support,game,Destiny 2: The Witch Queen,Destiny 2: The Witch Queen,https://en.wikipedia.org/wiki/Destiny_2:_The_Witch_Queen,0,3,active,Destiny 2: The Witch Queen – Bungie,https://en.wikipedia.org/wiki/The_Game_Awards_2022,Q108532561,2022-02-22,day,https://www.wikidata.org/wiki/Q108532561#P577,2022-02-22,first public release,https://www.wikidata.org/wiki/Q108532561#P577,earliest_wikidata_release,,not_publicly_disclosed
2022-12-04,2022-12,2022,Best Community Support,game,Fortnite,Fortnite,https://en.wikipedia.org/wiki/Fortnite,0,4,active,Fortnite – Epic Games,https://en.wikipedia.org/wiki/The_Game_Awards_2022,Q349375,2017-07-25,day,https://www.wikidata.org/wiki/Q349375#P577,,,,earliest_wikidata_release,,not_publicly_disclosed
2022-12-05,2022-12,2022,Best Community Support,game,No Man's Sky,No Man's Sky,https://en.wikipedia.org/wiki/No_Man%27s_Sky,0,5,active,No Man's Sky – Hello Games,https://en.wikipedia.org/wiki/The_Game_Awards_2022,Q15297043,2016-08-09,day,https://www.wikidata.org/wiki/Q15297043#P577,,,,earliest_wikidata_release,,not_publicly_disclosed
2022-13-01,2022-13,2022,Best VR / AR Game,game,Moss: Book II,Moss: Book II,https://en.wikipedia.org/wiki/Moss:_Book_II,1,1,active,Moss: Book II – Polyarc,https://en.wikipedia.org/wiki/The_Game_Awards_2022,Q113268967,2022-10-20,day,https://www.wikidata.org/wiki/Q113268967#P577,2022-10-20,first public release,https://www.wikidata.org/wiki/Q113268967#P577,earliest_wikidata_release,,not_publicly_disclosed
2022-13-02,2022-13,2022,Best VR / AR Game,game,After the Fall,After the Fall,,0,2,active,After the Fall – Vertigo Games,https://en.wikipedia.org/wiki/The_Game_Awards_2022,,,,,,,,no_game_link,,not_publicly_disclosed
2022-13-03,2022-13,2022,Best VR / AR Game,game,Among Us VR,Among Us VR,https://en.wikipedia.org/wiki/Among_Us_VR,0,3,active,Among Us VR – Innersloth,https://en.wikipedia.org/wiki/The_Game_Awards_2022,Q110028385,2022-11-10,day,https://www.wikidata.org/wiki/Q110028385#P577,2022-11-10,first public release,https://www.wikidata.org/wiki/Q110028385#P577,earliest_wikidata_release,,not_publicly_disclosed
2022-13-04,2022-13,2022,Best VR / AR Game,game,Bonelab,Bonelab,https://en.wikipedia.org/wiki/Bonelab,0,4,active,Bonelab – Stress Level Zero,https://en.wikipedia.org/wiki/The_Game_Awards_2022,Q114172031,2022-09-29,day,https://www.wikidata.org/wiki/Q114172031#P577,2022-09-29,first public release,https://www.wikidata.org/wiki/Q114172031#P577,earliest_wikidata_release,,not_publicly_disclosed
2022-13-05,2022-13,2022,Best VR / AR Game,game,Red Matter 2,Red Matter 2,,0,5,active,Red Matter 2 – Vertical Robot,https://en.wikipedia.org/wiki/The_Game_Awards_2022,,,,,,,,no_game_link,,not_publicly_disclosed
2022-14-01,2022-14,2022,Innovation in Accessibility,game,God of War Ragnarök,God of War Ragnarök,https://en.wikipedia.org/wiki/God_of_War_Ragnar%C3%B6k,1,1,active,God of War Ragnarök – Santa Monica Studio / Sony Interactive Entertainment,https://en.wikipedia.org/wiki/The_Game_Awards_2022,Q99397916,2022-11-09,day,https://www.wikidata.org/wiki/Q99397916#P577,2022-11-09,first public release,https://www.wikidata.org/wiki/Q99397916#P577,earliest_wikidata_release,,not_publicly_disclosed
2022-14-02,2022-14,2022,Innovation in Accessibility,game,As Dusk Falls,As Dusk Falls,https://en.wikipedia.org/wiki/As_Dusk_Falls,0,2,active,As Dusk Falls – Interior Night / Xbox Game Studios,https://en.wikipedia.org/wiki/The_Game_Awards_2022,Q112618572,2022-07-19,day,https://www.wikidata.org/wiki/Q112618572#P577,2022-07-19,first public release,https://www.wikidata.org/wiki/Q112618572#P577,earliest_wikidata_release,,not_publicly_disclosed
2022-14-03,2022-14,2022,Innovation in Accessibility,game,Return to Monkey Island,Return to Monkey Island,https://en.wikipedia.org/wiki/Return_to_Monkey_Island,0,3,active,"Return to Monkey Island – Terrible Toybox, Lucasfilm Games / Devolver Digital",https://en.wikipedia.org/wiki/The_Game_Awards_2022,Q111538856,2022-09-19,day,https://www.wikidata.org/wiki/Q111538856#P577,2022-09-19,first public release,https://www.wikidata.org/wiki/Q111538856#P577,earliest_wikidata_release,,not_publicly_disclosed
2022-14-04,2022-14,2022,Innovation in Accessibility,game,The Last of Us Part I,The Last of Us Part I,https://en.wikipedia.org/wiki/The_Last_of_Us_Part_I,0,4,active,The Last of Us Part I – Naughty Dog / Sony Interactive Entertainment,https://en.wikipedia.org/wiki/The_Game_Awards_2022,Q113377532,2022-09-02,day,https://www.wikidata.org/wiki/Q113377532#P577,2022-09-02,first public release,https://www.wikidata.org/wiki/Q113377532#P577,earliest_wikidata_release,,not_publicly_disclosed
2022-14-05,2022-14,2022,Innovation in Accessibility,game,The Quarry,The Quarry,https://en.wikipedia.org/wiki/The_Quarry_(video_game),0,5,active,The Quarry – Supermassive Games / 2K,https://en.wikipedia.org/wiki/The_Game_Awards_2022,Q111358923,2022-06-10,day,https://www.wikidata.org/wiki/Q111358923#P577,2022-06-10,first public release,https://www.wikidata.org/wiki/Q111358923#P577,earliest_wikidata_release,,not_publicly_disclosed
2022-15-01,2022-15,2022,Best Action Game,game,Bayonetta 3,Bayonetta 3,https://en.wikipedia.org/wiki/Bayonetta_3,1,1,active,Bayonetta 3 – PlatinumGames / Nintendo,https://en.wikipedia.org/wiki/The_Game_Awards_2022,Q44997696,2022-10-28,day,https://www.wikidata.org/wiki/Q44997696#P577,2022-10-28,first public release,https://www.wikidata.org/wiki/Q44997696#P577,earliest_wikidata_release,,not_publicly_disclosed
2022-15-02,2022-15,2022,Best Action Game,game,Call of Duty: Modern Warfare II,Call of Duty: Modern Warfare II,https://en.wikipedia.org/wiki/Call_of_Duty:_Modern_Warfare_II,0,2,active,Call of Duty: Modern Warfare II – Infinity Ward / Activision,https://en.wikipedia.org/wiki/The_Game_Awards_2022,Q110206584,2022-10-27,day,https://www.wikidata.org/wiki/Q110206584#P577,2022-10-27,first public release,https://www.wikidata.org/wiki/Q110206584#P577,earliest_wikidata_release,,not_publicly_disclosed
2022-15-03,2022-15,2022,Best Action Game,game,Neon White,Neon White,https://en.wikipedia.org/wiki/Neon_White,0,3,active,Neon White – Angel Matrix / Annapurna Interactive,https://en.wikipedia.org/wiki/The_Game_Awards_2022,Q105552404,2022-06-16,day,https://www.wikidata.org/wiki/Q105552404#P577,2022-06-16,first public release,https://www.wikidata.org/wiki/Q105552404#P577,earliest_wikidata_release,,not_publicly_disclosed
2022-15-04,2022-15,2022,Best Action Game,game,Sifu,Sifu,https://en.wikipedia.org/wiki/Sifu_(video_game),0,4,active,Sifu – Sloclap,https://en.wikipedia.org/wiki/The_Game_Awards_2022,Q108650420,2022-02-06,day,https://www.wikidata.org/wiki/Q108650420#P577,2022-02-06,first public release,https://www.wikidata.org/wiki/Q108650420#P577,earliest_wikidata_release,,not_publicly_disclosed
2022-15-05,2022-15,2022,Best Action Game,game,Teenage Mutant Ninja Turtles: Shredder's Revenge,Teenage Mutant Ninja Turtles: Shredder's Revenge,https://en.wikipedia.org/wiki/Teenage_Mutant_Ninja_Turtles:_Shredder%27s_Revenge,0,5,active,Teenage Mutant Ninja Turtles: Shredder's Revenge – Tribute Games / Dotemu,https://en.wikipedia.org/wiki/The_Game_Awards_2022,Q105909744,2022-06-16,day,https://www.wikidata.org/wiki/Q105909744#P577,2022-06-16,first public release,https://www.wikidata.org/wiki/Q105909744#P577,earliest_wikidata_release,,not_publicly_disclosed
2022-16-01,2022-16,2022,Best Action/Adventure Game,game,God of War Ragnarök,God of War Ragnarök,https://en.wikipedia.org/wiki/God_of_War_Ragnar%C3%B6k,1,1,active,God of War Ragnarök – Santa Monica Studio / Sony Interactive Entertainment,https://en.wikipedia.org/wiki/The_Game_Awards_2022,Q99397916,2022-11-09,day,https://www.wikidata.org/wiki/Q99397916#P577,2022-11-09,first public release,https://www.wikidata.org/wiki/Q99397916#P577,earliest_wikidata_release,,not_publicly_disclosed
2022-16-02,2022-16,2022,Best Action/Adventure Game,game,A Plague Tale: Requiem,A Plague Tale: Requiem,https://en.wikipedia.org/wiki/A_Plague_Tale:_Requiem,0,2,active,A Plague Tale: Requiem – Asobo Studio / Focus Entertainment,https://en.wikipedia.org/wiki/The_Game_Awards_2022,Q107214641,2022-10-18,day,https://www.wikidata.org/wiki/Q107214641#P577,2022-10-18,first public release,https://www.wikidata.org/wiki/Q107214641#P577,earliest_wikidata_release,,not_publicly_disclosed
2022-16-03,2022-16,2022,Best Action/Adventure Game,game,Horizon Forbidden West,Horizon Forbidden West,https://en.wikipedia.org/wiki/Horizon_Forbidden_West,0,3,active,Horizon Forbidden West – Guerrilla Games / Sony Interactive Entertainment,https://en.wikipedia.org/wiki/The_Game_Awards_2022,Q96216443,2022-02-18,day,https://www.wikidata.org/wiki/Q96216443#P577,2022-02-18,first public release,https://www.wikidata.org/wiki/Q96216443#P577,earliest_wikidata_release,,not_publicly_disclosed
2022-16-04,2022-16,2022,Best Action/Adventure Game,game,Stray,Stray,https://en.wikipedia.org/wiki/Stray_(video_game),0,4,active,Stray – BlueTwelve Studio / Annapurna Interactive,https://en.wikipedia.org/wiki/The_Game_Awards_2022,Q96247255,2022-07-19,day,https://www.wikidata.org/wiki/Q96247255#P577,2022-07-19,first public release,https://www.wikidata.org/wiki/Q96247255#P577,earliest_wikidata_release,,not_publicly_disclosed
2022-16-05,2022-16,2022,Best Action/Adventure Game,game,Tunic,Tunic,https://en.wikipedia.org/wiki/Tunic_(video_game),0,5,active,Tunic – Andrew Shouldice / Finji,https://en.wikipedia.org/wiki/The_Game_Awards_2022,Q55636303,2022-03-16,day,https://www.wikidata.org/wiki/Q55636303#P577,2022-03-16,first public release,https://www.wikidata.org/wiki/Q55636303#P577,earliest_wikidata_release,,not_publicly_disclosed
2022-17-01,2022-17,2022,Best Role Playing Game,game,Elden Ring,Elden Ring,https://en.wikipedia.org/wiki/Elden_Ring,1,1,active,Elden Ring – FromSoftware / Bandai Namco Entertainment,https://en.wikipedia.org/wiki/The_Game_Awards_2022,Q64826862,2022-02-25,day,https://www.wikidata.org/wiki/Q64826862#P577,2022-02-25,first public release,https://www.wikidata.org/wiki/Q64826862#P577,earliest_wikidata_release,,not_publicly_disclosed
2022-17-02,2022-17,2022,Best Role Playing Game,game,Live a Live,Live a Live,https://en.wikipedia.org/wiki/Live_a_Live,0,2,active,Live a Live – Square Enix / Nintendo,https://en.wikipedia.org/wiki/The_Game_Awards_2022,Q2656776,1994-09-02,day,https://www.wikidata.org/wiki/Q2656776#P577,,,,earliest_wikidata_release,,not_publicly_disclosed
2022-17-03,2022-17,2022,Best Role Playing Game,game,Pokémon Legends: Arceus,Pokémon Legends: Arceus,https://en.wikipedia.org/wiki/Pok%C3%A9mon_Legends:_Arceus,0,3,active,"Pokémon Legends: Arceus – Game Freak / The Pokémon Company , Nintendo",https://en.wikipedia.org/wiki/The_Game_Awards_2022,Q105688771,2022-01-28,day,https://www.wikidata.org/wiki/Q105688771#P577,2022-01-28,first public release,https://www.wikidata.org/wiki/Q105688771#P577,earliest_wikidata_release,,not_publicly_disclosed
2022-17-04,2022-17,2022,Best Role Playing Game,game,Triangle Strategy,Triangle Strategy,https://en.wikipedia.org/wiki/Triangle_Strategy,0,4,active,Triangle Strategy – Artdink / Square Enix,https://en.wikipedia.org/wiki/The_Game_Awards_2022,Q105561171,2022-03-04,day,https://www.wikidata.org/wiki/Q105561171#P577,2022-03-04,first public release,https://www.wikidata.org/wiki/Q105561171#P577,earliest_wikidata_release,,not_publicly_disclosed
2022-17-05,2022-17,2022,Best Role Playing Game,game,Xenoblade Chronicles 3,Xenoblade Chronicles 3,https://en.wikipedia.org/wiki/Xenoblade_Chronicles_3,0,5,active,Xenoblade Chronicles 3 – Monolith Soft / Nintendo,https://en.wikipedia.org/wiki/The_Game_Awards_2022,Q110875814,2022-07-29,day,https://www.wikidata.org/wiki/Q110875814#P577,2022-07-29,first public release,https://www.wikidata.org/wiki/Q110875814#P577,earliest_wikidata_release,,not_publicly_disclosed
2022-18-01,2022-18,2022,Best Fighting Game,game,MultiVersus,MultiVersus,https://en.wikipedia.org/wiki/MultiVersus,1,1,active,MultiVersus – Player First Games / Warner Bros. Interactive Entertainment,https://en.wikipedia.org/wiki/The_Game_Awards_2022,Q109633008,2022-07-19,day,https://www.wikidata.org/wiki/Q109633008#P577,2022-07-19,first public release,https://www.wikidata.org/wiki/Q109633008#P577,earliest_wikidata_release,,not_publicly_disclosed
2022-18-02,2022-18,2022,Best Fighting Game,game,DNF Duel,DNF Duel,https://en.wikipedia.org/wiki/DNF_Duel,0,2,active,"DNF Duel – Arc System Works , Eighting , Neople / Nexon",https://en.wikipedia.org/wiki/The_Game_Awards_2022,Q104522419,2022-06-28,day,https://www.wikidata.org/wiki/Q104522419#P577,2022-06-28,first public release,https://www.wikidata.org/wiki/Q104522419#P577,earliest_wikidata_release,,not_publicly_disclosed
2022-18-03,2022-18,2022,Best Fighting Game,game,JoJo's Bizarre Adventure: All Star Battle R,JoJo's Bizarre Adventure: All Star Battle R,https://en.wikipedia.org/wiki/JoJo%27s_Bizarre_Adventure:_All_Star_Battle_R,0,3,active,JoJo's Bizarre Adventure: All Star Battle R – CyberConnect2 / Bandai Namco Entertainment,https://en.wikipedia.org/wiki/The_Game_Awards_2022,Q116160341,2022-09-02,day,https://www.wikidata.org/wiki/Q116160341#P577,2022-09-02,first public release,https://www.wikidata.org/wiki/Q116160341#P577,earliest_wikidata_release,,not_publicly_disclosed
2022-18-04,2022-18,2022,Best Fighting Game,game,The King of Fighters XV,The King of Fighters XV,https://en.wikipedia.org/wiki/The_King_of_Fighters_XV,0,4,active,The King of Fighters XV – SNK,https://en.wikipedia.org/wiki/The_Game_Awards_2022,Q104758868,2022-02-17,day,https://www.wikidata.org/wiki/Q104758868#P577,2022-02-17,first public release,https://www.wikidata.org/wiki/Q104758868#P577,earliest_wikidata_release,,not_publicly_disclosed
2022-18-05,2022-18,2022,Best Fighting Game,game,Sifu,Sifu,https://en.wikipedia.org/wiki/Sifu_(video_game),0,5,active,Sifu – Sloclap,https://en.wikipedia.org/wiki/The_Game_Awards_2022,Q108650420,2022-02-06,day,https://www.wikidata.org/wiki/Q108650420#P577,2022-02-06,first public release,https://www.wikidata.org/wiki/Q108650420#P577,earliest_wikidata_release,,not_publicly_disclosed
2022-19-01,2022-19,2022,Best Family Game,game,Kirby and the Forgotten Land,Kirby and the Forgotten Land,https://en.wikipedia.org/wiki/Kirby_and_the_Forgotten_Land,1,1,active,Kirby and the Forgotten Land – HAL Laboratory / Nintendo,https://en.wikipedia.org/wiki/The_Game_Awards_2022,Q108670544,2022-03-25,day,https://www.wikidata.org/wiki/Q108670544#P577,2022-03-25,first public release,https://www.wikidata.org/wiki/Q108670544#P577,earliest_wikidata_release,,not_publicly_disclosed
2022-19-02,2022-19,2022,Best Family Game,game,Lego Star Wars: The Skywalker Saga,Lego Star Wars: The Skywalker Saga,https://en.wikipedia.org/wiki/Lego_Star_Wars:_The_Skywalker_Saga,0,2,active,Lego Star Wars: The Skywalker Saga – Traveller's Tales / Warner Bros. Interactive Entertainment,https://en.wikipedia.org/wiki/The_Game_Awards_2022,Q64521118,2022-04-05,day,https://www.wikidata.org/wiki/Q64521118#P577,2022-04-05,first public release,https://www.wikidata.org/wiki/Q64521118#P577,earliest_wikidata_release,,not_publicly_disclosed
2022-19-03,2022-19,2022,Best Family Game,game,Mario + Rabbids Sparks of Hope,Mario + Rabbids Sparks of Hope,https://en.wikipedia.org/wiki/Mario_%2B_Rabbids_Sparks_of_Hope,0,3,active,"Mario + Rabbids Sparks of Hope – Ubisoft Milan , Ubisoft Paris / Ubisoft",https://en.wikipedia.org/wiki/The_Game_Awards_2022,Q107208619,2022-10-20,day,https://www.wikidata.org/wiki/Q107208619#P577,2022-10-20,first public release,https://www.wikidata.org/wiki/Q107208619#P577,earliest_wikidata_release,,not_publicly_disclosed
2022-19-04,2022-19,2022,Best Family Game,game,Nintendo Switch Sports,Nintendo Switch Sports,https://en.wikipedia.org/wiki/Nintendo_Switch_Sports,0,4,active,Nintendo Switch Sports – Nintendo EPD / Nintendo,https://en.wikipedia.org/wiki/The_Game_Awards_2022,Q110875040,2022-04-29,day,https://www.wikidata.org/wiki/Q110875040#P577,2022-04-29,first public release,https://www.wikidata.org/wiki/Q110875040#P577,earliest_wikidata_release,,not_publicly_disclosed
2022-19-05,2022-19,2022,Best Family Game,game,Splatoon 3,Splatoon 3,https://en.wikipedia.org/wiki/Splatoon_3,0,5,active,Splatoon 3 – Nintendo EPD / Nintendo,https://en.wikipedia.org/wiki/The_Game_Awards_2022,Q105552720,2022-09-09,day,https://www.wikidata.org/wiki/Q105552720#P577,2022-09-09,first public release,https://www.wikidata.org/wiki/Q105552720#P577,earliest_wikidata_release,,not_publicly_disclosed
2022-20-01,2022-20,2022,Best Sports/Racing Game,game,Gran Turismo 7,Gran Turismo 7,https://en.wikipedia.org/wiki/Gran_Turismo_7,1,1,active,Gran Turismo 7 – Polyphony Digital / Sony Interactive Entertainment,https://en.wikipedia.org/wiki/The_Game_Awards_2022,Q18345763,2022-03-04,day,https://www.wikidata.org/wiki/Q18345763#P577,2022-03-04,first public release,https://www.wikidata.org/wiki/Q18345763#P577,earliest_wikidata_release,,not_publicly_disclosed
2022-20-02,2022-20,2022,Best Sports/Racing Game,game,F1 22,F1 22,https://en.wikipedia.org/wiki/F1_22,0,2,active,F1 22 – Codemasters / EA Sports,https://en.wikipedia.org/wiki/The_Game_Awards_2022,Q111676993,2022-07-01,day,https://www.wikidata.org/wiki/Q111676993#P577,2022-07-01,first public release,https://www.wikidata.org/wiki/Q111676993#P577,earliest_wikidata_release,,not_publicly_disclosed
2022-20-03,2022-20,2022,Best Sports/Racing Game,game,FIFA 23,FIFA 23,https://en.wikipedia.org/wiki/FIFA_23,0,3,active,"FIFA 23 – EA Vancouver , EA Romania / EA Sports",https://en.wikipedia.org/wiki/The_Game_Awards_2022,Q107486489,2022-09-30,day,https://www.wikidata.org/wiki/Q107486489#P577,2022-09-30,first public release,https://www.wikidata.org/wiki/Q107486489#P577,earliest_wikidata_release,,not_publicly_disclosed
2022-20-04,2022-20,2022,Best Sports/Racing Game,game,NBA 2K23,NBA 2K23,https://en.wikipedia.org/wiki/NBA_2K23,0,4,active,NBA 2K23 – Visual Concepts / 2K Sports,https://en.wikipedia.org/wiki/The_Game_Awards_2022,Q113877951,2022-09-08,day,https://www.wikidata.org/wiki/Q113877951#P577,2022-09-08,first public release,https://www.wikidata.org/wiki/Q113877951#P577,earliest_wikidata_release,,not_publicly_disclosed
2022-20-05,2022-20,2022,Best Sports/Racing Game,game,OlliOlli World,OlliOlli World,https://en.wikipedia.org/wiki/OlliOlli_World,0,5,active,OlliOlli World – Roll7 / Private Division,https://en.wikipedia.org/wiki/The_Game_Awards_2022,Q106513250,2022-02-07,day,https://www.wikidata.org/wiki/Q106513250#P577,2022-02-07,first public release,https://www.wikidata.org/wiki/Q106513250#P577,earliest_wikidata_release,,not_publicly_disclosed
2022-21-01,2022-21,2022,Best Sim/Strategy Game,game,Mario + Rabbids Sparks of Hope,Mario + Rabbids Sparks of Hope,https://en.wikipedia.org/wiki/Mario_%2B_Rabbids_Sparks_of_Hope,1,1,active,"Mario + Rabbids Sparks of Hope – Ubisoft Milan , Ubisoft Paris / Ubisoft",https://en.wikipedia.org/wiki/The_Game_Awards_2022,Q107208619,2022-10-20,day,https://www.wikidata.org/wiki/Q107208619#P577,2022-10-20,first public release,https://www.wikidata.org/wiki/Q107208619#P577,earliest_wikidata_release,,not_publicly_disclosed
2022-21-02,2022-21,2022,Best Sim/Strategy Game,game,Dune: Spice Wars,Dune: Spice Wars,https://en.wikipedia.org/wiki/Dune:_Spice_Wars,0,2,active,Dune: Spice Wars – Shiro Games / Funcom,https://en.wikipedia.org/wiki/The_Game_Awards_2022,Q110028339,2022-04-26,day,https://www.wikidata.org/wiki/Q110028339#P577,2022-04-26,first public release,https://www.wikidata.org/wiki/Q110028339#P577,earliest_wikidata_release,,not_publicly_disclosed
2022-21-03,2022-21,2022,Best Sim/Strategy Game,game,Total War: Warhammer III,Total War: Warhammer III,https://en.wikipedia.org/wiki/Total_War:_Warhammer_III,0,3,active,Total War: Warhammer III – Creative Assembly / Sega,https://en.wikipedia.org/wiki/The_Game_Awards_2022,Q105427208,2022-02-17,day,https://www.wikidata.org/wiki/Q105427208#P577,2022-02-17,first public release,https://www.wikidata.org/wiki/Q105427208#P577,earliest_wikidata_release,,not_publicly_disclosed
2022-21-04,2022-21,2022,Best Sim/Strategy Game,game,Two Point Campus,Two Point Campus,https://en.wikipedia.org/wiki/Two_Point_Campus,0,4,active,Two Point Campus – Two Point Studios / Sega,https://en.wikipedia.org/wiki/The_Game_Awards_2022,Q108858817,2022-08-09,day,https://www.wikidata.org/wiki/Q108858817#P577,2022-08-09,first public release,https://www.wikidata.org/wiki/Q108858817#P577,earliest_wikidata_release,,not_publicly_disclosed
2022-21-05,2022-21,2022,Best Sim/Strategy Game,game,Victoria 3,Victoria 3,https://en.wikipedia.org/wiki/Victoria_3,0,5,active,Victoria 3 – Paradox Development Studio / Paradox Interactive,https://en.wikipedia.org/wiki/The_Game_Awards_2022,Q106928099,2022-10-25,day,https://www.wikidata.org/wiki/Q106928099#P577,2022-10-25,first public release,https://www.wikidata.org/wiki/Q106928099#P577,earliest_wikidata_release,,not_publicly_disclosed
2022-22-01,2022-22,2022,Best Multiplayer Game,game,Splatoon 3,Splatoon 3,https://en.wikipedia.org/wiki/Splatoon_3,1,1,active,Splatoon 3 – Nintendo EPD / Nintendo,https://en.wikipedia.org/wiki/The_Game_Awards_2022,Q105552720,2022-09-09,day,https://www.wikidata.org/wiki/Q105552720#P577,2022-09-09,first public release,https://www.wikidata.org/wiki/Q105552720#P577,earliest_wikidata_release,,not_publicly_disclosed
2022-22-02,2022-22,2022,Best Multiplayer Game,game,Call of Duty: Modern Warfare II,Call of Duty: Modern Warfare II,https://en.wikipedia.org/wiki/Call_of_Duty:_Modern_Warfare_II,0,2,active,Call of Duty: Modern Warfare II – Infinity Ward / Activision,https://en.wikipedia.org/wiki/The_Game_Awards_2022,Q110206584,2022-10-27,day,https://www.wikidata.org/wiki/Q110206584#P577,2022-10-27,first public release,https://www.wikidata.org/wiki/Q110206584#P577,earliest_wikidata_release,,not_publicly_disclosed
2022-22-03,2022-22,2022,Best Multiplayer Game,game,MultiVersus,MultiVersus,https://en.wikipedia.org/wiki/MultiVersus,0,3,active,MultiVersus – Player First Games / Warner Bros. Interactive Entertainment,https://en.wikipedia.org/wiki/The_Game_Awards_2022,Q109633008,2022-07-19,day,https://www.wikidata.org/wiki/Q109633008#P577,2022-07-19,first public release,https://www.wikidata.org/wiki/Q109633008#P577,earliest_wikidata_release,,not_publicly_disclosed
2022-22-04,2022-22,2022,Best Multiplayer Game,game,Overwatch 2,Overwatch 2,https://en.wikipedia.org/wiki/Overwatch_2,0,4,active,Overwatch 2 – Blizzard Entertainment,https://en.wikipedia.org/wiki/The_Game_Awards_2022,Q73163646,2022-10-04,day,https://www.wikidata.org/wiki/Q73163646#P577,2022-10-04,first public release,https://www.wikidata.org/wiki/Q73163646#P577,earliest_wikidata_release,,not_publicly_disclosed
2022-22-05,2022-22,2022,Best Multiplayer Game,game,Teenage Mutant Ninja Turtles: Shredder's Revenge,Teenage Mutant Ninja Turtles: Shredder's Revenge,https://en.wikipedia.org/wiki/Teenage_Mutant_Ninja_Turtles:_Shredder%27s_Revenge,0,5,active,Teenage Mutant Ninja Turtles: Shredder's Revenge – Tribute Games / Dotemu,https://en.wikipedia.org/wiki/The_Game_Awards_2022,Q105909744,2022-06-16,day,https://www.wikidata.org/wiki/Q105909744#P577,2022-06-16,first public release,https://www.wikidata.org/wiki/Q105909744#P577,earliest_wikidata_release,,not_publicly_disclosed
2022-23-01,2022-23,2022,Best Debut Indie Game,game,Stray,Stray,https://en.wikipedia.org/wiki/Stray_(video_game),1,1,active,Stray – BlueTwelve Studio / Annapurna Interactive,https://en.wikipedia.org/wiki/The_Game_Awards_2022,Q96247255,2022-07-19,day,https://www.wikidata.org/wiki/Q96247255#P577,2022-07-19,first public release,https://www.wikidata.org/wiki/Q96247255#P577,earliest_wikidata_release,,not_publicly_disclosed
2022-23-02,2022-23,2022,Best Debut Indie Game,game,Neon White,Neon White,https://en.wikipedia.org/wiki/Neon_White,0,2,active,Neon White – Angel Matrix / Annapurna Interactive,https://en.wikipedia.org/wiki/The_Game_Awards_2022,Q105552404,2022-06-16,day,https://www.wikidata.org/wiki/Q105552404#P577,2022-06-16,first public release,https://www.wikidata.org/wiki/Q105552404#P577,earliest_wikidata_release,,not_publicly_disclosed
2022-23-03,2022-23,2022,Best Debut Indie Game,game,Norco,Norco,https://en.wikipedia.org/wiki/Norco_(video_game),0,3,active,Norco – Geography of Robots / Raw Fury,https://en.wikipedia.org/wiki/The_Game_Awards_2022,Q111450410,2022-03-24,day,https://www.wikidata.org/wiki/Q111450410#P577,2022-03-24,first public release,https://www.wikidata.org/wiki/Q111450410#P577,earliest_wikidata_release,,not_publicly_disclosed
2022-23-04,2022-23,2022,Best Debut Indie Game,game,Tunic,Tunic,https://en.wikipedia.org/wiki/Tunic_(video_game),0,4,active,Tunic – Andrew Shouldice / Finji,https://en.wikipedia.org/wiki/The_Game_Awards_2022,Q55636303,2022-03-16,day,https://www.wikidata.org/wiki/Q55636303#P577,2022-03-16,first public release,https://www.wikidata.org/wiki/Q55636303#P577,earliest_wikidata_release,,not_publicly_disclosed
2022-23-05,2022-23,2022,Best Debut Indie Game,game,Vampire Survivors,Vampire Survivors,https://en.wikipedia.org/wiki/Vampire_Survivors,0,5,active,Vampire Survivors – Luca Galante,https://en.wikipedia.org/wiki/The_Game_Awards_2022,Q110726215,2021-12-17,day,https://www.wikidata.org/wiki/Q110726215#P577,,,,earliest_wikidata_release,,not_publicly_disclosed
2022-24-01,2022-24,2022,Most Anticipated Game,unreleased_game,The Legend of Zelda: Tears of the Kingdom,The Legend of Zelda: Tears of the Kingdom,https://en.wikipedia.org/wiki/The_Legend_of_Zelda:_Tears_of_the_Kingdom,1,1,active,The Legend of Zelda: Tears of the Kingdom – Nintendo EPD / Nintendo,https://en.wikipedia.org/wiki/The_Game_Awards_2022,Q64577191,2023-05-12,day,https://www.wikidata.org/wiki/Q64577191#P577,,,,earliest_wikidata_release,,not_publicly_disclosed
2022-24-02,2022-24,2022,Most Anticipated Game,unreleased_game,Final Fantasy XVI,Final Fantasy XVI,https://en.wikipedia.org/wiki/Final_Fantasy_XVI,0,2,active,Final Fantasy XVI – Square Enix Creative Business Unit III / Square Enix,https://en.wikipedia.org/wiki/The_Game_Awards_2022,Q99397792,2023-06-22,day,https://www.wikidata.org/wiki/Q99397792#P577,,,,earliest_wikidata_release,,not_publicly_disclosed
2022-24-03,2022-24,2022,Most Anticipated Game,unreleased_game,Hogwarts Legacy,Hogwarts Legacy,https://en.wikipedia.org/wiki/Hogwarts_Legacy,0,3,active,Hogwarts Legacy – Avalanche Software / Warner Bros. Interactive Entertainment,https://en.wikipedia.org/wiki/The_Game_Awards_2022,Q99397854,2023-02-10,day,https://www.wikidata.org/wiki/Q99397854#P577,,,,earliest_wikidata_release,,not_publicly_disclosed
2022-24-04,2022-24,2022,Most Anticipated Game,unreleased_game,Resident Evil 4,Resident Evil 4,https://en.wikipedia.org/wiki/Resident_Evil_4_(2023_video_game),0,4,active,Resident Evil 4 – Capcom,https://en.wikipedia.org/wiki/The_Game_Awards_2022,Q112231148,2023-03-24,day,https://www.wikidata.org/wiki/Q112231148#P577,,,,earliest_wikidata_release,,not_publicly_disclosed
2022-24-05,2022-24,2022,Most Anticipated Game,unreleased_game,Starfield,Starfield,https://en.wikipedia.org/wiki/Starfield_(video_game),0,5,active,Starfield – Bethesda Game Studios / Bethesda Softworks,https://en.wikipedia.org/wiki/The_Game_Awards_2022,Q55286432,2023-09-01,day,https://www.wikidata.org/wiki/Q55286432#P577,,,,earliest_wikidata_release,,not_publicly_disclosed
2022-25-01,2022-25,2022,Best Adaptation,adaptation,Arcane (animated series),,,1,1,active,"Arcane (animated series) – Fortiche , Riot Games / Netflix ; based on League of Legends by Riot Games",https://en.wikipedia.org/wiki/The_Game_Awards_2022,,,,,,,,no_associated_game,,not_publicly_disclosed
2022-25-02,2022-25,2022,Best Adaptation,adaptation,Cyberpunk: Edgerunners (anime series),,,0,2,active,"Cyberpunk: Edgerunners (anime series) – Studio Trigger , CD Projekt / Netflix; based on Cyberpunk 2077 by CD Projekt",https://en.wikipedia.org/wiki/The_Game_Awards_2022,,,,,,,,no_associated_game,,not_publicly_disclosed
2022-25-03,2022-25,2022,Best Adaptation,adaptation,The Cuphead Show! (animated series),,,0,3,active,"The Cuphead Show! (animated series) – Studio MDHR, King Features Syndicate / Netflix; based on Cuphead by Studio MDHR",https://en.wikipedia.org/wiki/The_Game_Awards_2022,,,,,,,,no_associated_game,,not_publicly_disclosed
2022-25-04,2022-25,2022,Best Adaptation,adaptation,Sonic the Hedgehog 2 (film),,,0,4,active,Sonic the Hedgehog 2 (film) – Sega Sammy Group / Paramount Pictures ; based on Sonic the Hedgehog by Sega,https://en.wikipedia.org/wiki/The_Game_Awards_2022,,,,,,,,no_associated_game,,not_publicly_disclosed
2022-25-05,2022-25,2022,Best Adaptation,adaptation,Uncharted (film),,,0,5,active,Uncharted (film) – PlayStation Productions / Sony Pictures Releasing ; based on Uncharted by Sony Interactive Entertainment,https://en.wikipedia.org/wiki/The_Game_Awards_2022,,,,,,,,no_associated_game,,not_publicly_disclosed
2022-26-01,2022-26,2022,Players' Voice,game,Genshin Impact,Genshin Impact,https://en.wikipedia.org/wiki/Genshin_Impact,1,1,active,Genshin Impact – miHoYo,https://en.wikipedia.org/wiki/The_Game_Awards_2022,Q65059474,2020-09-28,day,https://www.wikidata.org/wiki/Q65059474#P577,,,,earliest_wikidata_release,,not_publicly_disclosed
2022-26-02,2022-26,2022,Players' Voice,game,Elden Ring,Elden Ring,https://en.wikipedia.org/wiki/Elden_Ring,0,2,active,Elden Ring – FromSoftware / Bandai Namco Entertainment,https://en.wikipedia.org/wiki/The_Game_Awards_2022,Q64826862,2022-02-25,day,https://www.wikidata.org/wiki/Q64826862#P577,2022-02-25,first public release,https://www.wikidata.org/wiki/Q64826862#P577,earliest_wikidata_release,,not_publicly_disclosed
2022-26-03,2022-26,2022,Players' Voice,game,God of War Ragnarök,God of War Ragnarök,https://en.wikipedia.org/wiki/God_of_War_Ragnar%C3%B6k,0,3,active,God of War Ragnarök – Santa Monica Studio / Sony Interactive Entertainment,https://en.wikipedia.org/wiki/The_Game_Awards_2022,Q99397916,2022-11-09,day,https://www.wikidata.org/wiki/Q99397916#P577,2022-11-09,first public release,https://www.wikidata.org/wiki/Q99397916#P577,earliest_wikidata_release,,not_publicly_disclosed
2022-26-04,2022-26,2022,Players' Voice,game,Sonic Frontiers,Sonic Frontiers,https://en.wikipedia.org/wiki/Sonic_Frontiers,0,4,active,Sonic Frontiers – Sonic Team / Sega,https://en.wikipedia.org/wiki/The_Game_Awards_2022,Q109502429,2022-11-08,day,https://www.wikidata.org/wiki/Q109502429#P577,2022-11-08,first public release,https://www.wikidata.org/wiki/Q109502429#P577,earliest_wikidata_release,,not_publicly_disclosed
2022-26-05,2022-26,2022,Players' Voice,game,Stray,Stray,https://en.wikipedia.org/wiki/Stray_(video_game),0,5,active,Stray – BlueTwelve Studio / Annapurna Interactive,https://en.wikipedia.org/wiki/The_Game_Awards_2022,Q96247255,2022-07-19,day,https://www.wikidata.org/wiki/Q96247255#P577,2022-07-19,first public release,https://www.wikidata.org/wiki/Q96247255#P577,earliest_wikidata_release,,not_publicly_disclosed
2022-27-01,2022-27,2022,Best Esports Game,game,Valorant,Valorant,https://en.wikipedia.org/wiki/Valorant,1,1,active,Valorant – Riot Games,https://en.wikipedia.org/wiki/The_Game_Awards_2022,Q86919275,2020-06-02,day,https://www.wikidata.org/wiki/Q86919275#P577,,,,earliest_wikidata_release,,not_publicly_disclosed
2022-27-02,2022-27,2022,Best Esports Game,game,Counter-Strike: Global Offensive,Counter-Strike: Global Offensive,https://en.wikipedia.org/wiki/Counter-Strike:_Global_Offensive,0,2,active,Counter-Strike: Global Offensive – Valve,https://en.wikipedia.org/wiki/The_Game_Awards_2022,Q842146,2012-08-21,day,https://www.wikidata.org/wiki/Q842146#P577,,,,earliest_wikidata_release,,not_publicly_disclosed
2022-27-03,2022-27,2022,Best Esports Game,game,Dota 2,Dota 2,https://en.wikipedia.org/wiki/Dota_2,0,3,active,Dota 2 – Valve,https://en.wikipedia.org/wiki/The_Game_Awards_2022,Q771541,2013-07-09,day,https://www.wikidata.org/wiki/Q771541#P577,,,,earliest_wikidata_release,,not_publicly_disclosed
2022-27-04,2022-27,2022,Best Esports Game,game,League of Legends,League of Legends,https://en.wikipedia.org/wiki/League_of_Legends,0,4,active,League of Legends – Riot Games,https://en.wikipedia.org/wiki/The_Game_Awards_2022,Q223341,2009-10-27,day,https://www.wikidata.org/wiki/Q223341#P577,,,,earliest_wikidata_release,,not_publicly_disclosed
2022-27-05,2022-27,2022,Best Esports Game,game,Rocket League,Rocket League,https://en.wikipedia.org/wiki/Rocket_League,0,5,active,Rocket League – Psyonix,https://en.wikipedia.org/wiki/The_Game_Awards_2022,Q20031743,2015-07-07,day,https://www.wikidata.org/wiki/Q20031743#P577,,,,earliest_wikidata_release,,not_publicly_disclosed
2022-28-01,2022-28,2022,Best Esports Athlete,person,"Jaccob ""yay"" Whiteaker ( OpTic Gaming , Valorant )",,,1,1,active,"Jaccob ""yay"" Whiteaker ( OpTic Gaming , Valorant )",https://en.wikipedia.org/wiki/The_Game_Awards_2022,,,,,,,,no_associated_game,,not_publicly_disclosed
2022-28-02,2022-28,2022,Best Esports Athlete,person,"Jeong ""Chovy"" Ji-hoon ( Gen.G , League of Legends )",,,0,2,active,"Jeong ""Chovy"" Ji-hoon ( Gen.G , League of Legends )",https://en.wikipedia.org/wiki/The_Game_Awards_2022,,,,,,,,no_associated_game,,not_publicly_disclosed
2022-28-03,2022-28,2022,Best Esports Athlete,person,"Lee ""Faker"" Sang-hyeok ( T1 , League of Legends )",,,0,3,active,"Lee ""Faker"" Sang-hyeok ( T1 , League of Legends )",https://en.wikipedia.org/wiki/The_Game_Awards_2022,,,,,,,,no_associated_game,,not_publicly_disclosed
2022-28-04,2022-28,2022,Best Esports Athlete,person,"Finn ""karrigan"" Andersen ( FaZe Clan , Counter-Strike: Global Offensive )",,,0,4,active,"Finn ""karrigan"" Andersen ( FaZe Clan , Counter-Strike: Global Offensive )",https://en.wikipedia.org/wiki/The_Game_Awards_2022,,,,,,,,no_associated_game,,not_publicly_disclosed
2022-28-05,2022-28,2022,Best Esports Athlete,person,"Oleksandr ""s1mple"" Kostyliev ( Natus Vincere , Counter-Strike: Global Offensive )",,,0,5,active,"Oleksandr ""s1mple"" Kostyliev ( Natus Vincere , Counter-Strike: Global Offensive )",https://en.wikipedia.org/wiki/The_Game_Awards_2022,,,,,,,,no_associated_game,,not_publicly_disclosed
2022-29-01,2022-29,2022,Best Esports Team,other,LOUD ( Valorant ),,,1,1,active,LOUD ( Valorant ),https://en.wikipedia.org/wiki/The_Game_Awards_2022,,,,,,,,no_associated_game,,not_publicly_disclosed
2022-29-02,2022-29,2022,Best Esports Team,other,DarkZero Esports ( Apex Legends ),,,0,2,active,DarkZero Esports ( Apex Legends ),https://en.wikipedia.org/wiki/The_Game_Awards_2022,,,,,,,,no_associated_game,,not_publicly_disclosed
2022-29-03,2022-29,2022,Best Esports Team,other,FaZe Clan ( Counter-Strike: Global Offensive ),,,0,3,active,FaZe Clan ( Counter-Strike: Global Offensive ),https://en.wikipedia.org/wiki/The_Game_Awards_2022,,,,,,,,no_associated_game,,not_publicly_disclosed
2022-29-04,2022-29,2022,Best Esports Team,other,Gen.G ( League of Legends ),,,0,4,active,Gen.G ( League of Legends ),https://en.wikipedia.org/wiki/The_Game_Awards_2022,,,,,,,,no_associated_game,,not_publicly_disclosed
2022-29-05,2022-29,2022,Best Esports Team,other,Los Angeles Thieves ( Call of Duty ),,,0,5,active,Los Angeles Thieves ( Call of Duty ),https://en.wikipedia.org/wiki/The_Game_Awards_2022,,,,,,,,no_associated_game,,not_publicly_disclosed
2022-30-01,2022-30,2022,Best Esports Coach,person,"Matheus ""bzkA"" Tarasconi ( LOUD , Valorant )",,,1,1,active,"Matheus ""bzkA"" Tarasconi ( LOUD , Valorant )",https://en.wikipedia.org/wiki/The_Game_Awards_2022,,,,,,,,no_associated_game,,not_publicly_disclosed
2022-30-02,2022-30,2022,Best Esports Coach,person,"Andrii ""B1ad3"" Horodenskyi ( Natus Vincere , Counter-Strike: Global Offensive )",,,0,2,active,"Andrii ""B1ad3"" Horodenskyi ( Natus Vincere , Counter-Strike: Global Offensive )",https://en.wikipedia.org/wiki/The_Game_Awards_2022,,,,,,,,no_associated_game,,not_publicly_disclosed
2022-30-03,2022-30,2022,Best Esports Coach,person,"Erik ""d00mbr0s"" Sandgren ( FunPlus Phoenix , Valorant )",,,0,3,active,"Erik ""d00mbr0s"" Sandgren ( FunPlus Phoenix , Valorant )",https://en.wikipedia.org/wiki/The_Game_Awards_2022,,,,,,,,no_associated_game,,not_publicly_disclosed
2022-30-04,2022-30,2022,Best Esports Coach,person,"Robert ""RobbaN"" Dahlström ( FaZe Clan , Counter-Strike: Global Offensive )",,,0,4,active,"Robert ""RobbaN"" Dahlström ( FaZe Clan , Counter-Strike: Global Offensive )",https://en.wikipedia.org/wiki/The_Game_Awards_2022,,,,,,,,no_associated_game,,not_publicly_disclosed
2022-30-05,2022-30,2022,Best Esports Coach,person,"Go ""Score"" Dong-bin ( Gen.G , League of Legends )",,,0,5,active,"Go ""Score"" Dong-bin ( Gen.G , League of Legends )",https://en.wikipedia.org/wiki/The_Game_Awards_2022,,,,,,,,no_associated_game,,not_publicly_disclosed
2022-31-01,2022-31,2022,Best Esports Event,other,2022 League of Legends World Championship,,,1,1,active,2022 League of Legends World Championship,https://en.wikipedia.org/wiki/The_Game_Awards_2022,,,,,,,,no_associated_game,,not_publicly_disclosed
2022-31-02,2022-31,2022,Best Esports Event,other,Evo 2022,,,0,2,active,Evo 2022,https://en.wikipedia.org/wiki/The_Game_Awards_2022,,,,,,,,no_associated_game,,not_publicly_disclosed
2022-31-03,2022-31,2022,Best Esports Event,other,PGL Major Antwerp 2022,,,0,3,active,PGL Major Antwerp 2022,https://en.wikipedia.org/wiki/The_Game_Awards_2022,,,,,,,,no_associated_game,,not_publicly_disclosed
2022-31-04,2022-31,2022,Best Esports Event,other,2022 Mid-Season Invitational,,,0,4,active,2022 Mid-Season Invitational,https://en.wikipedia.org/wiki/The_Game_Awards_2022,,,,,,,,no_associated_game,,not_publicly_disclosed
2022-31-05,2022-31,2022,Best Esports Event,other,2022 Valorant Champions,,,0,5,active,2022 Valorant Champions,https://en.wikipedia.org/wiki/The_Game_Awards_2022,,,,,,,,no_associated_game,,not_publicly_disclosed
2022-32-01,2022-32,2022,Content Creator of the Year,person,Ludwig Ahgren,,,1,1,active,Ludwig Ahgren,https://en.wikipedia.org/wiki/The_Game_Awards_2022,,,,,,,,no_associated_game,,not_publicly_disclosed
2022-32-02,2022-32,2022,Content Creator of the Year,person,Karl Jacobs,,,0,2,active,Karl Jacobs,https://en.wikipedia.org/wiki/The_Game_Awards_2022,,,,,,,,no_associated_game,,not_publicly_disclosed
2022-32-03,2022-32,2022,Content Creator of the Year,person,Nibellion,,,0,3,active,Nibellion,https://en.wikipedia.org/wiki/The_Game_Awards_2022,,,,,,,,no_associated_game,,not_publicly_disclosed
2022-32-04,2022-32,2022,Content Creator of the Year,person,Nobru,,,0,4,active,Nobru,https://en.wikipedia.org/wiki/The_Game_Awards_2022,,,,,,,,no_associated_game,,not_publicly_disclosed
2022-32-05,2022-32,2022,Content Creator of the Year,person,QTCinderella,,,0,5,active,QTCinderella,https://en.wikipedia.org/wiki/The_Game_Awards_2022,,,,,,,,no_associated_game,,not_publicly_disclosed
2023-01-01,2023-01,2023,Game of the Year,game,Baldur's Gate 3,Baldur's Gate 3,https://en.wikipedia.org/wiki/Baldur%27s_Gate_3,1,1,active,Baldur's Gate 3 – Larian Studios,https://en.wikipedia.org/wiki/The_Game_Awards_2023,Q64441774,2020-10-06,day,https://www.wikidata.org/wiki/Q64441774#P577,2023-08-03,full PC release after early access,https://www.wikidata.org/wiki/Q64441774#P577,earliest_wikidata_release,,not_publicly_disclosed
2023-01-02,2023-01,2023,Game of the Year,game,Alan Wake 2,Alan Wake 2,https://en.wikipedia.org/wiki/Alan_Wake_2,0,2,active,Alan Wake 2 – Remedy Entertainment / Epic Games Publishing,https://en.wikipedia.org/wiki/The_Game_Awards_2023,Q108417001,2023-10-27,day,https://www.wikidata.org/wiki/Q108417001#P577,2023-10-27,first public release,https://www.wikidata.org/wiki/Q108417001#P577,earliest_wikidata_release,,not_publicly_disclosed
2023-01-03,2023-01,2023,Game of the Year,game,The Legend of Zelda: Tears of the Kingdom,The Legend of Zelda: Tears of the Kingdom,https://en.wikipedia.org/wiki/The_Legend_of_Zelda:_Tears_of_the_Kingdom,0,3,active,The Legend of Zelda: Tears of the Kingdom – Nintendo EPD / Nintendo,https://en.wikipedia.org/wiki/The_Game_Awards_2023,Q64577191,2023-05-12,day,https://www.wikidata.org/wiki/Q64577191#P577,2023-05-12,first public release,https://www.wikidata.org/wiki/Q64577191#P577,earliest_wikidata_release,,not_publicly_disclosed
2023-01-04,2023-01,2023,Game of the Year,game,Marvel's Spider-Man 2,Marvel's Spider-Man 2,https://en.wikipedia.org/wiki/Marvel%27s_Spider-Man_2,0,4,active,Marvel's Spider-Man 2 – Insomniac Games / Sony Interactive Entertainment,https://en.wikipedia.org/wiki/The_Game_Awards_2023,Q108479502,2023-10-20,day,https://www.wikidata.org/wiki/Q108479502#P577,2023-10-20,first public release,https://www.wikidata.org/wiki/Q108479502#P577,earliest_wikidata_release,,not_publicly_disclosed
2023-01-05,2023-01,2023,Game of the Year,game,Resident Evil 4,Resident Evil 4,https://en.wikipedia.org/wiki/Resident_Evil_4_(2023_video_game),0,5,active,Resident Evil 4 – Capcom,https://en.wikipedia.org/wiki/The_Game_Awards_2023,Q112231148,2023-03-24,day,https://www.wikidata.org/wiki/Q112231148#P577,2023-03-24,first public release,https://www.wikidata.org/wiki/Q112231148#P577,earliest_wikidata_release,,not_publicly_disclosed
2023-01-06,2023-01,2023,Game of the Year,game,Super Mario Bros. Wonder,Super Mario Bros. Wonder,https://en.wikipedia.org/wiki/Super_Mario_Bros._Wonder,0,6,active,Super Mario Bros. Wonder – Nintendo EPD / Nintendo,https://en.wikipedia.org/wiki/The_Game_Awards_2023,Q119819453,2023-10-20,day,https://www.wikidata.org/wiki/Q119819453#P577,2023-10-20,first public release,https://www.wikidata.org/wiki/Q119819453#P577,earliest_wikidata_release,,not_publicly_disclosed
2023-02-01,2023-02,2023,Best Game Direction,game,Alan Wake 2,Alan Wake 2,https://en.wikipedia.org/wiki/Alan_Wake_2,1,1,active,Alan Wake 2 – Remedy Entertainment / Epic Games Publishing,https://en.wikipedia.org/wiki/The_Game_Awards_2023,Q108417001,2023-10-27,day,https://www.wikidata.org/wiki/Q108417001#P577,2023-10-27,first public release,https://www.wikidata.org/wiki/Q108417001#P577,earliest_wikidata_release,,not_publicly_disclosed
2023-02-02,2023-02,2023,Best Game Direction,game,Baldur's Gate 3,Baldur's Gate 3,https://en.wikipedia.org/wiki/Baldur%27s_Gate_3,0,2,active,Baldur's Gate 3 – Larian Studios,https://en.wikipedia.org/wiki/The_Game_Awards_2023,Q64441774,2020-10-06,day,https://www.wikidata.org/wiki/Q64441774#P577,2023-08-03,full PC release after early access,https://www.wikidata.org/wiki/Q64441774#P577,earliest_wikidata_release,,not_publicly_disclosed
2023-02-03,2023-02,2023,Best Game Direction,game,The Legend of Zelda: Tears of the Kingdom,The Legend of Zelda: Tears of the Kingdom,https://en.wikipedia.org/wiki/The_Legend_of_Zelda:_Tears_of_the_Kingdom,0,3,active,The Legend of Zelda: Tears of the Kingdom – Nintendo EPD / Nintendo,https://en.wikipedia.org/wiki/The_Game_Awards_2023,Q64577191,2023-05-12,day,https://www.wikidata.org/wiki/Q64577191#P577,2023-05-12,first public release,https://www.wikidata.org/wiki/Q64577191#P577,earliest_wikidata_release,,not_publicly_disclosed
2023-02-04,2023-02,2023,Best Game Direction,game,Marvel's Spider-Man 2,Marvel's Spider-Man 2,https://en.wikipedia.org/wiki/Marvel%27s_Spider-Man_2,0,4,active,Marvel's Spider-Man 2 – Insomniac Games / Sony Interactive Entertainment,https://en.wikipedia.org/wiki/The_Game_Awards_2023,Q108479502,2023-10-20,day,https://www.wikidata.org/wiki/Q108479502#P577,2023-10-20,first public release,https://www.wikidata.org/wiki/Q108479502#P577,earliest_wikidata_release,,not_publicly_disclosed
2023-02-05,2023-02,2023,Best Game Direction,game,Super Mario Bros. Wonder,Super Mario Bros. Wonder,https://en.wikipedia.org/wiki/Super_Mario_Bros._Wonder,0,5,active,Super Mario Bros. Wonder – Nintendo EPD / Nintendo,https://en.wikipedia.org/wiki/The_Game_Awards_2023,Q119819453,2023-10-20,day,https://www.wikidata.org/wiki/Q119819453#P577,2023-10-20,first public release,https://www.wikidata.org/wiki/Q119819453#P577,earliest_wikidata_release,,not_publicly_disclosed
2023-03-01,2023-03,2023,Best Narrative,game,Alan Wake 2,Alan Wake 2,https://en.wikipedia.org/wiki/Alan_Wake_2,1,1,active,Alan Wake 2 – Remedy Entertainment / Epic Games Publishing,https://en.wikipedia.org/wiki/The_Game_Awards_2023,Q108417001,2023-10-27,day,https://www.wikidata.org/wiki/Q108417001#P577,2023-10-27,first public release,https://www.wikidata.org/wiki/Q108417001#P577,earliest_wikidata_release,,not_publicly_disclosed
2023-03-02,2023-03,2023,Best Narrative,game,Baldur's Gate 3,Baldur's Gate 3,https://en.wikipedia.org/wiki/Baldur%27s_Gate_3,0,2,active,Baldur's Gate 3 – Larian Studios,https://en.wikipedia.org/wiki/The_Game_Awards_2023,Q64441774,2020-10-06,day,https://www.wikidata.org/wiki/Q64441774#P577,2023-08-03,full PC release after early access,https://www.wikidata.org/wiki/Q64441774#P577,earliest_wikidata_release,,not_publicly_disclosed
2023-03-03,2023-03,2023,Best Narrative,game,Cyberpunk 2077: Phantom Liberty,Cyberpunk 2077: Phantom Liberty,https://en.wikipedia.org/wiki/Cyberpunk_2077:_Phantom_Liberty,0,3,active,Cyberpunk 2077: Phantom Liberty – CD Projekt Red / CD Projekt,https://en.wikipedia.org/wiki/The_Game_Awards_2023,Q113826614,2023-09-26,day,https://www.wikidata.org/wiki/Q113826614#P577,2023-09-26,first public release,https://www.wikidata.org/wiki/Q113826614#P577,earliest_wikidata_release,,not_publicly_disclosed
2023-03-04,2023-03,2023,Best Narrative,game,Final Fantasy XVI,Final Fantasy XVI,https://en.wikipedia.org/wiki/Final_Fantasy_XVI,0,4,active,Final Fantasy XVI – Square Enix,https://en.wikipedia.org/wiki/The_Game_Awards_2023,Q99397792,2023-06-22,day,https://www.wikidata.org/wiki/Q99397792#P577,2023-06-22,first public release,https://www.wikidata.org/wiki/Q99397792#P577,earliest_wikidata_release,,not_publicly_disclosed
2023-03-05,2023-03,2023,Best Narrative,game,Marvel's Spider-Man 2,Marvel's Spider-Man 2,https://en.wikipedia.org/wiki/Marvel%27s_Spider-Man_2,0,5,active,Marvel's Spider-Man 2 – Insomniac Games / Sony Interactive Entertainment,https://en.wikipedia.org/wiki/The_Game_Awards_2023,Q108479502,2023-10-20,day,https://www.wikidata.org/wiki/Q108479502#P577,2023-10-20,first public release,https://www.wikidata.org/wiki/Q108479502#P577,earliest_wikidata_release,,not_publicly_disclosed
2023-04-01,2023-04,2023,Best Art Direction,game,Alan Wake 2,Alan Wake 2,https://en.wikipedia.org/wiki/Alan_Wake_2,1,1,active,Alan Wake 2 – Remedy Entertainment / Epic Games Publishing,https://en.wikipedia.org/wiki/The_Game_Awards_2023,Q108417001,2023-10-27,day,https://www.wikidata.org/wiki/Q108417001#P577,2023-10-27,first public release,https://www.wikidata.org/wiki/Q108417001#P577,earliest_wikidata_release,,not_publicly_disclosed
2023-04-02,2023-04,2023,Best Art Direction,game,Hi-Fi Rush,Hi-Fi Rush,https://en.wikipedia.org/wiki/Hi-Fi_Rush,0,2,active,Hi-Fi Rush – Tango Gameworks / Bethesda Softworks,https://en.wikipedia.org/wiki/The_Game_Awards_2023,Q116439515,2023-01-25,day,https://www.wikidata.org/wiki/Q116439515#P577,2023-01-25,first public release,https://www.wikidata.org/wiki/Q116439515#P577,earliest_wikidata_release,,not_publicly_disclosed
2023-04-03,2023-04,2023,Best Art Direction,game,The Legend of Zelda: Tears of the Kingdom,The Legend of Zelda: Tears of the Kingdom,https://en.wikipedia.org/wiki/The_Legend_of_Zelda:_Tears_of_the_Kingdom,0,3,active,The Legend of Zelda: Tears of the Kingdom – Nintendo EPD / Nintendo,https://en.wikipedia.org/wiki/The_Game_Awards_2023,Q64577191,2023-05-12,day,https://www.wikidata.org/wiki/Q64577191#P577,2023-05-12,first public release,https://www.wikidata.org/wiki/Q64577191#P577,earliest_wikidata_release,,not_publicly_disclosed
2023-04-04,2023-04,2023,Best Art Direction,game,Lies of P,Lies of P,https://en.wikipedia.org/wiki/Lies_of_P,0,4,active,Lies of P – Round8 Studio / Neowiz,https://en.wikipedia.org/wiki/The_Game_Awards_2023,Q109820884,2023-09-19,day,https://www.wikidata.org/wiki/Q109820884#P577,2023-09-19,first public release,https://www.wikidata.org/wiki/Q109820884#P577,earliest_wikidata_release,,not_publicly_disclosed
2023-04-05,2023-04,2023,Best Art Direction,game,Super Mario Bros. Wonder,Super Mario Bros. Wonder,https://en.wikipedia.org/wiki/Super_Mario_Bros._Wonder,0,5,active,Super Mario Bros. Wonder – Nintendo EPD / Nintendo,https://en.wikipedia.org/wiki/The_Game_Awards_2023,Q119819453,2023-10-20,day,https://www.wikidata.org/wiki/Q119819453#P577,2023-10-20,first public release,https://www.wikidata.org/wiki/Q119819453#P577,earliest_wikidata_release,,not_publicly_disclosed
2023-05-01,2023-05,2023,Best Score and Music,game,Final Fantasy XVI,Final Fantasy XVI,https://en.wikipedia.org/wiki/Final_Fantasy_XVI,1,1,active,Final Fantasy XVI – Masayoshi Soken,https://en.wikipedia.org/wiki/The_Game_Awards_2023,Q99397792,2023-06-22,day,https://www.wikidata.org/wiki/Q99397792#P577,2023-06-22,first public release,https://www.wikidata.org/wiki/Q99397792#P577,earliest_wikidata_release,,not_publicly_disclosed
2023-05-02,2023-05,2023,Best Score and Music,game,Alan Wake 2,Alan Wake 2,https://en.wikipedia.org/wiki/Alan_Wake_2,0,2,active,Alan Wake 2 – Petri Alanko,https://en.wikipedia.org/wiki/The_Game_Awards_2023,Q108417001,2023-10-27,day,https://www.wikidata.org/wiki/Q108417001#P577,2023-10-27,first public release,https://www.wikidata.org/wiki/Q108417001#P577,earliest_wikidata_release,,not_publicly_disclosed
2023-05-03,2023-05,2023,Best Score and Music,game,Baldur's Gate 3,Baldur's Gate 3,https://en.wikipedia.org/wiki/Baldur%27s_Gate_3,0,3,active,Baldur's Gate 3 – Borislav Slavov,https://en.wikipedia.org/wiki/The_Game_Awards_2023,Q64441774,2020-10-06,day,https://www.wikidata.org/wiki/Q64441774#P577,2023-08-03,full PC release after early access,https://www.wikidata.org/wiki/Q64441774#P577,earliest_wikidata_release,,not_publicly_disclosed
2023-05-04,2023-05,2023,Best Score and Music,game,Hi-Fi Rush,Hi-Fi Rush,https://en.wikipedia.org/wiki/Hi-Fi_Rush,0,4,active,Hi-Fi Rush – Shuichi Kobori,https://en.wikipedia.org/wiki/The_Game_Awards_2023,Q116439515,2023-01-25,day,https://www.wikidata.org/wiki/Q116439515#P577,2023-01-25,first public release,https://www.wikidata.org/wiki/Q116439515#P577,earliest_wikidata_release,,not_publicly_disclosed
2023-05-05,2023-05,2023,Best Score and Music,game,The Legend of Zelda: Tears of the Kingdom,The Legend of Zelda: Tears of the Kingdom,https://en.wikipedia.org/wiki/The_Legend_of_Zelda:_Tears_of_the_Kingdom,0,5,active,The Legend of Zelda: Tears of the Kingdom – Nintendo,https://en.wikipedia.org/wiki/The_Game_Awards_2023,Q64577191,2023-05-12,day,https://www.wikidata.org/wiki/Q64577191#P577,2023-05-12,first public release,https://www.wikidata.org/wiki/Q64577191#P577,earliest_wikidata_release,,not_publicly_disclosed
2023-06-01,2023-06,2023,Best Audio Design,game,Hi-Fi Rush,Hi-Fi Rush,https://en.wikipedia.org/wiki/Hi-Fi_Rush,1,1,active,Hi-Fi Rush – Tango Gameworks / Bethesda Softworks,https://en.wikipedia.org/wiki/The_Game_Awards_2023,Q116439515,2023-01-25,day,https://www.wikidata.org/wiki/Q116439515#P577,2023-01-25,first public release,https://www.wikidata.org/wiki/Q116439515#P577,earliest_wikidata_release,,not_publicly_disclosed
2023-06-02,2023-06,2023,Best Audio Design,game,Alan Wake 2,Alan Wake 2,https://en.wikipedia.org/wiki/Alan_Wake_2,0,2,active,Alan Wake 2 – Remedy Entertainment / Epic Games Publishing,https://en.wikipedia.org/wiki/The_Game_Awards_2023,Q108417001,2023-10-27,day,https://www.wikidata.org/wiki/Q108417001#P577,2023-10-27,first public release,https://www.wikidata.org/wiki/Q108417001#P577,earliest_wikidata_release,,not_publicly_disclosed
2023-06-03,2023-06,2023,Best Audio Design,game,Dead Space,Dead Space,https://en.wikipedia.org/wiki/Dead_Space_(2023_video_game),0,3,active,Dead Space – Motive Studios / Electronic Arts,https://en.wikipedia.org/wiki/The_Game_Awards_2023,Q107616212,2023-01-27,day,https://www.wikidata.org/wiki/Q107616212#P577,2023-01-27,first public release,https://www.wikidata.org/wiki/Q107616212#P577,earliest_wikidata_release,,not_publicly_disclosed
2023-06-04,2023-06,2023,Best Audio Design,game,Marvel's Spider-Man 2,Marvel's Spider-Man 2,https://en.wikipedia.org/wiki/Marvel%27s_Spider-Man_2,0,4,active,Marvel's Spider-Man 2 – Insomniac Games / Sony Interactive Entertainment,https://en.wikipedia.org/wiki/The_Game_Awards_2023,Q108479502,2023-10-20,day,https://www.wikidata.org/wiki/Q108479502#P577,2023-10-20,first public release,https://www.wikidata.org/wiki/Q108479502#P577,earliest_wikidata_release,,not_publicly_disclosed
2023-06-05,2023-06,2023,Best Audio Design,game,Resident Evil 4,Resident Evil 4,https://en.wikipedia.org/wiki/Resident_Evil_4_(2023_video_game),0,5,active,Resident Evil 4 – Capcom,https://en.wikipedia.org/wiki/The_Game_Awards_2023,Q112231148,2023-03-24,day,https://www.wikidata.org/wiki/Q112231148#P577,2023-03-24,first public release,https://www.wikidata.org/wiki/Q112231148#P577,earliest_wikidata_release,,not_publicly_disclosed
2023-07-01,2023-07,2023,Best Performance,performance,Neil Newbon as Astarion,Baldur's Gate 3,https://en.wikipedia.org/wiki/Baldur%27s_Gate_3,1,1,active,Neil Newbon as Astarion – Baldur's Gate 3,https://en.wikipedia.org/wiki/The_Game_Awards_2023,Q64441774,2020-10-06,day,https://www.wikidata.org/wiki/Q64441774#P577,2023-08-03,full PC release after early access,https://www.wikidata.org/wiki/Q64441774#P577,earliest_wikidata_release,,not_publicly_disclosed
2023-07-02,2023-07,2023,Best Performance,performance,Idris Elba as Solomon Reed,Cyberpunk 2077: Phantom Liberty,https://en.wikipedia.org/wiki/Cyberpunk_2077:_Phantom_Liberty,0,2,active,Idris Elba as Solomon Reed – Cyberpunk 2077: Phantom Liberty,https://en.wikipedia.org/wiki/The_Game_Awards_2023,Q113826614,2023-09-26,day,https://www.wikidata.org/wiki/Q113826614#P577,2023-09-26,first public release,https://www.wikidata.org/wiki/Q113826614#P577,earliest_wikidata_release,,not_publicly_disclosed
2023-07-03,2023-07,2023,Best Performance,performance,Melanie Liburd as Saga Anderson,Alan Wake 2,https://en.wikipedia.org/wiki/Alan_Wake_2,0,3,active,Melanie Liburd as Saga Anderson – Alan Wake 2,https://en.wikipedia.org/wiki/The_Game_Awards_2023,Q108417001,2023-10-27,day,https://www.wikidata.org/wiki/Q108417001#P577,2023-10-27,first public release,https://www.wikidata.org/wiki/Q108417001#P577,earliest_wikidata_release,,not_publicly_disclosed
2023-07-04,2023-07,2023,Best Performance,performance,Yuri Lowenthal as Peter Parker / Spider-Man,Marvel's Spider-Man 2,https://en.wikipedia.org/wiki/Marvel%27s_Spider-Man_2,0,4,active,Yuri Lowenthal as Peter Parker / Spider-Man – Marvel's Spider-Man 2,https://en.wikipedia.org/wiki/The_Game_Awards_2023,Q108479502,2023-10-20,day,https://www.wikidata.org/wiki/Q108479502#P577,2023-10-20,first public release,https://www.wikidata.org/wiki/Q108479502#P577,earliest_wikidata_release,,not_publicly_disclosed
2023-07-05,2023-07,2023,Best Performance,performance,Cameron Monaghan as Cal Kestis,Star Wars Jedi: Survivor,https://en.wikipedia.org/wiki/Star_Wars_Jedi:_Survivor,0,5,active,Cameron Monaghan as Cal Kestis – Star Wars Jedi: Survivor,https://en.wikipedia.org/wiki/The_Game_Awards_2023,Q112704136,2023-03-17,day,https://www.wikidata.org/wiki/Q112704136#P577,2023-03-17,first public release,https://www.wikidata.org/wiki/Q112704136#P577,earliest_wikidata_release,,not_publicly_disclosed
2023-07-06,2023-07,2023,Best Performance,performance,Ben Starr as Clive Rosfield,Final Fantasy XVI,https://en.wikipedia.org/wiki/Final_Fantasy_XVI,0,6,active,Ben Starr as Clive Rosfield – Final Fantasy XVI,https://en.wikipedia.org/wiki/The_Game_Awards_2023,Q99397792,2023-06-22,day,https://www.wikidata.org/wiki/Q99397792#P577,2023-06-22,first public release,https://www.wikidata.org/wiki/Q99397792#P577,earliest_wikidata_release,,not_publicly_disclosed
2023-08-01,2023-08,2023,Games for Impact,game,Tchia,Tchia,https://en.wikipedia.org/wiki/Tchia,1,1,active,Tchia – Awaceb / Kepler Interactive,https://en.wikipedia.org/wiki/The_Game_Awards_2023,Q111983059,2023-03-21,day,https://www.wikidata.org/wiki/Q111983059#P577,2023-03-21,first public release,https://www.wikidata.org/wiki/Q111983059#P577,earliest_wikidata_release,,not_publicly_disclosed
2023-08-02,2023-08,2023,Games for Impact,game,A Space for the Unbound,A Space for the Unbound,https://en.wikipedia.org/wiki/A_Space_for_the_Unbound,0,2,active,A Space for the Unbound – Mojiken Studio / Toge Productions,https://en.wikipedia.org/wiki/The_Game_Awards_2023,Q116375292,2023-01-19,day,https://www.wikidata.org/wiki/Q116375292#P577,2023-01-19,first public release,https://www.wikidata.org/wiki/Q116375292#P577,earliest_wikidata_release,,not_publicly_disclosed
2023-08-03,2023-08,2023,Games for Impact,game,Chants of Sennaar,Chants of Sennaar,https://en.wikipedia.org/wiki/Chants_of_Sennaar,0,3,active,Chants of Sennaar – Rundisc / Focus Entertainment,https://en.wikipedia.org/wiki/The_Game_Awards_2023,Q122234668,2023-09-05,day,https://www.wikidata.org/wiki/Q122234668#P577,2023-09-05,first public release,https://www.wikidata.org/wiki/Q122234668#P577,earliest_wikidata_release,,not_publicly_disclosed
2023-08-04,2023-08,2023,Games for Impact,game,Goodbye Volcano High,Goodbye Volcano High,https://en.wikipedia.org/wiki/Goodbye_Volcano_High,0,4,active,Goodbye Volcano High – KO_OP,https://en.wikipedia.org/wiki/The_Game_Awards_2023,Q96240035,2023-08-29,day,https://www.wikidata.org/wiki/Q96240035#P577,2023-08-29,first public release,https://www.wikidata.org/wiki/Q96240035#P577,earliest_wikidata_release,,not_publicly_disclosed
2023-08-05,2023-08,2023,Games for Impact,game,Terra Nil,Terra Nil,https://en.wikipedia.org/wiki/Terra_Nil,0,5,active,Terra Nil – Free Lives / Devolver Digital,https://en.wikipedia.org/wiki/The_Game_Awards_2023,Q86497383,2023-03-28,day,https://www.wikidata.org/wiki/Q86497383#P577,2023-03-28,first public release,https://www.wikidata.org/wiki/Q86497383#P577,earliest_wikidata_release,,not_publicly_disclosed
2023-08-06,2023-08,2023,Games for Impact,game,Venba,Venba,https://en.wikipedia.org/wiki/Venba_(video_game),0,6,active,Venba – Visai Games,https://en.wikipedia.org/wiki/The_Game_Awards_2023,Q115153436,2023-07-31,day,https://www.wikidata.org/wiki/Q115153436#P577,2023-07-31,first public release,https://www.wikidata.org/wiki/Q115153436#P577,earliest_wikidata_release,,not_publicly_disclosed
2023-09-01,2023-09,2023,Best Independent Game,game,Sea of Stars,Sea of Stars,https://en.wikipedia.org/wiki/Sea_of_Stars,1,1,active,Sea of Stars – Sabotage Studio,https://en.wikipedia.org/wiki/The_Game_Awards_2023,Q106974937,2023-08-29,day,https://www.wikidata.org/wiki/Q106974937#P577,2023-08-29,first public release,https://www.wikidata.org/wiki/Q106974937#P577,earliest_wikidata_release,,not_publicly_disclosed
2023-09-02,2023-09,2023,Best Independent Game,game,Cocoon,Cocoon,https://en.wikipedia.org/wiki/Cocoon_(video_game),0,2,active,Cocoon – Geometric Interactive / Annapurna Interactive,https://en.wikipedia.org/wiki/The_Game_Awards_2023,Q112618750,2023-09-29,day,https://www.wikidata.org/wiki/Q112618750#P577,2023-09-29,first public release,https://www.wikidata.org/wiki/Q112618750#P577,earliest_wikidata_release,,not_publicly_disclosed
2023-09-03,2023-09,2023,Best Independent Game,game,Dave the Diver,Dave the Diver,https://en.wikipedia.org/wiki/Dave_the_Diver,0,3,active,Dave the Diver – Mintrocket,https://en.wikipedia.org/wiki/The_Game_Awards_2023,Q114995908,2022-10-27,day,https://www.wikidata.org/wiki/Q114995908#P577,,,,earliest_wikidata_release,,not_publicly_disclosed
2023-09-04,2023-09,2023,Best Independent Game,game,Dredge,Dredge,https://en.wikipedia.org/wiki/Dredge_(video_game),0,4,active,Dredge – Black Salt Games / Team17,https://en.wikipedia.org/wiki/The_Game_Awards_2023,Q113647971,2023-03-30,day,https://www.wikidata.org/wiki/Q113647971#P577,2023-03-30,first public release,https://www.wikidata.org/wiki/Q113647971#P577,earliest_wikidata_release,,not_publicly_disclosed
2023-09-05,2023-09,2023,Best Independent Game,game,Viewfinder,Viewfinder,https://en.wikipedia.org/wiki/Viewfinder_(video_game),0,5,active,Viewfinder – Sad Owl Studios / Thunderful Publishing,https://en.wikipedia.org/wiki/The_Game_Awards_2023,Q120733019,2023-07-18,day,https://www.wikidata.org/wiki/Q120733019#P577,2023-07-18,first public release,https://www.wikidata.org/wiki/Q120733019#P577,earliest_wikidata_release,,not_publicly_disclosed
2023-10-01,2023-10,2023,Best Debut Indie Game,game,Cocoon,Cocoon,https://en.wikipedia.org/wiki/Cocoon_(video_game),1,1,active,Cocoon – Geometric Interactive / Annapurna Interactive,https://en.wikipedia.org/wiki/The_Game_Awards_2023,Q112618750,2023-09-29,day,https://www.wikidata.org/wiki/Q112618750#P577,2023-09-29,first public release,https://www.wikidata.org/wiki/Q112618750#P577,earliest_wikidata_release,,not_publicly_disclosed
2023-10-02,2023-10,2023,Best Debut Indie Game,game,Dredge,Dredge,https://en.wikipedia.org/wiki/Dredge_(video_game),0,2,active,Dredge – Black Salt Games / Team17,https://en.wikipedia.org/wiki/The_Game_Awards_2023,Q113647971,2023-03-30,day,https://www.wikidata.org/wiki/Q113647971#P577,2023-03-30,first public release,https://www.wikidata.org/wiki/Q113647971#P577,earliest_wikidata_release,,not_publicly_disclosed
2023-10-03,2023-10,2023,Best Debut Indie Game,game,Pizza Tower,Pizza Tower,https://en.wikipedia.org/wiki/Pizza_Tower,0,3,active,Pizza Tower – Tour De Pizza,https://en.wikipedia.org/wiki/The_Game_Awards_2023,Q116590057,2023-01-26,day,https://www.wikidata.org/wiki/Q116590057#P577,2023-01-26,first public release,https://www.wikidata.org/wiki/Q116590057#P577,earliest_wikidata_release,,not_publicly_disclosed
2023-10-04,2023-10,2023,Best Debut Indie Game,game,Venba,Venba,https://en.wikipedia.org/wiki/Venba_(video_game),0,4,active,Venba – Visai Games,https://en.wikipedia.org/wiki/The_Game_Awards_2023,Q115153436,2023-07-31,day,https://www.wikidata.org/wiki/Q115153436#P577,2023-07-31,first public release,https://www.wikidata.org/wiki/Q115153436#P577,earliest_wikidata_release,,not_publicly_disclosed
2023-10-05,2023-10,2023,Best Debut Indie Game,game,Viewfinder,Viewfinder,https://en.wikipedia.org/wiki/Viewfinder_(video_game),0,5,active,Viewfinder – Sad Owl Studios / Thunderful Publishing,https://en.wikipedia.org/wiki/The_Game_Awards_2023,Q120733019,2023-07-18,day,https://www.wikidata.org/wiki/Q120733019#P577,2023-07-18,first public release,https://www.wikidata.org/wiki/Q120733019#P577,earliest_wikidata_release,,not_publicly_disclosed
2023-11-01,2023-11,2023,Best Ongoing Game,game,Cyberpunk 2077,Cyberpunk 2077,https://en.wikipedia.org/wiki/Cyberpunk_2077,1,1,active,Cyberpunk 2077 – CD Projekt Red / CD Projekt,https://en.wikipedia.org/wiki/The_Game_Awards_2023,Q3182559,2020-12-10,day,https://www.wikidata.org/wiki/Q3182559#P577,,,,earliest_wikidata_release,,not_publicly_disclosed
2023-11-02,2023-11,2023,Best Ongoing Game,game,Apex Legends,Apex Legends,https://en.wikipedia.org/wiki/Apex_Legends,0,2,active,Apex Legends – Respawn Entertainment / Electronic Arts,https://en.wikipedia.org/wiki/The_Game_Awards_2023,Q61478103,2019-02-04,day,https://www.wikidata.org/wiki/Q61478103#P577,,,,earliest_wikidata_release,,not_publicly_disclosed
2023-11-03,2023-11,2023,Best Ongoing Game,game,Final Fantasy XIV,Final Fantasy XIV,https://en.wikipedia.org/wiki/Final_Fantasy_XIV,0,3,active,Final Fantasy XIV – Square Enix,https://en.wikipedia.org/wiki/The_Game_Awards_2023,Q5449393,2013-08-27,day,https://www.wikidata.org/wiki/Q5449393#P577,,,,earliest_wikidata_release,,not_publicly_disclosed
2023-11-04,2023-11,2023,Best Ongoing Game,game,Fortnite,Fortnite,https://en.wikipedia.org/wiki/Fortnite,0,4,active,Fortnite – Epic Games,https://en.wikipedia.org/wiki/The_Game_Awards_2023,Q349375,2017-07-25,day,https://www.wikidata.org/wiki/Q349375#P577,,,,earliest_wikidata_release,,not_publicly_disclosed
2023-11-05,2023-11,2023,Best Ongoing Game,game,Genshin Impact,Genshin Impact,https://en.wikipedia.org/wiki/Genshin_Impact,0,5,active,Genshin Impact – miHoYo / HoYoverse,https://en.wikipedia.org/wiki/The_Game_Awards_2023,Q65059474,2020-09-28,day,https://www.wikidata.org/wiki/Q65059474#P577,,,,earliest_wikidata_release,,not_publicly_disclosed
2023-12-01,2023-12,2023,Best Community Support,game,Baldur's Gate 3,Baldur's Gate 3,https://en.wikipedia.org/wiki/Baldur%27s_Gate_3,1,1,active,Baldur's Gate 3 – Larian Studios,https://en.wikipedia.org/wiki/The_Game_Awards_2023,Q64441774,2020-10-06,day,https://www.wikidata.org/wiki/Q64441774#P577,2023-08-03,full PC release after early access,https://www.wikidata.org/wiki/Q64441774#P577,earliest_wikidata_release,,not_publicly_disclosed
2023-12-02,2023-12,2023,Best Community Support,game,Cyberpunk 2077,Cyberpunk 2077,https://en.wikipedia.org/wiki/Cyberpunk_2077,0,2,active,Cyberpunk 2077 – CD Projekt Red / CD Projekt,https://en.wikipedia.org/wiki/The_Game_Awards_2023,Q3182559,2020-12-10,day,https://www.wikidata.org/wiki/Q3182559#P577,,,,earliest_wikidata_release,,not_publicly_disclosed
2023-12-03,2023-12,2023,Best Community Support,game,Destiny 2,Destiny 2,https://en.wikipedia.org/wiki/Destiny_2,0,3,active,Destiny 2 – Bungie,https://en.wikipedia.org/wiki/The_Game_Awards_2023,Q29045915,2017-09-06,day,https://www.wikidata.org/wiki/Q29045915#P577,,,,earliest_wikidata_release,,not_publicly_disclosed
2023-12-04,2023-12,2023,Best Community Support,game,Final Fantasy XIV,Final Fantasy XIV,https://en.wikipedia.org/wiki/Final_Fantasy_XIV,0,4,active,Final Fantasy XIV – Square Enix,https://en.wikipedia.org/wiki/The_Game_Awards_2023,Q5449393,2013-08-27,day,https://www.wikidata.org/wiki/Q5449393#P577,,,,earliest_wikidata_release,,not_publicly_disclosed
2023-12-05,2023-12,2023,Best Community Support,game,No Man's Sky,No Man's Sky,https://en.wikipedia.org/wiki/No_Man%27s_Sky,0,5,active,No Man's Sky – Hello Games,https://en.wikipedia.org/wiki/The_Game_Awards_2023,Q15297043,2016-08-09,day,https://www.wikidata.org/wiki/Q15297043#P577,,,,earliest_wikidata_release,,not_publicly_disclosed
2023-13-01,2023-13,2023,Best Mobile Game,game,Honkai: Star Rail,Honkai: Star Rail,https://en.wikipedia.org/wiki/Honkai:_Star_Rail,1,1,active,Honkai: Star Rail – miHoYo / HoYoverse,https://en.wikipedia.org/wiki/The_Game_Awards_2023,Q108896777,2023-04-26,day,https://www.wikidata.org/wiki/Q108896777#P577,2023-04-26,first public release,https://www.wikidata.org/wiki/Q108896777#P577,earliest_wikidata_release,,not_publicly_disclosed
2023-13-02,2023-13,2023,Best Mobile Game,game,Final Fantasy VII: Ever Crisis,Final Fantasy VII: Ever Crisis,https://en.wikipedia.org/wiki/Final_Fantasy_VII:_Ever_Crisis,0,2,active,"Final Fantasy VII: Ever Crisis – Applibot, Square Enix Creative Business Unit I / Square Enix",https://en.wikipedia.org/wiki/The_Game_Awards_2023,Q105689376,2023-09-07,day,https://www.wikidata.org/wiki/Q105689376#P577,2023-09-07,first public release,https://www.wikidata.org/wiki/Q105689376#P577,earliest_wikidata_release,,not_publicly_disclosed
2023-13-03,2023-13,2023,Best Mobile Game,game,Hello Kitty Island Adventure,Hello Kitty Island Adventure,https://en.wikipedia.org/wiki/Hello_Kitty_Island_Adventure,0,3,active,Hello Kitty Island Adventure – Sunblink,https://en.wikipedia.org/wiki/The_Game_Awards_2023,Q121770549,2023-07-28,day,https://www.wikidata.org/wiki/Q121770549#P577,2023-07-28,first public release,https://www.wikidata.org/wiki/Q121770549#P577,earliest_wikidata_release,,not_publicly_disclosed
2023-13-04,2023-13,2023,Best Mobile Game,game,Monster Hunter Now,Monster Hunter Now,https://en.wikipedia.org/wiki/Monster_Hunter_Now,0,4,active,"Monster Hunter Now – Niantic , Capcom",https://en.wikipedia.org/wiki/The_Game_Awards_2023,Q117788817,2023-09-14,day,https://www.wikidata.org/wiki/Q117788817#P577,2023-09-14,first public release,https://www.wikidata.org/wiki/Q117788817#P577,earliest_wikidata_release,,not_publicly_disclosed
2023-13-05,2023-13,2023,Best Mobile Game,game,Terra Nil,Terra Nil,https://en.wikipedia.org/wiki/Terra_Nil,0,5,active,Terra Nil – Free Lives / Devolver Digital,https://en.wikipedia.org/wiki/The_Game_Awards_2023,Q86497383,2023-03-28,day,https://www.wikidata.org/wiki/Q86497383#P577,2023-03-28,first public release,https://www.wikidata.org/wiki/Q86497383#P577,earliest_wikidata_release,,not_publicly_disclosed
2023-14-01,2023-14,2023,Best VR / AR Game,game,Resident Evil Village,Resident Evil Village,https://en.wikipedia.org/wiki/Resident_Evil_Village,1,1,active,Resident Evil Village – Capcom,https://en.wikipedia.org/wiki/The_Game_Awards_2023,Q96216515,2021-05-07,day,https://www.wikidata.org/wiki/Q96216515#P577,2023-02-22,PlayStation VR2 mode,https://en.wikipedia.org/wiki/Resident_Evil_Village,earliest_wikidata_release,,not_publicly_disclosed
2023-14-02,2023-14,2023,Best VR / AR Game,game,Gran Turismo 7,Gran Turismo 7,https://en.wikipedia.org/wiki/Gran_Turismo_7,0,2,active,Gran Turismo 7 – Polyphony Digital / Sony Interactive Entertainment,https://en.wikipedia.org/wiki/The_Game_Awards_2023,Q18345763,2022-03-04,day,https://www.wikidata.org/wiki/Q18345763#P577,2023-02-22,PlayStation VR2 availability,https://blog.playstation.com/2023/02/20/gran-turismo-7-update-1-29-includes-ps-vr2-upgrade-a-race-against-superhuman-ai-a-classic-gt-track-and-5-new-cars/,earliest_wikidata_release,,not_publicly_disclosed
2023-14-03,2023-14,2023,Best VR / AR Game,game,Humanity,Humanity,https://en.wikipedia.org/wiki/Humanity_(video_game),0,3,active,Humanity – tha LTD. / Enhance Games,https://en.wikipedia.org/wiki/The_Game_Awards_2023,Q118399270,2023-05-16,day,https://www.wikidata.org/wiki/Q118399270#P577,2023-05-16,first public release,https://www.wikidata.org/wiki/Q118399270#P577,earliest_wikidata_release,,not_publicly_disclosed
2023-14-04,2023-14,2023,Best VR / AR Game,game,Horizon Call of the Mountain,Horizon Call of the Mountain,https://en.wikipedia.org/wiki/Horizon_Call_of_the_Mountain,0,4,active,"Horizon Call of the Mountain – Guerrilla Games , Firesprite / Sony Interactive Entertainment",https://en.wikipedia.org/wiki/The_Game_Awards_2023,Q110422709,2023-02-22,day,https://www.wikidata.org/wiki/Q110422709#P577,2023-02-22,first public release,https://www.wikidata.org/wiki/Q110422709#P577,earliest_wikidata_release,,not_publicly_disclosed
2023-14-05,2023-14,2023,Best VR / AR Game,game,Synapse,Synapse,https://en.wikipedia.org/wiki/Synapse_(video_game),0,5,active,Synapse – nDreams,https://en.wikipedia.org/wiki/The_Game_Awards_2023,Q118645620,2023-07-04,day,https://www.wikidata.org/wiki/Q118645620#P577,2023-07-04,first public release,https://www.wikidata.org/wiki/Q118645620#P577,earliest_wikidata_release,,not_publicly_disclosed
2023-15-01,2023-15,2023,Best Action Game,game,Armored Core VI: Fires of Rubicon,Armored Core VI: Fires of Rubicon,https://en.wikipedia.org/wiki/Armored_Core_VI:_Fires_of_Rubicon,1,1,active,Armored Core VI: Fires of Rubicon – FromSoftware / Bandai Namco Entertainment,https://en.wikipedia.org/wiki/The_Game_Awards_2023,Q115641899,2023-08-25,day,https://www.wikidata.org/wiki/Q115641899#P577,2023-08-25,first public release,https://www.wikidata.org/wiki/Q115641899#P577,earliest_wikidata_release,,not_publicly_disclosed
2023-15-02,2023-15,2023,Best Action Game,game,Dead Island 2,Dead Island 2,https://en.wikipedia.org/wiki/Dead_Island_2,0,2,active,Dead Island 2 – Dambuster Studios / Deep Silver,https://en.wikipedia.org/wiki/The_Game_Awards_2023,Q17167727,2023-02-03,day,https://www.wikidata.org/wiki/Q17167727#P577,2023-02-03,first public release,https://www.wikidata.org/wiki/Q17167727#P577,earliest_wikidata_release,,not_publicly_disclosed
2023-15-03,2023-15,2023,Best Action Game,game,Ghostrunner 2,Ghostrunner 2,https://en.wikipedia.org/wiki/Ghostrunner_2,0,3,active,Ghostrunner 2 – One More Level / 505 Games,https://en.wikipedia.org/wiki/The_Game_Awards_2023,Q106835809,2023-10-26,day,https://www.wikidata.org/wiki/Q106835809#P577,2023-10-26,first public release,https://www.wikidata.org/wiki/Q106835809#P577,earliest_wikidata_release,,not_publicly_disclosed
2023-15-04,2023-15,2023,Best Action Game,game,Hi-Fi Rush,Hi-Fi Rush,https://en.wikipedia.org/wiki/Hi-Fi_Rush,0,4,active,Hi-Fi Rush – Tango Gameworks / Bethesda Softworks,https://en.wikipedia.org/wiki/The_Game_Awards_2023,Q116439515,2023-01-25,day,https://www.wikidata.org/wiki/Q116439515#P577,2023-01-25,first public release,https://www.wikidata.org/wiki/Q116439515#P577,earliest_wikidata_release,,not_publicly_disclosed
2023-15-05,2023-15,2023,Best Action Game,game,Remnant 2,Remnant 2,https://en.wikipedia.org/wiki/Remnant_2,0,5,active,Remnant 2 – Gunfire Games / Gearbox Publishing,https://en.wikipedia.org/wiki/The_Game_Awards_2023,Q115641826,2023-07-25,day,https://www.wikidata.org/wiki/Q115641826#P577,2023-07-25,first public release,https://www.wikidata.org/wiki/Q115641826#P577,earliest_wikidata_release,,not_publicly_disclosed
2023-16-01,2023-16,2023,Best Action / Adventure Game,game,The Legend of Zelda: Tears of the Kingdom,The Legend of Zelda: Tears of the Kingdom,https://en.wikipedia.org/wiki/The_Legend_of_Zelda:_Tears_of_the_Kingdom,1,1,active,The Legend of Zelda: Tears of the Kingdom – Nintendo EPD / Nintendo,https://en.wikipedia.org/wiki/The_Game_Awards_2023,Q64577191,2023-05-12,day,https://www.wikidata.org/wiki/Q64577191#P577,2023-05-12,first public release,https://www.wikidata.org/wiki/Q64577191#P577,earliest_wikidata_release,,not_publicly_disclosed
2023-16-02,2023-16,2023,Best Action / Adventure Game,game,Alan Wake 2,Alan Wake 2,https://en.wikipedia.org/wiki/Alan_Wake_2,0,2,active,Alan Wake 2 – Remedy Entertainment / Epic Games Publishing,https://en.wikipedia.org/wiki/The_Game_Awards_2023,Q108417001,2023-10-27,day,https://www.wikidata.org/wiki/Q108417001#P577,2023-10-27,first public release,https://www.wikidata.org/wiki/Q108417001#P577,earliest_wikidata_release,,not_publicly_disclosed
2023-16-03,2023-16,2023,Best Action / Adventure Game,game,Marvel's Spider-Man 2,Marvel's Spider-Man 2,https://en.wikipedia.org/wiki/Marvel%27s_Spider-Man_2,0,3,active,Marvel's Spider-Man 2 – Insomniac Games / Sony Interactive Entertainment,https://en.wikipedia.org/wiki/The_Game_Awards_2023,Q108479502,2023-10-20,day,https://www.wikidata.org/wiki/Q108479502#P577,2023-10-20,first public release,https://www.wikidata.org/wiki/Q108479502#P577,earliest_wikidata_release,,not_publicly_disclosed
2023-16-04,2023-16,2023,Best Action / Adventure Game,game,Resident Evil 4,Resident Evil 4,https://en.wikipedia.org/wiki/Resident_Evil_4_(2023_video_game),0,4,active,Resident Evil 4 – Capcom,https://en.wikipedia.org/wiki/The_Game_Awards_2023,Q112231148,2023-03-24,day,https://www.wikidata.org/wiki/Q112231148#P577,2023-03-24,first public release,https://www.wikidata.org/wiki/Q112231148#P577,earliest_wikidata_release,,not_publicly_disclosed
2023-16-05,2023-16,2023,Best Action / Adventure Game,game,Star Wars Jedi: Survivor,Star Wars Jedi: Survivor,https://en.wikipedia.org/wiki/Star_Wars_Jedi:_Survivor,0,5,active,Star Wars Jedi: Survivor – Respawn Entertainment / Electronic Arts,https://en.wikipedia.org/wiki/The_Game_Awards_2023,Q112704136,2023-03-17,day,https://www.wikidata.org/wiki/Q112704136#P577,2023-03-17,first public release,https://www.wikidata.org/wiki/Q112704136#P577,earliest_wikidata_release,,not_publicly_disclosed
2023-17-01,2023-17,2023,Best Role Playing Game,game,Baldur's Gate 3,Baldur's Gate 3,https://en.wikipedia.org/wiki/Baldur%27s_Gate_3,1,1,active,Baldur's Gate 3 – Larian Studios,https://en.wikipedia.org/wiki/The_Game_Awards_2023,Q64441774,2020-10-06,day,https://www.wikidata.org/wiki/Q64441774#P577,2023-08-03,full PC release after early access,https://www.wikidata.org/wiki/Q64441774#P577,earliest_wikidata_release,,not_publicly_disclosed
2023-17-02,2023-17,2023,Best Role Playing Game,game,Final Fantasy XVI,Final Fantasy XVI,https://en.wikipedia.org/wiki/Final_Fantasy_XVI,0,2,active,Final Fantasy XVI – Square Enix,https://en.wikipedia.org/wiki/The_Game_Awards_2023,Q99397792,2023-06-22,day,https://www.wikidata.org/wiki/Q99397792#P577,2023-06-22,first public release,https://www.wikidata.org/wiki/Q99397792#P577,earliest_wikidata_release,,not_publicly_disclosed
2023-17-03,2023-17,2023,Best Role Playing Game,game,Lies of P,Lies of P,https://en.wikipedia.org/wiki/Lies_of_P,0,3,active,Lies of P – Round8 Studio / Neowiz,https://en.wikipedia.org/wiki/The_Game_Awards_2023,Q109820884,2023-09-19,day,https://www.wikidata.org/wiki/Q109820884#P577,2023-09-19,first public release,https://www.wikidata.org/wiki/Q109820884#P577,earliest_wikidata_release,,not_publicly_disclosed
2023-17-04,2023-17,2023,Best Role Playing Game,game,Sea of Stars,Sea of Stars,https://en.wikipedia.org/wiki/Sea_of_Stars,0,4,active,Sea of Stars – Sabotage Studio,https://en.wikipedia.org/wiki/The_Game_Awards_2023,Q106974937,2023-08-29,day,https://www.wikidata.org/wiki/Q106974937#P577,2023-08-29,first public release,https://www.wikidata.org/wiki/Q106974937#P577,earliest_wikidata_release,,not_publicly_disclosed
2023-17-05,2023-17,2023,Best Role Playing Game,game,Starfield,Starfield,https://en.wikipedia.org/wiki/Starfield_(video_game),0,5,active,Starfield – Bethesda Game Studios / Bethesda Softworks,https://en.wikipedia.org/wiki/The_Game_Awards_2023,Q55286432,2023-09-01,day,https://www.wikidata.org/wiki/Q55286432#P577,2023-09-01,first public release,https://www.wikidata.org/wiki/Q55286432#P577,earliest_wikidata_release,,not_publicly_disclosed
2023-18-01,2023-18,2023,Best Fighting Game,game,Street Fighter 6,Street Fighter 6,https://en.wikipedia.org/wiki/Street_Fighter_6,1,1,active,Street Fighter 6 – Capcom,https://en.wikipedia.org/wiki/The_Game_Awards_2023,Q110999026,2023-06-02,day,https://www.wikidata.org/wiki/Q110999026#P577,2023-06-02,first public release,https://www.wikidata.org/wiki/Q110999026#P577,earliest_wikidata_release,,not_publicly_disclosed
2023-18-02,2023-18,2023,Best Fighting Game,game,God of Rock,God of Rock,https://en.wikipedia.org/wiki/God_of_Rock,0,2,active,God of Rock – Modus Games,https://en.wikipedia.org/wiki/The_Game_Awards_2023,Q119832440,2023-04-18,day,https://www.wikidata.org/wiki/Q119832440#P577,2023-04-18,first public release,https://www.wikidata.org/wiki/Q119832440#P577,earliest_wikidata_release,,not_publicly_disclosed
2023-18-03,2023-18,2023,Best Fighting Game,game,Mortal Kombat 1,Mortal Kombat 1,https://en.wikipedia.org/wiki/Mortal_Kombat_1,0,3,active,Mortal Kombat 1 – NetherRealm Studios / Warner Bros. Games,https://en.wikipedia.org/wiki/The_Game_Awards_2023,Q118374430,2023-09-19,day,https://www.wikidata.org/wiki/Q118374430#P577,2023-09-19,first public release,https://www.wikidata.org/wiki/Q118374430#P577,earliest_wikidata_release,,not_publicly_disclosed
2023-18-04,2023-18,2023,Best Fighting Game,game,Nickelodeon All-Star Brawl 2,Nickelodeon All-Star Brawl 2,https://en.wikipedia.org/wiki/Nickelodeon_All-Star_Brawl_2,0,4,active,Nickelodeon All-Star Brawl 2 – Fair Play Labs / GameMill Entertainment,https://en.wikipedia.org/wiki/The_Game_Awards_2023,Q120971896,2023-11-07,day,https://www.wikidata.org/wiki/Q120971896#P577,2023-11-07,first public release,https://www.wikidata.org/wiki/Q120971896#P577,earliest_wikidata_release,,not_publicly_disclosed
2023-18-05,2023-18,2023,Best Fighting Game,game,Pocket Bravery,Pocket Bravery,https://en.wikipedia.org/wiki/Pocket_Bravery,0,5,active,Pocket Bravery – Statera Studio / PQube,https://en.wikipedia.org/wiki/The_Game_Awards_2023,Q123109173,2023-08-31,day,https://www.wikidata.org/wiki/Q123109173#P577,2023-08-31,first public release,https://www.wikidata.org/wiki/Q123109173#P577,earliest_wikidata_release,,not_publicly_disclosed
2023-19-01,2023-19,2023,Best Family Game,game,Super Mario Bros. Wonder,Super Mario Bros. Wonder,https://en.wikipedia.org/wiki/Super_Mario_Bros._Wonder,1,1,active,Super Mario Bros. Wonder – Nintendo EPD / Nintendo,https://en.wikipedia.org/wiki/The_Game_Awards_2023,Q119819453,2023-10-20,day,https://www.wikidata.org/wiki/Q119819453#P577,2023-10-20,first public release,https://www.wikidata.org/wiki/Q119819453#P577,earliest_wikidata_release,,not_publicly_disclosed
2023-19-02,2023-19,2023,Best Family Game,game,Disney Illusion Island,Disney Illusion Island,https://en.wikipedia.org/wiki/Disney_Illusion_Island,0,2,active,Disney Illusion Island – Dlala Studios / Disney Electronic Content,https://en.wikipedia.org/wiki/The_Game_Awards_2023,Q113875958,2023-07-28,day,https://www.wikidata.org/wiki/Q113875958#P577,2023-07-28,first public release,https://www.wikidata.org/wiki/Q113875958#P577,earliest_wikidata_release,,not_publicly_disclosed
2023-19-03,2023-19,2023,Best Family Game,game,Party Animals,Party Animals,https://en.wikipedia.org/wiki/Party_Animals_(video_game),0,3,active,Party Animals – Recreate Games / Source Technology,https://en.wikipedia.org/wiki/The_Game_Awards_2023,Q100432790,2023-09-20,day,https://www.wikidata.org/wiki/Q100432790#P577,2023-09-20,first public release,https://www.wikidata.org/wiki/Q100432790#P577,earliest_wikidata_release,,not_publicly_disclosed
2023-19-04,2023-19,2023,Best Family Game,game,Pikmin 4,Pikmin 4,https://en.wikipedia.org/wiki/Pikmin_4,0,4,active,Pikmin 4 – Nintendo EPD / Nintendo,https://en.wikipedia.org/wiki/The_Game_Awards_2023,Q113956704,2023-07-21,day,https://www.wikidata.org/wiki/Q113956704#P577,2023-07-21,first public release,https://www.wikidata.org/wiki/Q113956704#P577,earliest_wikidata_release,,not_publicly_disclosed
2023-19-05,2023-19,2023,Best Family Game,game,Sonic Superstars,Sonic Superstars,https://en.wikipedia.org/wiki/Sonic_Superstars,0,5,active,"Sonic Superstars – Arzest , Sonic Team / Sega",https://en.wikipedia.org/wiki/The_Game_Awards_2023,Q119225008,2023-10-17,day,https://www.wikidata.org/wiki/Q119225008#P577,2023-10-17,first public release,https://www.wikidata.org/wiki/Q119225008#P577,earliest_wikidata_release,,not_publicly_disclosed
2023-20-01,2023-20,2023,Best Sim / Strategy Game,game,Pikmin 4,Pikmin 4,https://en.wikipedia.org/wiki/Pikmin_4,1,1,active,Pikmin 4 – Nintendo EPD / Nintendo,https://en.wikipedia.org/wiki/The_Game_Awards_2023,Q113956704,2023-07-21,day,https://www.wikidata.org/wiki/Q113956704#P577,2023-07-21,first public release,https://www.wikidata.org/wiki/Q113956704#P577,earliest_wikidata_release,,not_publicly_disclosed
2023-20-02,2023-20,2023,Best Sim / Strategy Game,game,Advance Wars 1+2: Re-Boot Camp,Advance Wars 1+2: Re-Boot Camp,https://en.wikipedia.org/wiki/Advance_Wars_1%2B2:_Re-Boot_Camp,0,2,active,Advance Wars 1+2: Re-Boot Camp – WayForward / Nintendo,https://en.wikipedia.org/wiki/The_Game_Awards_2023,Q108744830,2023-04-21,day,https://www.wikidata.org/wiki/Q108744830#P577,2023-04-21,first public release,https://www.wikidata.org/wiki/Q108744830#P577,earliest_wikidata_release,,not_publicly_disclosed
2023-20-03,2023-20,2023,Best Sim / Strategy Game,game,Cities: Skylines II,Cities: Skylines II,https://en.wikipedia.org/wiki/Cities:_Skylines_II,0,3,active,Cities: Skylines II – Colossal Order / Paradox Interactive,https://en.wikipedia.org/wiki/The_Game_Awards_2023,Q116995799,2023-10-24,day,https://www.wikidata.org/wiki/Q116995799#P577,2023-10-24,first public release,https://www.wikidata.org/wiki/Q116995799#P577,earliest_wikidata_release,,not_publicly_disclosed
2023-20-04,2023-20,2023,Best Sim / Strategy Game,game,Company of Heroes 3,Company of Heroes 3,https://en.wikipedia.org/wiki/Company_of_Heroes_3,0,4,active,Company of Heroes 3 – Relic Entertainment / Sega,https://en.wikipedia.org/wiki/The_Game_Awards_2023,Q107518015,2023-02-23,day,https://www.wikidata.org/wiki/Q107518015#P577,2023-02-23,first public release,https://www.wikidata.org/wiki/Q107518015#P577,earliest_wikidata_release,,not_publicly_disclosed
2023-20-05,2023-20,2023,Best Sim / Strategy Game,game,Fire Emblem Engage,Fire Emblem Engage,https://en.wikipedia.org/wiki/Fire_Emblem_Engage,0,5,active,Fire Emblem Engage – Intelligent Systems / Nintendo,https://en.wikipedia.org/wiki/The_Game_Awards_2023,Q113956929,2023-01-20,day,https://www.wikidata.org/wiki/Q113956929#P577,2023-01-20,first public release,https://www.wikidata.org/wiki/Q113956929#P577,earliest_wikidata_release,,not_publicly_disclosed
2023-21-01,2023-21,2023,Best Sports / Racing Game,game,Forza Motorsport,Forza Motorsport,https://en.wikipedia.org/wiki/Forza_Motorsport_(2023_video_game),1,1,active,Forza Motorsport – Turn 10 Studios / Xbox Game Studios,https://en.wikipedia.org/wiki/The_Game_Awards_2023,Q107611729,2023-10-10,day,https://www.wikidata.org/wiki/Q107611729#P577,2023-10-10,first public release,https://www.wikidata.org/wiki/Q107611729#P577,earliest_wikidata_release,,not_publicly_disclosed
2023-21-02,2023-21,2023,Best Sports / Racing Game,game,EA Sports FC 24,EA Sports FC 24,https://en.wikipedia.org/wiki/EA_Sports_FC_24,0,2,active,"EA Sports FC 24 – EA Vancouver , EA Romania / EA Sports",https://en.wikipedia.org/wiki/The_Game_Awards_2023,Q113835296,2023-09-28,day,https://www.wikidata.org/wiki/Q113835296#P577,2023-09-28,first public release,https://www.wikidata.org/wiki/Q113835296#P577,earliest_wikidata_release,,not_publicly_disclosed
2023-21-03,2023-21,2023,Best Sports / Racing Game,game,F1 23,F1 23,https://en.wikipedia.org/wiki/F1_23,0,3,active,F1 23 – Codemasters / EA Sports,https://en.wikipedia.org/wiki/The_Game_Awards_2023,Q118136346,2023-06-16,day,https://www.wikidata.org/wiki/Q118136346#P577,2023-06-16,first public release,https://www.wikidata.org/wiki/Q118136346#P577,earliest_wikidata_release,,not_publicly_disclosed
2023-21-04,2023-21,2023,Best Sports / Racing Game,game,Hot Wheels Unleashed 2: Turbocharged,Hot Wheels Unleashed 2: Turbocharged,https://en.wikipedia.org/wiki/Hot_Wheels_Unleashed_2:_Turbocharged,0,4,active,Hot Wheels Unleashed 2: Turbocharged – Milestone,https://en.wikipedia.org/wiki/The_Game_Awards_2023,Q119801203,2023-10-19,day,https://www.wikidata.org/wiki/Q119801203#P577,2023-10-19,first public release,https://www.wikidata.org/wiki/Q119801203#P577,earliest_wikidata_release,,not_publicly_disclosed
2023-21-05,2023-21,2023,Best Sports / Racing Game,game,The Crew Motorfest,The Crew Motorfest,https://en.wikipedia.org/wiki/The_Crew_Motorfest,0,5,active,The Crew Motorfest – Ubisoft Ivory Tower / Ubisoft,https://en.wikipedia.org/wiki/The_Game_Awards_2023,Q116547490,2023-09-14,day,https://www.wikidata.org/wiki/Q116547490#P577,2023-09-14,first public release,https://www.wikidata.org/wiki/Q116547490#P577,earliest_wikidata_release,,not_publicly_disclosed
2023-22-01,2023-22,2023,Best Multiplayer Game,game,Baldur's Gate 3,Baldur's Gate 3,https://en.wikipedia.org/wiki/Baldur%27s_Gate_3,1,1,active,Baldur's Gate 3 – Larian Studios,https://en.wikipedia.org/wiki/The_Game_Awards_2023,Q64441774,2020-10-06,day,https://www.wikidata.org/wiki/Q64441774#P577,2023-08-03,full PC release after early access,https://www.wikidata.org/wiki/Q64441774#P577,earliest_wikidata_release,,not_publicly_disclosed
2023-22-02,2023-22,2023,Best Multiplayer Game,game,Diablo IV,Diablo IV,https://en.wikipedia.org/wiki/Diablo_IV,0,2,active,"Diablo IV – Blizzard Team 3 , Blizzard Albany / Blizzard Entertainment",https://en.wikipedia.org/wiki/The_Game_Awards_2023,Q73154387,2023-06-06,day,https://www.wikidata.org/wiki/Q73154387#P577,2023-06-06,first public release,https://www.wikidata.org/wiki/Q73154387#P577,earliest_wikidata_release,,not_publicly_disclosed
2023-22-03,2023-22,2023,Best Multiplayer Game,game,Party Animals,Party Animals,https://en.wikipedia.org/wiki/Party_Animals_(video_game),0,3,active,Party Animals – Recreate Games / Source Technology,https://en.wikipedia.org/wiki/The_Game_Awards_2023,Q100432790,2023-09-20,day,https://www.wikidata.org/wiki/Q100432790#P577,2023-09-20,first public release,https://www.wikidata.org/wiki/Q100432790#P577,earliest_wikidata_release,,not_publicly_disclosed
2023-22-04,2023-22,2023,Best Multiplayer Game,game,Street Fighter 6,Street Fighter 6,https://en.wikipedia.org/wiki/Street_Fighter_6,0,4,active,Street Fighter 6 – Capcom,https://en.wikipedia.org/wiki/The_Game_Awards_2023,Q110999026,2023-06-02,day,https://www.wikidata.org/wiki/Q110999026#P577,2023-06-02,first public release,https://www.wikidata.org/wiki/Q110999026#P577,earliest_wikidata_release,,not_publicly_disclosed
2023-22-05,2023-22,2023,Best Multiplayer Game,game,Super Mario Bros. Wonder,Super Mario Bros. Wonder,https://en.wikipedia.org/wiki/Super_Mario_Bros._Wonder,0,5,active,Super Mario Bros. Wonder – Nintendo EPD / Nintendo,https://en.wikipedia.org/wiki/The_Game_Awards_2023,Q119819453,2023-10-20,day,https://www.wikidata.org/wiki/Q119819453#P577,2023-10-20,first public release,https://www.wikidata.org/wiki/Q119819453#P577,earliest_wikidata_release,,not_publicly_disclosed
2023-23-01,2023-23,2023,Innovation in Accessibility,game,Forza Motorsport,Forza Motorsport,https://en.wikipedia.org/wiki/Forza_Motorsport_(2023_video_game),1,1,active,Forza Motorsport – Turn 10 Studios / Xbox Game Studios,https://en.wikipedia.org/wiki/The_Game_Awards_2023,Q107611729,2023-10-10,day,https://www.wikidata.org/wiki/Q107611729#P577,2023-10-10,first public release,https://www.wikidata.org/wiki/Q107611729#P577,earliest_wikidata_release,,not_publicly_disclosed
2023-23-02,2023-23,2023,Innovation in Accessibility,game,Diablo IV,Diablo IV,https://en.wikipedia.org/wiki/Diablo_IV,0,2,active,"Diablo IV – Blizzard Team 3 , Blizzard Albany / Blizzard Entertainment",https://en.wikipedia.org/wiki/The_Game_Awards_2023,Q73154387,2023-06-06,day,https://www.wikidata.org/wiki/Q73154387#P577,2023-06-06,first public release,https://www.wikidata.org/wiki/Q73154387#P577,earliest_wikidata_release,,not_publicly_disclosed
2023-23-03,2023-23,2023,Innovation in Accessibility,game,Hi-Fi Rush,Hi-Fi Rush,https://en.wikipedia.org/wiki/Hi-Fi_Rush,0,3,active,Hi-Fi Rush – Tango Gameworks / Bethesda Softworks,https://en.wikipedia.org/wiki/The_Game_Awards_2023,Q116439515,2023-01-25,day,https://www.wikidata.org/wiki/Q116439515#P577,2023-01-25,first public release,https://www.wikidata.org/wiki/Q116439515#P577,earliest_wikidata_release,,not_publicly_disclosed
2023-23-04,2023-23,2023,Innovation in Accessibility,game,Marvel's Spider-Man 2,Marvel's Spider-Man 2,https://en.wikipedia.org/wiki/Marvel%27s_Spider-Man_2,0,4,active,Marvel's Spider-Man 2 – Insomniac Games / Sony Interactive Entertainment,https://en.wikipedia.org/wiki/The_Game_Awards_2023,Q108479502,2023-10-20,day,https://www.wikidata.org/wiki/Q108479502#P577,2023-10-20,first public release,https://www.wikidata.org/wiki/Q108479502#P577,earliest_wikidata_release,,not_publicly_disclosed
2023-23-05,2023-23,2023,Innovation in Accessibility,game,Mortal Kombat 1,Mortal Kombat 1,https://en.wikipedia.org/wiki/Mortal_Kombat_1,0,5,active,Mortal Kombat 1 – NetherRealm Studios / Warner Bros. Games,https://en.wikipedia.org/wiki/The_Game_Awards_2023,Q118374430,2023-09-19,day,https://www.wikidata.org/wiki/Q118374430#P577,2023-09-19,first public release,https://www.wikidata.org/wiki/Q118374430#P577,earliest_wikidata_release,,not_publicly_disclosed
2023-23-06,2023-23,2023,Innovation in Accessibility,game,Street Fighter 6,Street Fighter 6,https://en.wikipedia.org/wiki/Street_Fighter_6,0,6,active,Street Fighter 6 – Capcom,https://en.wikipedia.org/wiki/The_Game_Awards_2023,Q110999026,2023-06-02,day,https://www.wikidata.org/wiki/Q110999026#P577,2023-06-02,first public release,https://www.wikidata.org/wiki/Q110999026#P577,earliest_wikidata_release,,not_publicly_disclosed
2023-24-01,2023-24,2023,Best Adaptation,adaptation,The Last of Us (television series),,,1,1,active,The Last of Us (television series) – PlayStation Productions / HBO ; based on The Last of Us by Sony Interactive Entertainment,https://en.wikipedia.org/wiki/The_Game_Awards_2023,,,,,,,,no_associated_game,,not_publicly_disclosed
2023-24-02,2023-24,2023,Best Adaptation,adaptation,Castlevania: Nocturne (animated series),,,0,2,active,Castlevania: Nocturne (animated series) – Powerhouse Animation / Netflix ; based on Castlevania by Konami,https://en.wikipedia.org/wiki/The_Game_Awards_2023,,,,,,,,no_associated_game,,not_publicly_disclosed
2023-24-03,2023-24,2023,Best Adaptation,adaptation,Gran Turismo (film),,,0,3,active,Gran Turismo (film) – PlayStation Productions / Sony Pictures Releasing ; based on Gran Turismo by Sony Interactive Entertainment,https://en.wikipedia.org/wiki/The_Game_Awards_2023,,,,,,,,no_associated_game,,not_publicly_disclosed
2023-24-04,2023-24,2023,Best Adaptation,adaptation,The Super Mario Bros. Movie (animated film),,,0,4,active,"The Super Mario Bros. Movie (animated film) – Illumination , Nintendo / Universal Pictures ; based on Mario by Nintendo",https://en.wikipedia.org/wiki/The_Game_Awards_2023,,,,,,,,no_associated_game,,not_publicly_disclosed
2023-24-05,2023-24,2023,Best Adaptation,adaptation,Twisted Metal (television series),,,0,5,active,Twisted Metal (television series) – PlayStation Productions / Peacock ; based on Twisted Metal by Sony Interactive Entertainment,https://en.wikipedia.org/wiki/The_Game_Awards_2023,,,,,,,,no_associated_game,,not_publicly_disclosed
2023-25-01,2023-25,2023,Most Anticipated Game,unreleased_game,Final Fantasy VII Rebirth,Final Fantasy VII Rebirth,https://en.wikipedia.org/wiki/Final_Fantasy_VII_Rebirth,1,1,active,Final Fantasy VII Rebirth – Square Enix Creative Business Unit I / Square Enix,https://en.wikipedia.org/wiki/The_Game_Awards_2023,Q112617712,2024-02-29,day,https://www.wikidata.org/wiki/Q112617712#P577,,,,earliest_wikidata_release,,not_publicly_disclosed
2023-25-02,2023-25,2023,Most Anticipated Game,unreleased_game,Hades II,Hades II,https://en.wikipedia.org/wiki/Hades_II,0,2,active,Hades II – Supergiant Games,https://en.wikipedia.org/wiki/The_Game_Awards_2023,Q115641620,2024-05-06,day,https://www.wikidata.org/wiki/Q115641620#P577,,,,earliest_wikidata_release,,not_publicly_disclosed
2023-25-03,2023-25,2023,Most Anticipated Game,unreleased_game,Like a Dragon: Infinite Wealth,Like a Dragon: Infinite Wealth,https://en.wikipedia.org/wiki/Like_a_Dragon:_Infinite_Wealth,0,3,active,Like a Dragon: Infinite Wealth – Ryu Ga Gotoku Studio / Sega,https://en.wikipedia.org/wiki/The_Game_Awards_2023,Q116980062,2024-01-26,day,https://www.wikidata.org/wiki/Q116980062#P577,,,,earliest_wikidata_release,,not_publicly_disclosed
2023-25-04,2023-25,2023,Most Anticipated Game,unreleased_game,Star Wars Outlaws,Star Wars Outlaws,https://en.wikipedia.org/wiki/Star_Wars_Outlaws,0,4,active,Star Wars Outlaws – Massive Entertainment / Ubisoft,https://en.wikipedia.org/wiki/The_Game_Awards_2023,Q119361001,2024-08-30,day,https://www.wikidata.org/wiki/Q119361001#P577,,,,earliest_wikidata_release,,not_publicly_disclosed
2023-25-05,2023-25,2023,Most Anticipated Game,unreleased_game,Tekken 8,Tekken 8,https://en.wikipedia.org/wiki/Tekken_8,0,5,active,"Tekken 8 – Bandai Namco Studios , Arika / Bandai Namco Entertainment",https://en.wikipedia.org/wiki/The_Game_Awards_2023,Q105486599,2024-01-26,day,https://www.wikidata.org/wiki/Q105486599#P577,,,,earliest_wikidata_release,,not_publicly_disclosed
2023-26-01,2023-26,2023,Players' Voice,game,Baldur's Gate 3,Baldur's Gate 3,https://en.wikipedia.org/wiki/Baldur%27s_Gate_3,1,1,active,Baldur's Gate 3 – Larian Studios,https://en.wikipedia.org/wiki/The_Game_Awards_2023,Q64441774,2020-10-06,day,https://www.wikidata.org/wiki/Q64441774#P577,2023-08-03,full PC release after early access,https://www.wikidata.org/wiki/Q64441774#P577,earliest_wikidata_release,,not_publicly_disclosed
2023-26-02,2023-26,2023,Players' Voice,game,Cyberpunk 2077: Phantom Liberty,Cyberpunk 2077: Phantom Liberty,https://en.wikipedia.org/wiki/Cyberpunk_2077:_Phantom_Liberty,0,2,active,Cyberpunk 2077: Phantom Liberty – CD Projekt Red / CD Projekt,https://en.wikipedia.org/wiki/The_Game_Awards_2023,Q113826614,2023-09-26,day,https://www.wikidata.org/wiki/Q113826614#P577,2023-09-26,first public release,https://www.wikidata.org/wiki/Q113826614#P577,earliest_wikidata_release,,not_publicly_disclosed
2023-26-03,2023-26,2023,Players' Voice,game,Genshin Impact,Genshin Impact,https://en.wikipedia.org/wiki/Genshin_Impact,0,3,active,Genshin Impact – miHoYo / HoYoverse,https://en.wikipedia.org/wiki/The_Game_Awards_2023,Q65059474,2020-09-28,day,https://www.wikidata.org/wiki/Q65059474#P577,,,,earliest_wikidata_release,,not_publicly_disclosed
2023-26-04,2023-26,2023,Players' Voice,game,The Legend of Zelda: Tears of the Kingdom,The Legend of Zelda: Tears of the Kingdom,https://en.wikipedia.org/wiki/The_Legend_of_Zelda:_Tears_of_the_Kingdom,0,4,active,The Legend of Zelda: Tears of the Kingdom – Nintendo EPD / Nintendo,https://en.wikipedia.org/wiki/The_Game_Awards_2023,Q64577191,2023-05-12,day,https://www.wikidata.org/wiki/Q64577191#P577,2023-05-12,first public release,https://www.wikidata.org/wiki/Q64577191#P577,earliest_wikidata_release,,not_publicly_disclosed
2023-26-05,2023-26,2023,Players' Voice,game,Marvel's Spider-Man 2,Marvel's Spider-Man 2,https://en.wikipedia.org/wiki/Marvel%27s_Spider-Man_2,0,5,active,Marvel's Spider-Man 2 – Insomniac Games / Sony Interactive Entertainment,https://en.wikipedia.org/wiki/The_Game_Awards_2023,Q108479502,2023-10-20,day,https://www.wikidata.org/wiki/Q108479502#P577,2023-10-20,first public release,https://www.wikidata.org/wiki/Q108479502#P577,earliest_wikidata_release,,not_publicly_disclosed
2023-27-01,2023-27,2023,Best Esports Game,game,Valorant,Valorant,https://en.wikipedia.org/wiki/Valorant,1,1,active,Valorant – Riot Games,https://en.wikipedia.org/wiki/The_Game_Awards_2023,Q86919275,2020-06-02,day,https://www.wikidata.org/wiki/Q86919275#P577,,,,earliest_wikidata_release,,not_publicly_disclosed
2023-27-02,2023-27,2023,Best Esports Game,game,Counter-Strike 2,Counter-Strike 2,https://en.wikipedia.org/wiki/Counter-Strike_2,0,2,active,Counter-Strike 2 – Valve,https://en.wikipedia.org/wiki/The_Game_Awards_2023,Q111165107,2023-09-27,day,https://www.wikidata.org/wiki/Q111165107#P577,2023-09-27,first public release,https://www.wikidata.org/wiki/Q111165107#P577,earliest_wikidata_release,,not_publicly_disclosed
2023-27-03,2023-27,2023,Best Esports Game,game,Dota 2,Dota 2,https://en.wikipedia.org/wiki/Dota_2,0,3,active,Dota 2 – Valve,https://en.wikipedia.org/wiki/The_Game_Awards_2023,Q771541,2013-07-09,day,https://www.wikidata.org/wiki/Q771541#P577,,,,earliest_wikidata_release,,not_publicly_disclosed
2023-27-04,2023-27,2023,Best Esports Game,game,League of Legends,League of Legends,https://en.wikipedia.org/wiki/League_of_Legends,0,4,active,League of Legends – Riot Games,https://en.wikipedia.org/wiki/The_Game_Awards_2023,Q223341,2009-10-27,day,https://www.wikidata.org/wiki/Q223341#P577,,,,earliest_wikidata_release,,not_publicly_disclosed
2023-27-05,2023-27,2023,Best Esports Game,game,PUBG Mobile,PUBG Mobile,https://en.wikipedia.org/wiki/PUBG_Mobile,0,5,active,PUBG Mobile – Lightspeed & Quantum Studio / Level Infinite,https://en.wikipedia.org/wiki/The_Game_Awards_2023,Q63595820,2018-03-19,day,https://www.wikidata.org/wiki/Q63595820#P577,,,,earliest_wikidata_release,,not_publicly_disclosed
2023-28-01,2023-28,2023,Best Esports Athlete,person,"Lee ""Faker"" Sang-hyeok ( T1 , League of Legends )",,,1,1,active,"Lee ""Faker"" Sang-hyeok ( T1 , League of Legends )",https://en.wikipedia.org/wiki/The_Game_Awards_2023,,,,,,,,no_associated_game,,not_publicly_disclosed
2023-28-02,2023-28,2023,Best Esports Athlete,person,"Phillip ""ImperialHal"" Dosen ( TSM , Apex Legends )",,,0,2,active,"Phillip ""ImperialHal"" Dosen ( TSM , Apex Legends )",https://en.wikipedia.org/wiki/The_Game_Awards_2023,,,,,,,,no_associated_game,,not_publicly_disclosed
2023-28-03,2023-28,2023,Best Esports Athlete,person,"Mathieu ""ZywOo"" Herbaut ( Team Vitality , Counter-Strike: Global Offensive )",,,0,3,active,"Mathieu ""ZywOo"" Herbaut ( Team Vitality , Counter-Strike: Global Offensive )",https://en.wikipedia.org/wiki/The_Game_Awards_2023,,,,,,,,no_associated_game,,not_publicly_disclosed
2023-28-04,2023-28,2023,Best Esports Athlete,person,"Park ""Ruler"" Jae-hyuk ( JD Gaming , League of Legends )",,,0,4,active,"Park ""Ruler"" Jae-hyuk ( JD Gaming , League of Legends )",https://en.wikipedia.org/wiki/The_Game_Awards_2023,,,,,,,,no_associated_game,,not_publicly_disclosed
2023-28-05,2023-28,2023,Best Esports Athlete,person,"Max ""Demon1"" Mazanov ( Evil Geniuses , Valorant )",,,0,5,active,"Max ""Demon1"" Mazanov ( Evil Geniuses , Valorant )",https://en.wikipedia.org/wiki/The_Game_Awards_2023,,,,,,,,no_associated_game,,not_publicly_disclosed
2023-28-06,2023-28,2023,Best Esports Athlete,person,"Paco ""HyDra"" Rusiewiez ( New York Subliners , Call of Duty )",,,0,6,active,"Paco ""HyDra"" Rusiewiez ( New York Subliners , Call of Duty )",https://en.wikipedia.org/wiki/The_Game_Awards_2023,,,,,,,,no_associated_game,,not_publicly_disclosed
2023-29-01,2023-29,2023,Best Esports Team,other,JD Gaming ( League of Legends ),,,1,1,active,JD Gaming ( League of Legends ),https://en.wikipedia.org/wiki/The_Game_Awards_2023,,,,,,,,no_associated_game,,not_publicly_disclosed
2023-29-02,2023-29,2023,Best Esports Team,other,Evil Geniuses ( Valorant ),,,0,2,active,Evil Geniuses ( Valorant ),https://en.wikipedia.org/wiki/The_Game_Awards_2023,,,,,,,,no_associated_game,,not_publicly_disclosed
2023-29-03,2023-29,2023,Best Esports Team,other,Fnatic ( Valorant ),,,0,3,active,Fnatic ( Valorant ),https://en.wikipedia.org/wiki/The_Game_Awards_2023,,,,,,,,no_associated_game,,not_publicly_disclosed
2023-29-04,2023-29,2023,Best Esports Team,other,Gaimin Gladiators ( Dota 2 ),,,0,4,active,Gaimin Gladiators ( Dota 2 ),https://en.wikipedia.org/wiki/The_Game_Awards_2023,,,,,,,,no_associated_game,,not_publicly_disclosed
2023-29-05,2023-29,2023,Best Esports Team,other,Team Vitality ( Counter-Strike 2 ),,,0,5,active,Team Vitality ( Counter-Strike 2 ),https://en.wikipedia.org/wiki/The_Game_Awards_2023,,,,,,,,no_associated_game,,not_publicly_disclosed
2023-30-01,2023-30,2023,Best Esports Coach,person,"Christine ""potter"" Chi ( Evil Geniuses , Valorant )",,,1,1,active,"Christine ""potter"" Chi ( Evil Geniuses , Valorant )",https://en.wikipedia.org/wiki/The_Game_Awards_2023,,,,,,,,no_associated_game,,not_publicly_disclosed
2023-30-02,2023-30,2023,Best Esports Coach,person,"Jordan ""Gunba"" Graham ( Florida Mayhem , Overwatch 2 )",,,0,2,active,"Jordan ""Gunba"" Graham ( Florida Mayhem , Overwatch 2 )",https://en.wikipedia.org/wiki/The_Game_Awards_2023,,,,,,,,no_associated_game,,not_publicly_disclosed
2023-30-03,2023-30,2023,Best Esports Coach,person,"Rémy ""XTQZZZ"" Quoniam ( Team Vitality , Counter-Strike: Global Offensive )",,,0,3,active,"Rémy ""XTQZZZ"" Quoniam ( Team Vitality , Counter-Strike: Global Offensive )",https://en.wikipedia.org/wiki/The_Game_Awards_2023,,,,,,,,no_associated_game,,not_publicly_disclosed
2023-30-04,2023-30,2023,Best Esports Coach,person,"Danny ""zonic"" Sørensen (Team Vitality, Counter-Strike: Global Offensive )",,,0,4,active,"Danny ""zonic"" Sørensen (Team Vitality, Counter-Strike: Global Offensive )",https://en.wikipedia.org/wiki/The_Game_Awards_2023,,,,,,,,no_associated_game,,not_publicly_disclosed
2023-30-05,2023-30,2023,Best Esports Coach,person,"Yoon ""Homme"" Sung-young (JD Gaming, League of Legends )",,,0,5,active,"Yoon ""Homme"" Sung-young (JD Gaming, League of Legends )",https://en.wikipedia.org/wiki/The_Game_Awards_2023,,,,,,,,no_associated_game,,not_publicly_disclosed
2023-31-01,2023-31,2023,Best Esports Event,other,2023 League of Legends World Championship,,,1,1,active,2023 League of Legends World Championship,https://en.wikipedia.org/wiki/The_Game_Awards_2023,,,,,,,,no_associated_game,,not_publicly_disclosed
2023-31-02,2023-31,2023,Best Esports Event,other,BLAST.tv Paris Major 2023,,,0,2,active,BLAST.tv Paris Major 2023,https://en.wikipedia.org/wiki/The_Game_Awards_2023,,,,,,,,no_associated_game,,not_publicly_disclosed
2023-31-03,2023-31,2023,Best Esports Event,other,Evo 2023,,,0,3,active,Evo 2023,https://en.wikipedia.org/wiki/The_Game_Awards_2023,,,,,,,,no_associated_game,,not_publicly_disclosed
2023-31-04,2023-31,2023,Best Esports Event,other,The International 2023,,,0,4,active,The International 2023,https://en.wikipedia.org/wiki/The_Game_Awards_2023,,,,,,,,no_associated_game,,not_publicly_disclosed
2023-31-05,2023-31,2023,Best Esports Event,other,2023 Valorant Champions,,,0,5,active,2023 Valorant Champions,https://en.wikipedia.org/wiki/The_Game_Awards_2023,,,,,,,,no_associated_game,,not_publicly_disclosed
2023-32-01,2023-32,2023,Content Creator of the Year,person,Ironmouse,,,1,1,active,Ironmouse,https://en.wikipedia.org/wiki/The_Game_Awards_2023,,,,,,,,no_associated_game,,not_publicly_disclosed
2023-32-02,2023-32,2023,Content Creator of the Year,person,People Make Games,,,0,2,active,People Make Games,https://en.wikipedia.org/wiki/The_Game_Awards_2023,,,,,,,,no_associated_game,,not_publicly_disclosed
2023-32-03,2023-32,2023,Content Creator of the Year,person,Quackity,,,0,3,active,Quackity,https://en.wikipedia.org/wiki/The_Game_Awards_2023,,,,,,,,no_associated_game,,not_publicly_disclosed
2023-32-04,2023-32,2023,Content Creator of the Year,person,Spreen,,,0,4,active,Spreen,https://en.wikipedia.org/wiki/The_Game_Awards_2023,,,,,,,,no_associated_game,,not_publicly_disclosed
2023-32-05,2023-32,2023,Content Creator of the Year,person,SypherPK,,,0,5,active,SypherPK,https://en.wikipedia.org/wiki/The_Game_Awards_2023,,,,,,,,no_associated_game,,not_publicly_disclosed
2024-01-01,2024-01,2024,Game of the Year,game,Astro Bot,Astro Bot,https://en.wikipedia.org/wiki/Astro_Bot,1,1,active,Astro Bot – Team Asobi / Sony Interactive Entertainment,https://en.wikipedia.org/wiki/The_Game_Awards_2024,Q126199700,2024-09-06,day,https://www.wikidata.org/wiki/Q126199700#P577,2024-09-06,first public release,https://www.wikidata.org/wiki/Q126199700#P577,earliest_wikidata_release,,not_publicly_disclosed
2024-01-02,2024-01,2024,Game of the Year,game,Balatro,Balatro,https://en.wikipedia.org/wiki/Balatro,0,2,active,Balatro – LocalThunk / Playstack,https://en.wikipedia.org/wiki/The_Game_Awards_2024,Q124357469,2024-02-20,day,https://www.wikidata.org/wiki/Q124357469#P577,2024-02-20,first public release,https://www.wikidata.org/wiki/Q124357469#P577,earliest_wikidata_release,,not_publicly_disclosed
2024-01-03,2024-01,2024,Game of the Year,game,Black Myth: Wukong,Black Myth: Wukong,https://en.wikipedia.org/wiki/Black_Myth:_Wukong,0,3,active,Black Myth: Wukong – Game Science,https://en.wikipedia.org/wiki/The_Game_Awards_2024,Q98582386,2024-08-20,day,https://www.wikidata.org/wiki/Q98582386#P577,2024-08-20,first public release,https://www.wikidata.org/wiki/Q98582386#P577,earliest_wikidata_release,,not_publicly_disclosed
2024-01-04,2024-01,2024,Game of the Year,game,Elden Ring Shadow of the Erdtree,Elden Ring Shadow of the Erdtree,https://en.wikipedia.org/wiki/Elden_Ring_Shadow_of_the_Erdtree,0,4,active,Elden Ring Shadow of the Erdtree – FromSoftware / Bandai Namco Entertainment,https://en.wikipedia.org/wiki/The_Game_Awards_2024,Q116952973,2024-06-21,day,https://www.wikidata.org/wiki/Q116952973#P577,2024-06-21,first public release,https://www.wikidata.org/wiki/Q116952973#P577,earliest_wikidata_release,,not_publicly_disclosed
2024-01-05,2024-01,2024,Game of the Year,game,Final Fantasy VII Rebirth,Final Fantasy VII Rebirth,https://en.wikipedia.org/wiki/Final_Fantasy_VII_Rebirth,0,5,active,Final Fantasy VII Rebirth – Square Enix,https://en.wikipedia.org/wiki/The_Game_Awards_2024,Q112617712,2024-02-29,day,https://www.wikidata.org/wiki/Q112617712#P577,2024-02-29,first public release,https://www.wikidata.org/wiki/Q112617712#P577,earliest_wikidata_release,,not_publicly_disclosed
2024-01-06,2024-01,2024,Game of the Year,game,Metaphor: ReFantazio,Metaphor: ReFantazio,https://en.wikipedia.org/wiki/Metaphor:_ReFantazio,0,6,active,Metaphor: ReFantazio – Studio Zero / Sega,https://en.wikipedia.org/wiki/The_Game_Awards_2024,Q119362054,2024-10-11,day,https://www.wikidata.org/wiki/Q119362054#P577,2024-10-11,first public release,https://www.wikidata.org/wiki/Q119362054#P577,earliest_wikidata_release,,not_publicly_disclosed
2024-02-01,2024-02,2024,Best Game Direction,game,Astro Bot,Astro Bot,https://en.wikipedia.org/wiki/Astro_Bot,1,1,active,Astro Bot – Team Asobi / Sony Interactive Entertainment,https://en.wikipedia.org/wiki/The_Game_Awards_2024,Q126199700,2024-09-06,day,https://www.wikidata.org/wiki/Q126199700#P577,2024-09-06,first public release,https://www.wikidata.org/wiki/Q126199700#P577,earliest_wikidata_release,,not_publicly_disclosed
2024-02-02,2024-02,2024,Best Game Direction,game,Balatro,Balatro,https://en.wikipedia.org/wiki/Balatro,0,2,active,Balatro – LocalThunk / Playstack,https://en.wikipedia.org/wiki/The_Game_Awards_2024,Q124357469,2024-02-20,day,https://www.wikidata.org/wiki/Q124357469#P577,2024-02-20,first public release,https://www.wikidata.org/wiki/Q124357469#P577,earliest_wikidata_release,,not_publicly_disclosed
2024-02-03,2024-02,2024,Best Game Direction,game,Black Myth: Wukong,Black Myth: Wukong,https://en.wikipedia.org/wiki/Black_Myth:_Wukong,0,3,active,Black Myth: Wukong – Game Science,https://en.wikipedia.org/wiki/The_Game_Awards_2024,Q98582386,2024-08-20,day,https://www.wikidata.org/wiki/Q98582386#P577,2024-08-20,first public release,https://www.wikidata.org/wiki/Q98582386#P577,earliest_wikidata_release,,not_publicly_disclosed
2024-02-04,2024-02,2024,Best Game Direction,game,Elden Ring Shadow of the Erdtree,Elden Ring Shadow of the Erdtree,https://en.wikipedia.org/wiki/Elden_Ring_Shadow_of_the_Erdtree,0,4,active,Elden Ring Shadow of the Erdtree – FromSoftware / Bandai Namco Entertainment,https://en.wikipedia.org/wiki/The_Game_Awards_2024,Q116952973,2024-06-21,day,https://www.wikidata.org/wiki/Q116952973#P577,2024-06-21,first public release,https://www.wikidata.org/wiki/Q116952973#P577,earliest_wikidata_release,,not_publicly_disclosed
2024-02-05,2024-02,2024,Best Game Direction,game,Final Fantasy VII Rebirth,Final Fantasy VII Rebirth,https://en.wikipedia.org/wiki/Final_Fantasy_VII_Rebirth,0,5,active,Final Fantasy VII Rebirth – Square Enix,https://en.wikipedia.org/wiki/The_Game_Awards_2024,Q112617712,2024-02-29,day,https://www.wikidata.org/wiki/Q112617712#P577,2024-02-29,first public release,https://www.wikidata.org/wiki/Q112617712#P577,earliest_wikidata_release,,not_publicly_disclosed
2024-02-06,2024-02,2024,Best Game Direction,game,Metaphor: ReFantazio,Metaphor: ReFantazio,https://en.wikipedia.org/wiki/Metaphor:_ReFantazio,0,6,active,Metaphor: ReFantazio – Studio Zero / Sega,https://en.wikipedia.org/wiki/The_Game_Awards_2024,Q119362054,2024-10-11,day,https://www.wikidata.org/wiki/Q119362054#P577,2024-10-11,first public release,https://www.wikidata.org/wiki/Q119362054#P577,earliest_wikidata_release,,not_publicly_disclosed
2024-03-01,2024-03,2024,Best Narrative,game,Metaphor: ReFantazio,Metaphor: ReFantazio,https://en.wikipedia.org/wiki/Metaphor:_ReFantazio,1,1,active,Metaphor: ReFantazio – Studio Zero / Sega,https://en.wikipedia.org/wiki/The_Game_Awards_2024,Q119362054,2024-10-11,day,https://www.wikidata.org/wiki/Q119362054#P577,2024-10-11,first public release,https://www.wikidata.org/wiki/Q119362054#P577,earliest_wikidata_release,,not_publicly_disclosed
2024-03-02,2024-03,2024,Best Narrative,game,Final Fantasy VII Rebirth,Final Fantasy VII Rebirth,https://en.wikipedia.org/wiki/Final_Fantasy_VII_Rebirth,0,2,active,Final Fantasy VII Rebirth – Square Enix,https://en.wikipedia.org/wiki/The_Game_Awards_2024,Q112617712,2024-02-29,day,https://www.wikidata.org/wiki/Q112617712#P577,2024-02-29,first public release,https://www.wikidata.org/wiki/Q112617712#P577,earliest_wikidata_release,,not_publicly_disclosed
2024-03-03,2024-03,2024,Best Narrative,game,Like a Dragon: Infinite Wealth,Like a Dragon: Infinite Wealth,https://en.wikipedia.org/wiki/Like_a_Dragon:_Infinite_Wealth,0,3,active,Like a Dragon: Infinite Wealth – Ryu Ga Gotoku Studio / Sega,https://en.wikipedia.org/wiki/The_Game_Awards_2024,Q116980062,2024-01-26,day,https://www.wikidata.org/wiki/Q116980062#P577,2024-01-26,first public release,https://www.wikidata.org/wiki/Q116980062#P577,earliest_wikidata_release,,not_publicly_disclosed
2024-03-04,2024-03,2024,Best Narrative,game,Senua's Saga: Hellblade II,Senua's Saga: Hellblade II,https://en.wikipedia.org/wiki/Senua%27s_Saga:_Hellblade_II,0,4,active,Senua's Saga: Hellblade II – Ninja Theory / Xbox Game Studios,https://en.wikipedia.org/wiki/The_Game_Awards_2024,Q78418853,2024-05-21,day,https://www.wikidata.org/wiki/Q78418853#P577,2024-05-21,first public release,https://www.wikidata.org/wiki/Q78418853#P577,earliest_wikidata_release,,not_publicly_disclosed
2024-03-05,2024-03,2024,Best Narrative,game,Silent Hill 2,Silent Hill 2,https://en.wikipedia.org/wiki/Silent_Hill_2_(2024_video_game),0,5,active,Silent Hill 2 – Bloober Team / Konami,https://en.wikipedia.org/wiki/The_Game_Awards_2024,Q114770599,2024-10-08,day,https://www.wikidata.org/wiki/Q114770599#P577,2024-10-08,first public release,https://www.wikidata.org/wiki/Q114770599#P577,earliest_wikidata_release,,not_publicly_disclosed
2024-04-01,2024-04,2024,Best Art Direction,game,Metaphor: ReFantazio,Metaphor: ReFantazio,https://en.wikipedia.org/wiki/Metaphor:_ReFantazio,1,1,active,Metaphor: ReFantazio – Studio Zero / Sega,https://en.wikipedia.org/wiki/The_Game_Awards_2024,Q119362054,2024-10-11,day,https://www.wikidata.org/wiki/Q119362054#P577,2024-10-11,first public release,https://www.wikidata.org/wiki/Q119362054#P577,earliest_wikidata_release,,not_publicly_disclosed
2024-04-02,2024-04,2024,Best Art Direction,game,Astro Bot,Astro Bot,https://en.wikipedia.org/wiki/Astro_Bot,0,2,active,Astro Bot – Team Asobi / Sony Interactive Entertainment,https://en.wikipedia.org/wiki/The_Game_Awards_2024,Q126199700,2024-09-06,day,https://www.wikidata.org/wiki/Q126199700#P577,2024-09-06,first public release,https://www.wikidata.org/wiki/Q126199700#P577,earliest_wikidata_release,,not_publicly_disclosed
2024-04-03,2024-04,2024,Best Art Direction,game,Black Myth: Wukong,Black Myth: Wukong,https://en.wikipedia.org/wiki/Black_Myth:_Wukong,0,3,active,Black Myth: Wukong – Game Science,https://en.wikipedia.org/wiki/The_Game_Awards_2024,Q98582386,2024-08-20,day,https://www.wikidata.org/wiki/Q98582386#P577,2024-08-20,first public release,https://www.wikidata.org/wiki/Q98582386#P577,earliest_wikidata_release,,not_publicly_disclosed
2024-04-04,2024-04,2024,Best Art Direction,game,Elden Ring Shadow of the Erdtree,Elden Ring Shadow of the Erdtree,https://en.wikipedia.org/wiki/Elden_Ring_Shadow_of_the_Erdtree,0,4,active,Elden Ring Shadow of the Erdtree – FromSoftware / Bandai Namco Entertainment,https://en.wikipedia.org/wiki/The_Game_Awards_2024,Q116952973,2024-06-21,day,https://www.wikidata.org/wiki/Q116952973#P577,2024-06-21,first public release,https://www.wikidata.org/wiki/Q116952973#P577,earliest_wikidata_release,,not_publicly_disclosed
2024-04-05,2024-04,2024,Best Art Direction,game,Neva,Neva,https://en.wikipedia.org/wiki/Neva_(video_game),0,5,active,Neva – Nomada Studio / Devolver Digital,https://en.wikipedia.org/wiki/The_Game_Awards_2024,Q118645507,2024-10-15,day,https://www.wikidata.org/wiki/Q118645507#P577,2024-10-15,first public release,https://www.wikidata.org/wiki/Q118645507#P577,earliest_wikidata_release,,not_publicly_disclosed
2024-05-01,2024-05,2024,Best Score and Music,game,Final Fantasy VII Rebirth,Final Fantasy VII Rebirth,https://en.wikipedia.org/wiki/Final_Fantasy_VII_Rebirth,1,1,active,Final Fantasy VII Rebirth – Square Enix,https://en.wikipedia.org/wiki/The_Game_Awards_2024,Q112617712,2024-02-29,day,https://www.wikidata.org/wiki/Q112617712#P577,2024-02-29,first public release,https://www.wikidata.org/wiki/Q112617712#P577,earliest_wikidata_release,,not_publicly_disclosed
2024-05-02,2024-05,2024,Best Score and Music,game,Astro Bot,Astro Bot,https://en.wikipedia.org/wiki/Astro_Bot,0,2,active,Astro Bot – Team Asobi / Sony Interactive Entertainment,https://en.wikipedia.org/wiki/The_Game_Awards_2024,Q126199700,2024-09-06,day,https://www.wikidata.org/wiki/Q126199700#P577,2024-09-06,first public release,https://www.wikidata.org/wiki/Q126199700#P577,earliest_wikidata_release,,not_publicly_disclosed
2024-05-03,2024-05,2024,Best Score and Music,game,Metaphor: ReFantazio,Metaphor: ReFantazio,https://en.wikipedia.org/wiki/Metaphor:_ReFantazio,0,3,active,Metaphor: ReFantazio – Studio Zero / Sega,https://en.wikipedia.org/wiki/The_Game_Awards_2024,Q119362054,2024-10-11,day,https://www.wikidata.org/wiki/Q119362054#P577,2024-10-11,first public release,https://www.wikidata.org/wiki/Q119362054#P577,earliest_wikidata_release,,not_publicly_disclosed
2024-05-04,2024-05,2024,Best Score and Music,game,Silent Hill 2,Silent Hill 2,https://en.wikipedia.org/wiki/Silent_Hill_2_(2024_video_game),0,4,active,Silent Hill 2 – Bloober Team / Konami,https://en.wikipedia.org/wiki/The_Game_Awards_2024,Q114770599,2024-10-08,day,https://www.wikidata.org/wiki/Q114770599#P577,2024-10-08,first public release,https://www.wikidata.org/wiki/Q114770599#P577,earliest_wikidata_release,,not_publicly_disclosed
2024-05-05,2024-05,2024,Best Score and Music,game,Stellar Blade,Stellar Blade,https://en.wikipedia.org/wiki/Stellar_Blade,0,5,active,Stellar Blade – Shift Up / Sony Interactive Entertainment,https://en.wikipedia.org/wiki/The_Game_Awards_2024,Q108481438,2024-04-26,day,https://www.wikidata.org/wiki/Q108481438#P577,2024-04-26,first public release,https://www.wikidata.org/wiki/Q108481438#P577,earliest_wikidata_release,,not_publicly_disclosed
2024-06-01,2024-06,2024,Best Audio Design,game,Senua's Saga: Hellblade II,Senua's Saga: Hellblade II,https://en.wikipedia.org/wiki/Senua%27s_Saga:_Hellblade_II,1,1,active,Senua's Saga: Hellblade II – Ninja Theory / Xbox Game Studios,https://en.wikipedia.org/wiki/The_Game_Awards_2024,Q78418853,2024-05-21,day,https://www.wikidata.org/wiki/Q78418853#P577,2024-05-21,first public release,https://www.wikidata.org/wiki/Q78418853#P577,earliest_wikidata_release,,not_publicly_disclosed
2024-06-02,2024-06,2024,Best Audio Design,game,Astro Bot,Astro Bot,https://en.wikipedia.org/wiki/Astro_Bot,0,2,active,Astro Bot – Team Asobi / Sony Interactive Entertainment,https://en.wikipedia.org/wiki/The_Game_Awards_2024,Q126199700,2024-09-06,day,https://www.wikidata.org/wiki/Q126199700#P577,2024-09-06,first public release,https://www.wikidata.org/wiki/Q126199700#P577,earliest_wikidata_release,,not_publicly_disclosed
2024-06-03,2024-06,2024,Best Audio Design,game,Call of Duty: Black Ops 6,Call of Duty: Black Ops 6,https://en.wikipedia.org/wiki/Call_of_Duty:_Black_Ops_6,0,3,active,"Call of Duty: Black Ops 6 – Treyarch , Raven Software / Activision",https://en.wikipedia.org/wiki/The_Game_Awards_2024,Q125962931,2024-10-25,day,https://www.wikidata.org/wiki/Q125962931#P577,2024-10-25,first public release,https://www.wikidata.org/wiki/Q125962931#P577,earliest_wikidata_release,,not_publicly_disclosed
2024-06-04,2024-06,2024,Best Audio Design,game,Final Fantasy VII Rebirth,Final Fantasy VII Rebirth,https://en.wikipedia.org/wiki/Final_Fantasy_VII_Rebirth,0,4,active,Final Fantasy VII Rebirth – Square Enix,https://en.wikipedia.org/wiki/The_Game_Awards_2024,Q112617712,2024-02-29,day,https://www.wikidata.org/wiki/Q112617712#P577,2024-02-29,first public release,https://www.wikidata.org/wiki/Q112617712#P577,earliest_wikidata_release,,not_publicly_disclosed
2024-06-05,2024-06,2024,Best Audio Design,game,Silent Hill 2,Silent Hill 2,https://en.wikipedia.org/wiki/Silent_Hill_2_(2024_video_game),0,5,active,Silent Hill 2 – Bloober Team / Konami,https://en.wikipedia.org/wiki/The_Game_Awards_2024,Q114770599,2024-10-08,day,https://www.wikidata.org/wiki/Q114770599#P577,2024-10-08,first public release,https://www.wikidata.org/wiki/Q114770599#P577,earliest_wikidata_release,,not_publicly_disclosed
2024-07-01,2024-07,2024,Best Performance,performance,Melina Juergens as Senua,Senua's Saga: Hellblade II,https://en.wikipedia.org/wiki/Senua%27s_Saga:_Hellblade_II,1,1,active,Melina Juergens as Senua – Senua's Saga: Hellblade II,https://en.wikipedia.org/wiki/The_Game_Awards_2024,Q78418853,2024-05-21,day,https://www.wikidata.org/wiki/Q78418853#P577,2024-05-21,first public release,https://www.wikidata.org/wiki/Q78418853#P577,earliest_wikidata_release,,not_publicly_disclosed
2024-07-02,2024-07,2024,Best Performance,performance,Briana White as Aerith Gainsborough,Final Fantasy VII Rebirth,https://en.wikipedia.org/wiki/Final_Fantasy_VII_Rebirth,0,2,active,Briana White as Aerith Gainsborough – Final Fantasy VII Rebirth,https://en.wikipedia.org/wiki/The_Game_Awards_2024,Q112617712,2024-02-29,day,https://www.wikidata.org/wiki/Q112617712#P577,2024-02-29,first public release,https://www.wikidata.org/wiki/Q112617712#P577,earliest_wikidata_release,,not_publicly_disclosed
2024-07-03,2024-07,2024,Best Performance,performance,Hannah Telle as Max Caulfield,Life Is Strange: Double Exposure,https://en.wikipedia.org/wiki/Life_Is_Strange:_Double_Exposure,0,3,active,Hannah Telle as Max Caulfield – Life Is Strange: Double Exposure,https://en.wikipedia.org/wiki/The_Game_Awards_2024,Q126464545,2024-10-29,day,https://www.wikidata.org/wiki/Q126464545#P577,2024-10-29,first public release,https://www.wikidata.org/wiki/Q126464545#P577,earliest_wikidata_release,,not_publicly_disclosed
2024-07-04,2024-07,2024,Best Performance,performance,Humberly González as Kay Vess,Star Wars Outlaws,https://en.wikipedia.org/wiki/Star_Wars_Outlaws,0,4,active,Humberly González as Kay Vess – Star Wars Outlaws,https://en.wikipedia.org/wiki/The_Game_Awards_2024,Q119361001,2024-08-30,day,https://www.wikidata.org/wiki/Q119361001#P577,2024-08-30,first public release,https://www.wikidata.org/wiki/Q119361001#P577,earliest_wikidata_release,,not_publicly_disclosed
2024-07-05,2024-07,2024,Best Performance,performance,Luke Roberts as James Sunderland,Silent Hill 2,https://en.wikipedia.org/wiki/Silent_Hill_2_(2024_video_game),0,5,active,Luke Roberts as James Sunderland – Silent Hill 2,https://en.wikipedia.org/wiki/The_Game_Awards_2024,Q114770599,2024-10-08,day,https://www.wikidata.org/wiki/Q114770599#P577,2024-10-08,first public release,https://www.wikidata.org/wiki/Q114770599#P577,earliest_wikidata_release,,not_publicly_disclosed
2024-08-01,2024-08,2024,Games for Impact,game,Neva,Neva,https://en.wikipedia.org/wiki/Neva_(video_game),1,1,active,Neva – Nomada Studio / Devolver Digital,https://en.wikipedia.org/wiki/The_Game_Awards_2024,Q118645507,2024-10-15,day,https://www.wikidata.org/wiki/Q118645507#P577,2024-10-15,first public release,https://www.wikidata.org/wiki/Q118645507#P577,earliest_wikidata_release,,not_publicly_disclosed
2024-08-02,2024-08,2024,Games for Impact,game,Closer the Distance,Closer the Distance,,0,2,active,Closer the Distance – Osmotic Studios / Skybound Games,https://en.wikipedia.org/wiki/The_Game_Awards_2024,,,,,,,,no_game_link,,not_publicly_disclosed
2024-08-03,2024-08,2024,Games for Impact,game,Indika,Indika,https://en.wikipedia.org/wiki/Indika_(video_game),0,3,active,Indika – Odd Meter / 11 Bit Studios,https://en.wikipedia.org/wiki/The_Game_Awards_2024,Q123117469,2024-05-02,day,https://www.wikidata.org/wiki/Q123117469#P577,2024-05-02,first public release,https://www.wikidata.org/wiki/Q123117469#P577,earliest_wikidata_release,,not_publicly_disclosed
2024-08-04,2024-08,2024,Games for Impact,game,Life Is Strange: Double Exposure,Life Is Strange: Double Exposure,https://en.wikipedia.org/wiki/Life_Is_Strange:_Double_Exposure,0,4,active,Life Is Strange: Double Exposure – Deck Nine / Square Enix,https://en.wikipedia.org/wiki/The_Game_Awards_2024,Q126464545,2024-10-29,day,https://www.wikidata.org/wiki/Q126464545#P577,2024-10-29,first public release,https://www.wikidata.org/wiki/Q126464545#P577,earliest_wikidata_release,,not_publicly_disclosed
2024-08-05,2024-08,2024,Games for Impact,game,Senua's Saga: Hellblade II,Senua's Saga: Hellblade II,https://en.wikipedia.org/wiki/Senua%27s_Saga:_Hellblade_II,0,5,active,Senua's Saga: Hellblade II – Ninja Theory / Xbox Game Studios,https://en.wikipedia.org/wiki/The_Game_Awards_2024,Q78418853,2024-05-21,day,https://www.wikidata.org/wiki/Q78418853#P577,2024-05-21,first public release,https://www.wikidata.org/wiki/Q78418853#P577,earliest_wikidata_release,,not_publicly_disclosed
2024-08-06,2024-08,2024,Games for Impact,game,Tales of Kenzera: Zau,Tales of Kenzera: Zau,https://en.wikipedia.org/wiki/Tales_of_Kenzera:_Zau,0,6,active,Tales of Kenzera: Zau – Surgent Studios / Electronic Arts,https://en.wikipedia.org/wiki/The_Game_Awards_2024,Q123699054,2024-04-23,day,https://www.wikidata.org/wiki/Q123699054#P577,2024-04-23,first public release,https://www.wikidata.org/wiki/Q123699054#P577,earliest_wikidata_release,,not_publicly_disclosed
2024-09-01,2024-09,2024,Best Independent Game,game,Balatro,Balatro,https://en.wikipedia.org/wiki/Balatro,1,1,active,Balatro – LocalThunk / Playstack,https://en.wikipedia.org/wiki/The_Game_Awards_2024,Q124357469,2024-02-20,day,https://www.wikidata.org/wiki/Q124357469#P577,2024-02-20,first public release,https://www.wikidata.org/wiki/Q124357469#P577,earliest_wikidata_release,,not_publicly_disclosed
2024-09-02,2024-09,2024,Best Independent Game,game,Animal Well,Animal Well,https://en.wikipedia.org/wiki/Animal_Well,0,2,active,Animal Well – Shared Memory / Bigmode,https://en.wikipedia.org/wiki/The_Game_Awards_2024,Q116149653,2024-05-09,day,https://www.wikidata.org/wiki/Q116149653#P577,2024-05-09,first public release,https://www.wikidata.org/wiki/Q116149653#P577,earliest_wikidata_release,,not_publicly_disclosed
2024-09-03,2024-09,2024,Best Independent Game,game,Lorelei and the Laser Eyes,Lorelei and the Laser Eyes,https://en.wikipedia.org/wiki/Lorelei_and_the_Laser_Eyes,0,3,active,Lorelei and the Laser Eyes – Simogo / Annapurna Interactive,https://en.wikipedia.org/wiki/The_Game_Awards_2024,Q125506077,2024-05-16,day,https://www.wikidata.org/wiki/Q125506077#P577,2024-05-16,first public release,https://www.wikidata.org/wiki/Q125506077#P577,earliest_wikidata_release,,not_publicly_disclosed
2024-09-04,2024-09,2024,Best Independent Game,game,Neva,Neva,https://en.wikipedia.org/wiki/Neva_(video_game),0,4,active,Neva – Nomada Studio / Devolver Digital,https://en.wikipedia.org/wiki/The_Game_Awards_2024,Q118645507,2024-10-15,day,https://www.wikidata.org/wiki/Q118645507#P577,2024-10-15,first public release,https://www.wikidata.org/wiki/Q118645507#P577,earliest_wikidata_release,,not_publicly_disclosed
2024-09-05,2024-09,2024,Best Independent Game,game,UFO 50,UFO 50,https://en.wikipedia.org/wiki/UFO_50,0,5,active,UFO 50 – Mossmouth,https://en.wikipedia.org/wiki/The_Game_Awards_2024,Q116986156,2024-09-18,day,https://www.wikidata.org/wiki/Q116986156#P577,2024-09-18,first public release,https://www.wikidata.org/wiki/Q116986156#P577,earliest_wikidata_release,,not_publicly_disclosed
2024-10-01,2024-10,2024,Best Debut Indie Game,game,Balatro,Balatro,https://en.wikipedia.org/wiki/Balatro,1,1,active,Balatro – LocalThunk / Playstack,https://en.wikipedia.org/wiki/The_Game_Awards_2024,Q124357469,2024-02-20,day,https://www.wikidata.org/wiki/Q124357469#P577,2024-02-20,first public release,https://www.wikidata.org/wiki/Q124357469#P577,earliest_wikidata_release,,not_publicly_disclosed
2024-10-02,2024-10,2024,Best Debut Indie Game,game,Animal Well,Animal Well,https://en.wikipedia.org/wiki/Animal_Well,0,2,active,Animal Well – Shared Memory / Bigmode,https://en.wikipedia.org/wiki/The_Game_Awards_2024,Q116149653,2024-05-09,day,https://www.wikidata.org/wiki/Q116149653#P577,2024-05-09,first public release,https://www.wikidata.org/wiki/Q116149653#P577,earliest_wikidata_release,,not_publicly_disclosed
2024-10-03,2024-10,2024,Best Debut Indie Game,game,Manor Lords,Manor Lords,https://en.wikipedia.org/wiki/Manor_Lords,0,3,active,Manor Lords – Slavic Magic / Hooded Horse,https://en.wikipedia.org/wiki/The_Game_Awards_2024,Q97338068,2024-04-26,day,https://www.wikidata.org/wiki/Q97338068#P577,2024-04-26,first public release,https://www.wikidata.org/wiki/Q97338068#P577,earliest_wikidata_release,,not_publicly_disclosed
2024-10-04,2024-10,2024,Best Debut Indie Game,game,Pacific Drive,Pacific Drive,https://en.wikipedia.org/wiki/Pacific_Drive_(video_game),0,4,active,Pacific Drive – Ironwood Studios / Kepler Interactive,https://en.wikipedia.org/wiki/The_Game_Awards_2024,Q113959701,2024-02-22,day,https://www.wikidata.org/wiki/Q113959701#P577,2024-02-22,first public release,https://www.wikidata.org/wiki/Q113959701#P577,earliest_wikidata_release,,not_publicly_disclosed
2024-10-05,2024-10,2024,Best Debut Indie Game,game,The Plucky Squire,The Plucky Squire,https://en.wikipedia.org/wiki/The_Plucky_Squire,0,5,active,The Plucky Squire – All Possible Futures / Devolver Digital,https://en.wikipedia.org/wiki/The_Game_Awards_2024,Q112311660,2024-09-17,day,https://www.wikidata.org/wiki/Q112311660#P577,2024-09-17,first public release,https://www.wikidata.org/wiki/Q112311660#P577,earliest_wikidata_release,,not_publicly_disclosed
2024-11-01,2024-11,2024,Best Ongoing Game,game,Helldivers II,Helldivers II,https://en.wikipedia.org/wiki/Helldivers_II,1,1,active,Helldivers II – Arrowhead Game Studios / Sony Interactive Entertainment,https://en.wikipedia.org/wiki/The_Game_Awards_2024,Q118645527,2024-02-08,day,https://www.wikidata.org/wiki/Q118645527#P577,2024-02-08,first public release,https://www.wikidata.org/wiki/Q118645527#P577,earliest_wikidata_release,,not_publicly_disclosed
2024-11-02,2024-11,2024,Best Ongoing Game,game,Destiny 2: The Final Shape,Destiny 2: The Final Shape,https://en.wikipedia.org/wiki/Destiny_2:_The_Final_Shape,0,2,active,Destiny 2: The Final Shape – Bungie,https://en.wikipedia.org/wiki/The_Game_Awards_2024,Q118645681,2024-06-04,day,https://www.wikidata.org/wiki/Q118645681#P577,2024-06-04,first public release,https://www.wikidata.org/wiki/Q118645681#P577,earliest_wikidata_release,,not_publicly_disclosed
2024-11-03,2024-11,2024,Best Ongoing Game,game,Diablo IV: Vessel of Hatred,Diablo IV: Vessel of Hatred,https://en.wikipedia.org/wiki/Diablo_IV:_Vessel_of_Hatred,0,3,active,Diablo IV: Vessel of Hatred – Blizzard Entertainment,https://en.wikipedia.org/wiki/The_Game_Awards_2024,Q124062005,2024-10-07,day,https://www.wikidata.org/wiki/Q124062005#P577,2024-10-07,first public release,https://www.wikidata.org/wiki/Q124062005#P577,earliest_wikidata_release,,not_publicly_disclosed
2024-11-04,2024-11,2024,Best Ongoing Game,game,Final Fantasy XIV: Dawntrail,Final Fantasy XIV: Dawntrail,https://en.wikipedia.org/wiki/Final_Fantasy_XIV:_Dawntrail,0,4,active,Final Fantasy XIV: Dawntrail – Square Enix,https://en.wikipedia.org/wiki/The_Game_Awards_2024,Q125117412,2024-07-02,day,https://www.wikidata.org/wiki/Q125117412#P577,2024-07-02,first public release,https://www.wikidata.org/wiki/Q125117412#P577,earliest_wikidata_release,,not_publicly_disclosed
2024-11-05,2024-11,2024,Best Ongoing Game,game,Fortnite,Fortnite,https://en.wikipedia.org/wiki/Fortnite,0,5,active,Fortnite – Epic Games,https://en.wikipedia.org/wiki/The_Game_Awards_2024,Q349375,2017-07-25,day,https://www.wikidata.org/wiki/Q349375#P577,,,,earliest_wikidata_release,,not_publicly_disclosed
2024-12-01,2024-12,2024,Best Community Support,game,Baldur's Gate 3,Baldur's Gate 3,https://en.wikipedia.org/wiki/Baldur%27s_Gate_3,1,1,active,Baldur's Gate 3 – Larian Studios,https://en.wikipedia.org/wiki/The_Game_Awards_2024,Q64441774,2020-10-06,day,https://www.wikidata.org/wiki/Q64441774#P577,,,,earliest_wikidata_release,,not_publicly_disclosed
2024-12-02,2024-12,2024,Best Community Support,game,Final Fantasy XIV: Dawntrail,Final Fantasy XIV: Dawntrail,https://en.wikipedia.org/wiki/Final_Fantasy_XIV:_Dawntrail,0,2,active,Final Fantasy XIV: Dawntrail – Square Enix,https://en.wikipedia.org/wiki/The_Game_Awards_2024,Q125117412,2024-07-02,day,https://www.wikidata.org/wiki/Q125117412#P577,2024-07-02,first public release,https://www.wikidata.org/wiki/Q125117412#P577,earliest_wikidata_release,,not_publicly_disclosed
2024-12-03,2024-12,2024,Best Community Support,game,Fortnite,Fortnite,https://en.wikipedia.org/wiki/Fortnite,0,3,active,Fortnite – Epic Games,https://en.wikipedia.org/wiki/The_Game_Awards_2024,Q349375,2017-07-25,day,https://www.wikidata.org/wiki/Q349375#P577,,,,earliest_wikidata_release,,not_publicly_disclosed
2024-12-04,2024-12,2024,Best Community Support,game,Helldivers II,Helldivers II,https://en.wikipedia.org/wiki/Helldivers_II,0,4,active,Helldivers II – Arrowhead Game Studios / Sony Interactive Entertainment,https://en.wikipedia.org/wiki/The_Game_Awards_2024,Q118645527,2024-02-08,day,https://www.wikidata.org/wiki/Q118645527#P577,2024-02-08,first public release,https://www.wikidata.org/wiki/Q118645527#P577,earliest_wikidata_release,,not_publicly_disclosed
2024-12-05,2024-12,2024,Best Community Support,game,No Man's Sky,No Man's Sky,https://en.wikipedia.org/wiki/No_Man%27s_Sky,0,5,active,No Man's Sky – Hello Games,https://en.wikipedia.org/wiki/The_Game_Awards_2024,Q15297043,2016-08-09,day,https://www.wikidata.org/wiki/Q15297043#P577,,,,earliest_wikidata_release,,not_publicly_disclosed
2024-13-01,2024-13,2024,Best Mobile Game,game,Balatro,Balatro,https://en.wikipedia.org/wiki/Balatro,1,1,active,Balatro – LocalThunk / Playstack,https://en.wikipedia.org/wiki/The_Game_Awards_2024,Q124357469,2024-02-20,day,https://www.wikidata.org/wiki/Q124357469#P577,2024-02-20,first public release,https://www.wikidata.org/wiki/Q124357469#P577,earliest_wikidata_release,,not_publicly_disclosed
2024-13-02,2024-13,2024,Best Mobile Game,game,AFK Journey,AFK Journey,https://en.wikipedia.org/wiki/AFK_Journey,0,2,active,AFK Journey – Lilith Games / Farlight,https://en.wikipedia.org/wiki/The_Game_Awards_2024,Q125505215,2024-03-27,day,https://www.wikidata.org/wiki/Q125505215#P577,2024-03-27,first public release,https://www.wikidata.org/wiki/Q125505215#P577,earliest_wikidata_release,,not_publicly_disclosed
2024-13-03,2024-13,2024,Best Mobile Game,game,Pokémon Trading Card Game Pocket,Pokémon Trading Card Game Pocket,https://en.wikipedia.org/wiki/Pok%C3%A9mon_Trading_Card_Game_Pocket,0,3,active,"Pokémon Trading Card Game Pocket – Creatures Inc. , DeNA / The Pokémon Company",https://en.wikipedia.org/wiki/The_Game_Awards_2024,Q124672332,2024-10-30,day,https://www.wikidata.org/wiki/Q124672332#P577,2024-10-30,first public release,https://www.wikidata.org/wiki/Q124672332#P577,earliest_wikidata_release,,not_publicly_disclosed
2024-13-04,2024-13,2024,Best Mobile Game,game,Wuthering Waves,Wuthering Waves,https://en.wikipedia.org/wiki/Wuthering_Waves,0,4,active,Wuthering Waves – Kuro Games,https://en.wikipedia.org/wiki/The_Game_Awards_2024,Q117750031,2024-05-22,day,https://www.wikidata.org/wiki/Q117750031#P577,2024-05-22,first public release,https://www.wikidata.org/wiki/Q117750031#P577,earliest_wikidata_release,,not_publicly_disclosed
2024-13-05,2024-13,2024,Best Mobile Game,game,Zenless Zone Zero,Zenless Zone Zero,https://en.wikipedia.org/wiki/Zenless_Zone_Zero,0,5,active,Zenless Zone Zero – miHoYo,https://en.wikipedia.org/wiki/The_Game_Awards_2024,Q111983519,2024-07-04,day,https://www.wikidata.org/wiki/Q111983519#P577,2024-07-04,first public release,https://www.wikidata.org/wiki/Q111983519#P577,earliest_wikidata_release,,not_publicly_disclosed
2024-14-01,2024-14,2024,Best VR / AR Game,game,Batman: Arkham Shadow,Batman: Arkham Shadow,https://en.wikipedia.org/wiki/Batman:_Arkham_Shadow,1,1,active,Batman: Arkham Shadow – Camouflaj / Oculus Studios,https://en.wikipedia.org/wiki/The_Game_Awards_2024,Q125731242,2024-10-21,day,https://www.wikidata.org/wiki/Q125731242#P577,2024-10-21,first public release,https://www.wikidata.org/wiki/Q125731242#P577,earliest_wikidata_release,,not_publicly_disclosed
2024-14-02,2024-14,2024,Best VR / AR Game,game,Arizona Sunshine Remake,Arizona Sunshine Remake,https://en.wikipedia.org/wiki/Arizona_Sunshine,0,2,active,Arizona Sunshine Remake – Vertigo Games,https://en.wikipedia.org/wiki/The_Game_Awards_2024,Q27890297,2016-12-06,day,https://www.wikidata.org/wiki/Q27890297#P577,2024-10-17,"VR remake launch, not the 2016 base game",https://en.wikipedia.org/wiki/Arizona_Sunshine,earliest_wikidata_release,,not_publicly_disclosed
2024-14-03,2024-14,2024,Best VR / AR Game,game,Asgard's Wrath 2,Asgard's Wrath 2,https://en.wikipedia.org/wiki/Asgard%27s_Wrath_2,0,3,active,Asgard's Wrath 2 – Sanzaru Games / Oculus Studios,https://en.wikipedia.org/wiki/The_Game_Awards_2024,Q123699109,2023-12-15,day,https://www.wikidata.org/wiki/Q123699109#P577,,,,earliest_wikidata_release,,not_publicly_disclosed
2024-14-04,2024-14,2024,Best VR / AR Game,game,Metal: Hellsinger VR,Metal: Hellsinger VR,https://en.wikipedia.org/wiki/Metal:_Hellsinger,0,4,active,"Metal: Hellsinger VR – Lab42, The Outsiders / Funcom",https://en.wikipedia.org/wiki/The_Game_Awards_2024,Q96252758,2022-09-15,day,https://www.wikidata.org/wiki/Q96252758#P577,,,,earliest_wikidata_release,,not_publicly_disclosed
2024-14-05,2024-14,2024,Best VR / AR Game,game,Metro Awakening,Metro Awakening,https://en.wikipedia.org/wiki/Metro_Awakening,0,5,active,Metro Awakening – Vertigo Games / Deep Silver,https://en.wikipedia.org/wiki/The_Game_Awards_2024,Q124395908,2024-11-07,day,https://www.wikidata.org/wiki/Q124395908#P577,2024-11-07,first public release,https://www.wikidata.org/wiki/Q124395908#P577,earliest_wikidata_release,,not_publicly_disclosed
2024-15-01,2024-15,2024,Best Action Game,game,Black Myth: Wukong,Black Myth: Wukong,https://en.wikipedia.org/wiki/Black_Myth:_Wukong,1,1,active,Black Myth: Wukong – Game Science,https://en.wikipedia.org/wiki/The_Game_Awards_2024,Q98582386,2024-08-20,day,https://www.wikidata.org/wiki/Q98582386#P577,2024-08-20,first public release,https://www.wikidata.org/wiki/Q98582386#P577,earliest_wikidata_release,,not_publicly_disclosed
2024-15-02,2024-15,2024,Best Action Game,game,Call of Duty: Black Ops 6,Call of Duty: Black Ops 6,https://en.wikipedia.org/wiki/Call_of_Duty:_Black_Ops_6,0,2,active,"Call of Duty: Black Ops 6 – Treyarch , Raven Software / Activision",https://en.wikipedia.org/wiki/The_Game_Awards_2024,Q125962931,2024-10-25,day,https://www.wikidata.org/wiki/Q125962931#P577,2024-10-25,first public release,https://www.wikidata.org/wiki/Q125962931#P577,earliest_wikidata_release,,not_publicly_disclosed
2024-15-03,2024-15,2024,Best Action Game,game,Helldivers II,Helldivers II,https://en.wikipedia.org/wiki/Helldivers_II,0,3,active,Helldivers II – Arrowhead Game Studios / Sony Interactive Entertainment,https://en.wikipedia.org/wiki/The_Game_Awards_2024,Q118645527,2024-02-08,day,https://www.wikidata.org/wiki/Q118645527#P577,2024-02-08,first public release,https://www.wikidata.org/wiki/Q118645527#P577,earliest_wikidata_release,,not_publicly_disclosed
2024-15-04,2024-15,2024,Best Action Game,game,Stellar Blade,Stellar Blade,https://en.wikipedia.org/wiki/Stellar_Blade,0,4,active,Stellar Blade – Shift Up / Sony Interactive Entertainment,https://en.wikipedia.org/wiki/The_Game_Awards_2024,Q108481438,2024-04-26,day,https://www.wikidata.org/wiki/Q108481438#P577,2024-04-26,first public release,https://www.wikidata.org/wiki/Q108481438#P577,earliest_wikidata_release,,not_publicly_disclosed
2024-15-05,2024-15,2024,Best Action Game,game,"Warhammer 40,000: Space Marine 2","Warhammer 40,000: Space Marine 2","https://en.wikipedia.org/wiki/Warhammer_40,000:_Space_Marine_2",0,5,active,"Warhammer 40,000: Space Marine 2 – Saber Interactive / Focus Entertainment",https://en.wikipedia.org/wiki/The_Game_Awards_2024,Q110055360,2024-09-09,day,https://www.wikidata.org/wiki/Q110055360#P577,2024-09-09,first public release,https://www.wikidata.org/wiki/Q110055360#P577,earliest_wikidata_release,,not_publicly_disclosed
2024-16-01,2024-16,2024,Best Action / Adventure Game,game,Astro Bot,Astro Bot,https://en.wikipedia.org/wiki/Astro_Bot,1,1,active,Astro Bot – Team Asobi / Sony Interactive Entertainment,https://en.wikipedia.org/wiki/The_Game_Awards_2024,Q126199700,2024-09-06,day,https://www.wikidata.org/wiki/Q126199700#P577,2024-09-06,first public release,https://www.wikidata.org/wiki/Q126199700#P577,earliest_wikidata_release,,not_publicly_disclosed
2024-16-02,2024-16,2024,Best Action / Adventure Game,game,The Legend of Zelda: Echoes of Wisdom,The Legend of Zelda: Echoes of Wisdom,https://en.wikipedia.org/wiki/The_Legend_of_Zelda:_Echoes_of_Wisdom,0,2,active,"The Legend of Zelda: Echoes of Wisdom – Nintendo EPD , Grezzo / Nintendo",https://en.wikipedia.org/wiki/The_Game_Awards_2024,Q126722717,2024-09-26,day,https://www.wikidata.org/wiki/Q126722717#P577,2024-09-26,first public release,https://www.wikidata.org/wiki/Q126722717#P577,earliest_wikidata_release,,not_publicly_disclosed
2024-16-03,2024-16,2024,Best Action / Adventure Game,game,Prince of Persia: The Lost Crown,Prince of Persia: The Lost Crown,https://en.wikipedia.org/wiki/Prince_of_Persia:_The_Lost_Crown,0,3,active,Prince of Persia: The Lost Crown – Ubisoft Montpellier / Ubisoft,https://en.wikipedia.org/wiki/The_Game_Awards_2024,Q119224900,2024-01-18,day,https://www.wikidata.org/wiki/Q119224900#P577,2024-01-18,first public release,https://www.wikidata.org/wiki/Q119224900#P577,earliest_wikidata_release,,not_publicly_disclosed
2024-16-04,2024-16,2024,Best Action / Adventure Game,game,Silent Hill 2,Silent Hill 2,https://en.wikipedia.org/wiki/Silent_Hill_2_(2024_video_game),0,4,active,Silent Hill 2 – Bloober Team / Konami,https://en.wikipedia.org/wiki/The_Game_Awards_2024,Q114770599,2024-10-08,day,https://www.wikidata.org/wiki/Q114770599#P577,2024-10-08,first public release,https://www.wikidata.org/wiki/Q114770599#P577,earliest_wikidata_release,,not_publicly_disclosed
2024-16-05,2024-16,2024,Best Action / Adventure Game,game,Star Wars Outlaws,Star Wars Outlaws,https://en.wikipedia.org/wiki/Star_Wars_Outlaws,0,5,active,Star Wars Outlaws – Massive Entertainment / Ubisoft,https://en.wikipedia.org/wiki/The_Game_Awards_2024,Q119361001,2024-08-30,day,https://www.wikidata.org/wiki/Q119361001#P577,2024-08-30,first public release,https://www.wikidata.org/wiki/Q119361001#P577,earliest_wikidata_release,,not_publicly_disclosed
2024-17-01,2024-17,2024,Best Role Playing Game,game,Metaphor: ReFantazio,Metaphor: ReFantazio,https://en.wikipedia.org/wiki/Metaphor:_ReFantazio,1,1,active,Metaphor: ReFantazio – Studio Zero / Sega,https://en.wikipedia.org/wiki/The_Game_Awards_2024,Q119362054,2024-10-11,day,https://www.wikidata.org/wiki/Q119362054#P577,2024-10-11,first public release,https://www.wikidata.org/wiki/Q119362054#P577,earliest_wikidata_release,,not_publicly_disclosed
2024-17-02,2024-17,2024,Best Role Playing Game,game,Dragon's Dogma 2,Dragon's Dogma 2,https://en.wikipedia.org/wiki/Dragon%27s_Dogma_2,0,2,active,Dragon's Dogma 2 – Capcom,https://en.wikipedia.org/wiki/The_Game_Awards_2024,Q112609559,2024-03-22,day,https://www.wikidata.org/wiki/Q112609559#P577,2024-03-22,first public release,https://www.wikidata.org/wiki/Q112609559#P577,earliest_wikidata_release,,not_publicly_disclosed
2024-17-03,2024-17,2024,Best Role Playing Game,game,Elden Ring: Shadow of the Erdtree,Elden Ring: Shadow of the Erdtree,https://en.wikipedia.org/wiki/Elden_Ring:_Shadow_of_the_Erdtree,0,3,active,Elden Ring: Shadow of the Erdtree – FromSoftware / Bandai Namco Entertainment,https://en.wikipedia.org/wiki/The_Game_Awards_2024,Q116952973,2024-06-21,day,https://www.wikidata.org/wiki/Q116952973#P577,2024-06-21,first public release,https://www.wikidata.org/wiki/Q116952973#P577,earliest_wikidata_release,,not_publicly_disclosed
2024-17-04,2024-17,2024,Best Role Playing Game,game,Final Fantasy VII Rebirth,Final Fantasy VII Rebirth,https://en.wikipedia.org/wiki/Final_Fantasy_VII_Rebirth,0,4,active,Final Fantasy VII Rebirth – Square Enix,https://en.wikipedia.org/wiki/The_Game_Awards_2024,Q112617712,2024-02-29,day,https://www.wikidata.org/wiki/Q112617712#P577,2024-02-29,first public release,https://www.wikidata.org/wiki/Q112617712#P577,earliest_wikidata_release,,not_publicly_disclosed
2024-17-05,2024-17,2024,Best Role Playing Game,game,Like a Dragon: Infinite Wealth,Like a Dragon: Infinite Wealth,https://en.wikipedia.org/wiki/Like_a_Dragon:_Infinite_Wealth,0,5,active,Like a Dragon: Infinite Wealth – Ryu Ga Gotoku Studio / Sega,https://en.wikipedia.org/wiki/The_Game_Awards_2024,Q116980062,2024-01-26,day,https://www.wikidata.org/wiki/Q116980062#P577,2024-01-26,first public release,https://www.wikidata.org/wiki/Q116980062#P577,earliest_wikidata_release,,not_publicly_disclosed
2024-18-01,2024-18,2024,Best Fighting Game,game,Tekken 8,Tekken 8,https://en.wikipedia.org/wiki/Tekken_8,1,1,active,"Tekken 8 – Bandai Namco Studios , Arika / Bandai Namco Entertainment",https://en.wikipedia.org/wiki/The_Game_Awards_2024,Q105486599,2024-01-26,day,https://www.wikidata.org/wiki/Q105486599#P577,2024-01-26,first public release,https://www.wikidata.org/wiki/Q105486599#P577,earliest_wikidata_release,,not_publicly_disclosed
2024-18-02,2024-18,2024,Best Fighting Game,game,Dragon Ball: Sparking! Zero,Dragon Ball: Sparking! Zero,https://en.wikipedia.org/wiki/Dragon_Ball:_Sparking!_Zero,0,2,active,Dragon Ball: Sparking! Zero – Spike Chunsoft / Bandai Namco Entertainment,https://en.wikipedia.org/wiki/The_Game_Awards_2024,Q123698967,2024-10-10,day,https://www.wikidata.org/wiki/Q123698967#P577,2024-10-10,first public release,https://www.wikidata.org/wiki/Q123698967#P577,earliest_wikidata_release,,not_publicly_disclosed
2024-18-03,2024-18,2024,Best Fighting Game,game,Granblue Fantasy Versus: Rising,Granblue Fantasy Versus: Rising,https://en.wikipedia.org/wiki/Granblue_Fantasy_Versus:_Rising,0,3,active,Granblue Fantasy Versus: Rising – Arc System Works / Cygames,https://en.wikipedia.org/wiki/The_Game_Awards_2024,Q116927438,2023-12-14,day,https://www.wikidata.org/wiki/Q116927438#P577,,,,earliest_wikidata_release,,not_publicly_disclosed
2024-18-04,2024-18,2024,Best Fighting Game,game,Marvel vs. Capcom Fighting Collection: Arcade Classics,Marvel vs. Capcom Fighting Collection: Arcade Classics,https://en.wikipedia.org/wiki/Marvel_vs._Capcom_Fighting_Collection:_Arcade_Classics,0,4,active,Marvel vs. Capcom Fighting Collection: Arcade Classics – Capcom,https://en.wikipedia.org/wiki/The_Game_Awards_2024,Q126723314,2024-09-12,day,https://www.wikidata.org/wiki/Q126723314#P577,2024-09-12,first public release,https://www.wikidata.org/wiki/Q126723314#P577,earliest_wikidata_release,,not_publicly_disclosed
2024-18-05,2024-18,2024,Best Fighting Game,game,MultiVersus,MultiVersus,https://en.wikipedia.org/wiki/MultiVersus,0,5,active,MultiVersus – Player First Games / Warner Bros. Games,https://en.wikipedia.org/wiki/The_Game_Awards_2024,Q109633008,2022-07-19,day,https://www.wikidata.org/wiki/Q109633008#P577,,,,earliest_wikidata_release,,not_publicly_disclosed
2024-19-01,2024-19,2024,Best Family Game,game,Astro Bot,Astro Bot,https://en.wikipedia.org/wiki/Astro_Bot,1,1,active,Astro Bot – Team Asobi / Sony Interactive Entertainment,https://en.wikipedia.org/wiki/The_Game_Awards_2024,Q126199700,2024-09-06,day,https://www.wikidata.org/wiki/Q126199700#P577,2024-09-06,first public release,https://www.wikidata.org/wiki/Q126199700#P577,earliest_wikidata_release,,not_publicly_disclosed
2024-19-02,2024-19,2024,Best Family Game,game,The Legend of Zelda: Echoes of Wisdom,The Legend of Zelda: Echoes of Wisdom,https://en.wikipedia.org/wiki/The_Legend_of_Zelda:_Echoes_of_Wisdom,0,2,active,"The Legend of Zelda: Echoes of Wisdom – Nintendo EPD , Grezzo / Nintendo",https://en.wikipedia.org/wiki/The_Game_Awards_2024,Q126722717,2024-09-26,day,https://www.wikidata.org/wiki/Q126722717#P577,2024-09-26,first public release,https://www.wikidata.org/wiki/Q126722717#P577,earliest_wikidata_release,,not_publicly_disclosed
2024-19-03,2024-19,2024,Best Family Game,game,The Plucky Squire,The Plucky Squire,https://en.wikipedia.org/wiki/The_Plucky_Squire,0,3,active,The Plucky Squire – All Possible Futures / Devolver Digital,https://en.wikipedia.org/wiki/The_Game_Awards_2024,Q112311660,2024-09-17,day,https://www.wikidata.org/wiki/Q112311660#P577,2024-09-17,first public release,https://www.wikidata.org/wiki/Q112311660#P577,earliest_wikidata_release,,not_publicly_disclosed
2024-19-04,2024-19,2024,Best Family Game,game,Princess Peach: Showtime!,Princess Peach: Showtime!,https://en.wikipedia.org/wiki/Princess_Peach:_Showtime!,0,4,active,Princess Peach: Showtime! – Good-Feel / Nintendo,https://en.wikipedia.org/wiki/The_Game_Awards_2024,Q119833226,2024-03-22,day,https://www.wikidata.org/wiki/Q119833226#P577,2024-03-22,first public release,https://www.wikidata.org/wiki/Q119833226#P577,earliest_wikidata_release,,not_publicly_disclosed
2024-19-05,2024-19,2024,Best Family Game,game,Super Mario Party Jamboree,Super Mario Party Jamboree,https://en.wikipedia.org/wiki/Super_Mario_Party_Jamboree,0,5,active,Super Mario Party Jamboree – Nintendo Cube / Nintendo,https://en.wikipedia.org/wiki/The_Game_Awards_2024,Q126723011,2024-10-17,day,https://www.wikidata.org/wiki/Q126723011#P577,2024-10-17,first public release,https://www.wikidata.org/wiki/Q126723011#P577,earliest_wikidata_release,,not_publicly_disclosed
2024-20-01,2024-20,2024,Best Sim / Strategy Game,game,Frostpunk 2,Frostpunk 2,https://en.wikipedia.org/wiki/Frostpunk_2,1,1,active,Frostpunk 2 – 11 Bit Studios,https://en.wikipedia.org/wiki/The_Game_Awards_2024,Q109906111,2024-09-20,day,https://www.wikidata.org/wiki/Q109906111#P577,2024-09-20,first public release,https://www.wikidata.org/wiki/Q109906111#P577,earliest_wikidata_release,,not_publicly_disclosed
2024-20-02,2024-20,2024,Best Sim / Strategy Game,game,Age of Mythology: Retold,Age of Mythology: Retold,https://en.wikipedia.org/wiki/Age_of_Mythology:_Retold,0,2,active,"Age of Mythology: Retold – World's Edge , Forgotten Empires / Xbox Game Studios",https://en.wikipedia.org/wiki/The_Game_Awards_2024,Q114858023,2024-08-28,day,https://www.wikidata.org/wiki/Q114858023#P577,2024-08-28,first public release,https://www.wikidata.org/wiki/Q114858023#P577,earliest_wikidata_release,,not_publicly_disclosed
2024-20-03,2024-20,2024,Best Sim / Strategy Game,game,Kunitsu-Gami: Path of the Goddess,Kunitsu-Gami: Path of the Goddess,https://en.wikipedia.org/wiki/Kunitsu-Gami:_Path_of_the_Goddess,0,3,active,Kunitsu-Gami: Path of the Goddess – Capcom,https://en.wikipedia.org/wiki/The_Game_Awards_2024,Q119361233,2024-07-19,day,https://www.wikidata.org/wiki/Q119361233#P577,2024-07-19,first public release,https://www.wikidata.org/wiki/Q119361233#P577,earliest_wikidata_release,,not_publicly_disclosed
2024-20-04,2024-20,2024,Best Sim / Strategy Game,game,Manor Lords,Manor Lords,https://en.wikipedia.org/wiki/Manor_Lords,0,4,active,Manor Lords – Slavic Magic / Hooded Horse,https://en.wikipedia.org/wiki/The_Game_Awards_2024,Q97338068,2024-04-26,day,https://www.wikidata.org/wiki/Q97338068#P577,2024-04-26,first public release,https://www.wikidata.org/wiki/Q97338068#P577,earliest_wikidata_release,,not_publicly_disclosed
2024-20-05,2024-20,2024,Best Sim / Strategy Game,game,Unicorn Overlord,Unicorn Overlord,https://en.wikipedia.org/wiki/Unicorn_Overlord,0,5,active,Unicorn Overlord – Vanillaware / Sega,https://en.wikipedia.org/wiki/The_Game_Awards_2024,Q122561024,2024-03-08,day,https://www.wikidata.org/wiki/Q122561024#P577,2024-03-08,first public release,https://www.wikidata.org/wiki/Q122561024#P577,earliest_wikidata_release,,not_publicly_disclosed
2024-21-01,2024-21,2024,Best Sports / Racing Game,game,EA Sports FC 25,EA Sports FC 25,https://en.wikipedia.org/wiki/EA_Sports_FC_25,1,1,active,"EA Sports FC 25 – EA Vancouver , EA Romania / EA Sports",https://en.wikipedia.org/wiki/The_Game_Awards_2024,Q127162066,2024-09-27,day,https://www.wikidata.org/wiki/Q127162066#P577,2024-09-27,first public release,https://www.wikidata.org/wiki/Q127162066#P577,earliest_wikidata_release,,not_publicly_disclosed
2024-21-02,2024-21,2024,Best Sports / Racing Game,game,F1 24,F1 24,https://en.wikipedia.org/wiki/F1_24,0,2,active,F1 24 – Codemasters / EA Sports,https://en.wikipedia.org/wiki/The_Game_Awards_2024,Q124679947,2024-05-31,day,https://www.wikidata.org/wiki/Q124679947#P577,2024-05-31,first public release,https://www.wikidata.org/wiki/Q124679947#P577,earliest_wikidata_release,,not_publicly_disclosed
2024-21-03,2024-21,2024,Best Sports / Racing Game,game,NBA 2K25,NBA 2K25,https://en.wikipedia.org/wiki/NBA_2K25,0,3,active,NBA 2K25 – Visual Concepts / 2K,https://en.wikipedia.org/wiki/The_Game_Awards_2024,Q127328619,2024-09-06,day,https://www.wikidata.org/wiki/Q127328619#P577,2024-09-06,first public release,https://www.wikidata.org/wiki/Q127328619#P577,earliest_wikidata_release,,not_publicly_disclosed
2024-21-04,2024-21,2024,Best Sports / Racing Game,game,TopSpin 2K25,TopSpin 2K25,https://en.wikipedia.org/wiki/TopSpin_2K25,0,4,active,TopSpin 2K25 – Hangar 13 / 2K,https://en.wikipedia.org/wiki/The_Game_Awards_2024,Q124304169,2024-04-26,day,https://www.wikidata.org/wiki/Q124304169#P577,2024-04-26,first public release,https://www.wikidata.org/wiki/Q124304169#P577,earliest_wikidata_release,,not_publicly_disclosed
2024-21-05,2024-21,2024,Best Sports / Racing Game,game,WWE 2K24,WWE 2K24,https://en.wikipedia.org/wiki/WWE_2K24,0,5,active,WWE 2K24 – Visual Concepts / 2K,https://en.wikipedia.org/wiki/The_Game_Awards_2024,Q124313307,2024-03-08,day,https://www.wikidata.org/wiki/Q124313307#P577,2024-03-08,first public release,https://www.wikidata.org/wiki/Q124313307#P577,earliest_wikidata_release,,not_publicly_disclosed
2024-22-01,2024-22,2024,Best Multiplayer Game,game,Helldivers II,Helldivers II,https://en.wikipedia.org/wiki/Helldivers_II,1,1,active,Helldivers II – Arrowhead Game Studios / Sony Interactive Entertainment,https://en.wikipedia.org/wiki/The_Game_Awards_2024,Q118645527,2024-02-08,day,https://www.wikidata.org/wiki/Q118645527#P577,2024-02-08,first public release,https://www.wikidata.org/wiki/Q118645527#P577,earliest_wikidata_release,,not_publicly_disclosed
2024-22-02,2024-22,2024,Best Multiplayer Game,game,Call of Duty: Black Ops 6,Call of Duty: Black Ops 6,https://en.wikipedia.org/wiki/Call_of_Duty:_Black_Ops_6,0,2,active,"Call of Duty: Black Ops 6 – Treyarch , Raven Software / Activision",https://en.wikipedia.org/wiki/The_Game_Awards_2024,Q125962931,2024-10-25,day,https://www.wikidata.org/wiki/Q125962931#P577,2024-10-25,first public release,https://www.wikidata.org/wiki/Q125962931#P577,earliest_wikidata_release,,not_publicly_disclosed
2024-22-03,2024-22,2024,Best Multiplayer Game,game,Super Mario Party Jamboree,Super Mario Party Jamboree,https://en.wikipedia.org/wiki/Super_Mario_Party_Jamboree,0,3,active,Super Mario Party Jamboree – Nintendo Cube / Nintendo,https://en.wikipedia.org/wiki/The_Game_Awards_2024,Q126723011,2024-10-17,day,https://www.wikidata.org/wiki/Q126723011#P577,2024-10-17,first public release,https://www.wikidata.org/wiki/Q126723011#P577,earliest_wikidata_release,,not_publicly_disclosed
2024-22-04,2024-22,2024,Best Multiplayer Game,game,Tekken 8,Tekken 8,https://en.wikipedia.org/wiki/Tekken_8,0,4,active,"Tekken 8 – Bandai Namco Studios , Arika / Bandai Namco Entertainment",https://en.wikipedia.org/wiki/The_Game_Awards_2024,Q105486599,2024-01-26,day,https://www.wikidata.org/wiki/Q105486599#P577,2024-01-26,first public release,https://www.wikidata.org/wiki/Q105486599#P577,earliest_wikidata_release,,not_publicly_disclosed
2024-22-05,2024-22,2024,Best Multiplayer Game,game,"Warhammer 40,000: Space Marine 2","Warhammer 40,000: Space Marine 2","https://en.wikipedia.org/wiki/Warhammer_40,000:_Space_Marine_2",0,5,active,"Warhammer 40,000: Space Marine 2 – Saber Interactive / Focus Entertainment",https://en.wikipedia.org/wiki/The_Game_Awards_2024,Q110055360,2024-09-09,day,https://www.wikidata.org/wiki/Q110055360#P577,2024-09-09,first public release,https://www.wikidata.org/wiki/Q110055360#P577,earliest_wikidata_release,,not_publicly_disclosed
2024-23-01,2024-23,2024,Innovation in Accessibility,game,Prince of Persia: The Lost Crown,Prince of Persia: The Lost Crown,https://en.wikipedia.org/wiki/Prince_of_Persia:_The_Lost_Crown,1,1,active,Prince of Persia: The Lost Crown – Ubisoft Montpellier / Ubisoft,https://en.wikipedia.org/wiki/The_Game_Awards_2024,Q119224900,2024-01-18,day,https://www.wikidata.org/wiki/Q119224900#P577,2024-01-18,first public release,https://www.wikidata.org/wiki/Q119224900#P577,earliest_wikidata_release,,not_publicly_disclosed
2024-23-02,2024-23,2024,Innovation in Accessibility,game,Call of Duty: Black Ops 6,Call of Duty: Black Ops 6,https://en.wikipedia.org/wiki/Call_of_Duty:_Black_Ops_6,0,2,active,"Call of Duty: Black Ops 6 – Treyarch , Raven Software / Activision",https://en.wikipedia.org/wiki/The_Game_Awards_2024,Q125962931,2024-10-25,day,https://www.wikidata.org/wiki/Q125962931#P577,2024-10-25,first public release,https://www.wikidata.org/wiki/Q125962931#P577,earliest_wikidata_release,,not_publicly_disclosed
2024-23-03,2024-23,2024,Innovation in Accessibility,game,Diablo IV: Vessel of Hatred,Diablo IV: Vessel of Hatred,https://en.wikipedia.org/wiki/Diablo_IV:_Vessel_of_Hatred,0,3,active,Diablo IV: Vessel of Hatred – Blizzard Entertainment,https://en.wikipedia.org/wiki/The_Game_Awards_2024,Q124062005,2024-10-07,day,https://www.wikidata.org/wiki/Q124062005#P577,2024-10-07,first public release,https://www.wikidata.org/wiki/Q124062005#P577,earliest_wikidata_release,,not_publicly_disclosed
2024-23-04,2024-23,2024,Innovation in Accessibility,game,Dragon Age: The Veilguard,Dragon Age: The Veilguard,https://en.wikipedia.org/wiki/Dragon_Age:_The_Veilguard,0,4,active,Dragon Age: The Veilguard – BioWare / Electronic Arts,https://en.wikipedia.org/wiki/The_Game_Awards_2024,Q104651901,2024-10-31,day,https://www.wikidata.org/wiki/Q104651901#P577,2024-10-31,first public release,https://www.wikidata.org/wiki/Q104651901#P577,earliest_wikidata_release,,not_publicly_disclosed
2024-23-05,2024-23,2024,Innovation in Accessibility,game,Star Wars Outlaws,Star Wars Outlaws,https://en.wikipedia.org/wiki/Star_Wars_Outlaws,0,5,active,Star Wars Outlaws – Massive Entertainment / Ubisoft,https://en.wikipedia.org/wiki/The_Game_Awards_2024,Q119361001,2024-08-30,day,https://www.wikidata.org/wiki/Q119361001#P577,2024-08-30,first public release,https://www.wikidata.org/wiki/Q119361001#P577,earliest_wikidata_release,,not_publicly_disclosed
2024-24-01,2024-24,2024,Best Adaptation,adaptation,Fallout (television series),,,1,1,active,"Fallout (television series) – Kilter Films, Bethesda Game Studios / Amazon MGM Studios ; based on Fallout by Bethesda Softworks",https://en.wikipedia.org/wiki/The_Game_Awards_2024,,,,,,,,no_associated_game,,not_publicly_disclosed
2024-24-02,2024-24,2024,Best Adaptation,adaptation,Arcane (animated series),,,0,2,active,"Arcane (animated series) – Fortiche , Riot Games / Netflix ; based on League of Legends by Riot Games",https://en.wikipedia.org/wiki/The_Game_Awards_2024,,,,,,,,no_associated_game,,not_publicly_disclosed
2024-24-03,2024-24,2024,Best Adaptation,adaptation,Knuckles (television series),,,0,3,active,Knuckles (television series) – Sega Sammy Group / Paramount Pictures ; based on Sonic the Hedgehog by Sega,https://en.wikipedia.org/wiki/The_Game_Awards_2024,,,,,,,,no_associated_game,,not_publicly_disclosed
2024-24-04,2024-24,2024,Best Adaptation,adaptation,Like a Dragon: Yakuza (television series),,,0,4,active,Like a Dragon: Yakuza (television series) – Sega / Amazon MGM Studios; based on Like a Dragon by Sega,https://en.wikipedia.org/wiki/The_Game_Awards_2024,,,,,,,,no_associated_game,,not_publicly_disclosed
2024-24-05,2024-24,2024,Best Adaptation,adaptation,Tomb Raider: The Legend of Lara Croft (animated series),,,0,5,active,"Tomb Raider: The Legend of Lara Croft (animated series) – Crystal Dynamics , Legendary Television / Netflix; based on Tomb Raider by Crystal Dynamics",https://en.wikipedia.org/wiki/The_Game_Awards_2024,,,,,,,,no_associated_game,,not_publicly_disclosed
2024-25-01,2024-25,2024,Most Anticipated Game,unreleased_game,Grand Theft Auto VI,Grand Theft Auto VI,https://en.wikipedia.org/wiki/Grand_Theft_Auto_VI,1,1,active,Grand Theft Auto VI – Rockstar Games,https://en.wikipedia.org/wiki/The_Game_Awards_2024,Q23648408,2026-05-26,day,https://www.wikidata.org/wiki/Q23648408#P577,,,,earliest_wikidata_release,,not_publicly_disclosed
2024-25-02,2024-25,2024,Most Anticipated Game,unreleased_game,Death Stranding 2: On the Beach,Death Stranding 2: On the Beach,https://en.wikipedia.org/wiki/Death_Stranding_2:_On_the_Beach,0,2,active,Death Stranding 2: On the Beach – Kojima Productions / Sony Interactive Entertainment,https://en.wikipedia.org/wiki/The_Game_Awards_2024,Q115641709,2025-06-26,day,https://www.wikidata.org/wiki/Q115641709#P577,,,,earliest_wikidata_release,,not_publicly_disclosed
2024-25-03,2024-25,2024,Most Anticipated Game,unreleased_game,Ghost of Yōtei,Ghost of Yōtei,https://en.wikipedia.org/wiki/Ghost_of_Y%C5%8Dtei,0,3,active,Ghost of Yōtei – Sucker Punch Productions / Sony Interactive Entertainment,https://en.wikipedia.org/wiki/The_Game_Awards_2024,Q130360297,2025-10-02,day,https://www.wikidata.org/wiki/Q130360297#P577,,,,earliest_wikidata_release,,not_publicly_disclosed
2024-25-04,2024-25,2024,Most Anticipated Game,unreleased_game,Metroid Prime 4: Beyond,Metroid Prime 4: Beyond,https://en.wikipedia.org/wiki/Metroid_Prime_4:_Beyond,0,4,active,Metroid Prime 4: Beyond – Retro Studios / Nintendo,https://en.wikipedia.org/wiki/The_Game_Awards_2024,Q30749509,2025-12-04,day,https://www.wikidata.org/wiki/Q30749509#P577,,,,earliest_wikidata_release,,not_publicly_disclosed
2024-25-05,2024-25,2024,Most Anticipated Game,unreleased_game,Monster Hunter Wilds,Monster Hunter Wilds,https://en.wikipedia.org/wiki/Monster_Hunter_Wilds,0,5,active,Monster Hunter Wilds – Capcom,https://en.wikipedia.org/wiki/The_Game_Awards_2024,Q123699158,2025-02-28,day,https://www.wikidata.org/wiki/Q123699158#P577,,,,earliest_wikidata_release,,not_publicly_disclosed
2024-26-01,2024-26,2024,Players' Voice,game,Black Myth: Wukong,Black Myth: Wukong,https://en.wikipedia.org/wiki/Black_Myth:_Wukong,1,1,active,Black Myth: Wukong – Game Science,https://en.wikipedia.org/wiki/The_Game_Awards_2024,Q98582386,2024-08-20,day,https://www.wikidata.org/wiki/Q98582386#P577,2024-08-20,first public release,https://www.wikidata.org/wiki/Q98582386#P577,earliest_wikidata_release,,not_publicly_disclosed
2024-26-02,2024-26,2024,Players' Voice,game,Genshin Impact,Genshin Impact,https://en.wikipedia.org/wiki/Genshin_Impact,0,2,active,Genshin Impact – miHoYo,https://en.wikipedia.org/wiki/The_Game_Awards_2024,Q65059474,2020-09-28,day,https://www.wikidata.org/wiki/Q65059474#P577,,,,earliest_wikidata_release,,not_publicly_disclosed
2024-26-03,2024-26,2024,Players' Voice,game,Elden Ring: Shadow of the Erdtree,Elden Ring: Shadow of the Erdtree,https://en.wikipedia.org/wiki/Elden_Ring:_Shadow_of_the_Erdtree,0,3,active,Elden Ring: Shadow of the Erdtree – FromSoftware / Bandai Namco Entertainment,https://en.wikipedia.org/wiki/The_Game_Awards_2024,Q116952973,2024-06-21,day,https://www.wikidata.org/wiki/Q116952973#P577,2024-06-21,first public release,https://www.wikidata.org/wiki/Q116952973#P577,earliest_wikidata_release,,not_publicly_disclosed
2024-26-04,2024-26,2024,Players' Voice,game,Wuthering Waves,Wuthering Waves,https://en.wikipedia.org/wiki/Wuthering_Waves,0,4,active,Wuthering Waves – Kuro Games,https://en.wikipedia.org/wiki/The_Game_Awards_2024,Q117750031,2024-05-22,day,https://www.wikidata.org/wiki/Q117750031#P577,2024-05-22,first public release,https://www.wikidata.org/wiki/Q117750031#P577,earliest_wikidata_release,,not_publicly_disclosed
2024-26-05,2024-26,2024,Players' Voice,game,Zenless Zone Zero,Zenless Zone Zero,https://en.wikipedia.org/wiki/Zenless_Zone_Zero,0,5,active,Zenless Zone Zero – miHoYo,https://en.wikipedia.org/wiki/The_Game_Awards_2024,Q111983519,2024-07-04,day,https://www.wikidata.org/wiki/Q111983519#P577,2024-07-04,first public release,https://www.wikidata.org/wiki/Q111983519#P577,earliest_wikidata_release,,not_publicly_disclosed
2024-27-01,2024-27,2024,Best Esports Game,game,League of Legends,League of Legends,https://en.wikipedia.org/wiki/League_of_Legends,1,1,active,League of Legends – Riot Games,https://en.wikipedia.org/wiki/The_Game_Awards_2024,Q223341,2009-10-27,day,https://www.wikidata.org/wiki/Q223341#P577,,,,earliest_wikidata_release,,not_publicly_disclosed
2024-27-02,2024-27,2024,Best Esports Game,game,Counter-Strike 2,Counter-Strike 2,https://en.wikipedia.org/wiki/Counter-Strike_2,0,2,active,Counter-Strike 2 – Valve,https://en.wikipedia.org/wiki/The_Game_Awards_2024,Q111165107,2023-09-27,day,https://www.wikidata.org/wiki/Q111165107#P577,,,,earliest_wikidata_release,,not_publicly_disclosed
2024-27-03,2024-27,2024,Best Esports Game,game,Dota 2,Dota 2,https://en.wikipedia.org/wiki/Dota_2,0,3,active,Dota 2 – Valve,https://en.wikipedia.org/wiki/The_Game_Awards_2024,Q771541,2013-07-09,day,https://www.wikidata.org/wiki/Q771541#P577,,,,earliest_wikidata_release,,not_publicly_disclosed
2024-27-04,2024-27,2024,Best Esports Game,game,Mobile Legends: Bang Bang,Mobile Legends: Bang Bang,https://en.wikipedia.org/wiki/Mobile_Legends:_Bang_Bang,0,4,active,Mobile Legends: Bang Bang – Moonton,https://en.wikipedia.org/wiki/The_Game_Awards_2024,Q29564198,2016-07-14,day,https://www.wikidata.org/wiki/Q29564198#P577,,,,earliest_wikidata_release,,not_publicly_disclosed
2024-27-05,2024-27,2024,Best Esports Game,game,Valorant,Valorant,https://en.wikipedia.org/wiki/Valorant,0,5,active,Valorant – Riot Games,https://en.wikipedia.org/wiki/The_Game_Awards_2024,Q86919275,2020-06-02,day,https://www.wikidata.org/wiki/Q86919275#P577,,,,earliest_wikidata_release,,not_publicly_disclosed
2024-28-01,2024-28,2024,Best Esports Athlete,person,"Lee ""Faker"" Sang-hyeok",,,1,1,active,"Lee ""Faker"" Sang-hyeok",https://en.wikipedia.org/wiki/The_Game_Awards_2024,,,,,,,,no_associated_game,,not_publicly_disclosed
2024-28-02,2024-28,2024,Best Esports Athlete,person,"Neta ""33"" Shapira",,,0,2,active,"Neta ""33"" Shapira",https://en.wikipedia.org/wiki/The_Game_Awards_2024,,,,,,,,no_associated_game,,not_publicly_disclosed
2024-28-03,2024-28,2024,Best Esports Athlete,person,"Aleksi ""Aleksib"" Virolainen",,,0,3,active,"Aleksi ""Aleksib"" Virolainen",https://en.wikipedia.org/wiki/The_Game_Awards_2024,,,,,,,,no_associated_game,,not_publicly_disclosed
2024-28-04,2024-28,2024,Best Esports Athlete,person,"Jung ""Chovy"" Ji-hoon",,,0,4,active,"Jung ""Chovy"" Ji-hoon",https://en.wikipedia.org/wiki/The_Game_Awards_2024,,,,,,,,no_associated_game,,not_publicly_disclosed
2024-28-05,2024-28,2024,Best Esports Athlete,person,"Mathieu ""ZywOo"" Herbaut",,,0,5,active,"Mathieu ""ZywOo"" Herbaut",https://en.wikipedia.org/wiki/The_Game_Awards_2024,,,,,,,,no_associated_game,,not_publicly_disclosed
2024-28-06,2024-28,2024,Best Esports Athlete,person,"Zheng ""ZmjjKK"" Yongkang",,,0,6,active,"Zheng ""ZmjjKK"" Yongkang",https://en.wikipedia.org/wiki/The_Game_Awards_2024,,,,,,,,no_associated_game,,not_publicly_disclosed
2024-29-01,2024-29,2024,Best Esports Team,other,T1 ( League of Legends ),,,1,1,active,T1 ( League of Legends ),https://en.wikipedia.org/wiki/The_Game_Awards_2024,,,,,,,,no_associated_game,,not_publicly_disclosed
2024-29-02,2024-29,2024,Best Esports Team,other,Bilibili Gaming ( League of Legends ),,,0,2,active,Bilibili Gaming ( League of Legends ),https://en.wikipedia.org/wiki/The_Game_Awards_2024,,,,,,,,no_associated_game,,not_publicly_disclosed
2024-29-03,2024-29,2024,Best Esports Team,other,Gen.G ( League of Legends ),,,0,3,active,Gen.G ( League of Legends ),https://en.wikipedia.org/wiki/The_Game_Awards_2024,,,,,,,,no_associated_game,,not_publicly_disclosed
2024-29-04,2024-29,2024,Best Esports Team,other,Natus Vincere ( Counter-Strike 2 ),,,0,4,active,Natus Vincere ( Counter-Strike 2 ),https://en.wikipedia.org/wiki/The_Game_Awards_2024,,,,,,,,no_associated_game,,not_publicly_disclosed
2024-29-05,2024-29,2024,Best Esports Team,other,Team Liquid ( Dota 2 ),,,0,5,active,Team Liquid ( Dota 2 ),https://en.wikipedia.org/wiki/The_Game_Awards_2024,,,,,,,,no_associated_game,,not_publicly_disclosed
2024-30-01,2024-30,2024,Content Creator of the Year,person,CaseOh,,,1,1,active,CaseOh,https://en.wikipedia.org/wiki/The_Game_Awards_2024,,,,,,,,no_associated_game,,not_publicly_disclosed
2024-30-02,2024-30,2024,Content Creator of the Year,person,IlloJuan,,,0,2,active,IlloJuan,https://en.wikipedia.org/wiki/The_Game_Awards_2024,,,,,,,,no_associated_game,,not_publicly_disclosed
2024-30-03,2024-30,2024,Content Creator of the Year,person,Techno Gamerz,,,0,3,active,Techno Gamerz,https://en.wikipedia.org/wiki/The_Game_Awards_2024,,,,,,,,no_associated_game,,not_publicly_disclosed
2024-30-04,2024-30,2024,Content Creator of the Year,person,Typical Gamer,,,0,4,active,Typical Gamer,https://en.wikipedia.org/wiki/The_Game_Awards_2024,,,,,,,,no_associated_game,,not_publicly_disclosed
2024-30-05,2024-30,2024,Content Creator of the Year,person,Usada Pekora,,,0,5,active,Usada Pekora,https://en.wikipedia.org/wiki/The_Game_Awards_2024,,,,,,,,no_associated_game,,not_publicly_disclosed
2025-01-01,2025-01,2025,Game of the Year,game,Clair Obscur: Expedition 33,Clair Obscur: Expedition 33,https://en.wikipedia.org/wiki/Clair_Obscur:_Expedition_33,1,1,active,Clair Obscur: Expedition 33 – Sandfall Interactive / Kepler Interactive,https://en.wikipedia.org/wiki/The_Game_Awards_2025,Q126462072,2025-04-24,day,https://www.wikidata.org/wiki/Q126462072#P577,2025-04-24,first public release,https://www.wikidata.org/wiki/Q126462072#P577,earliest_wikidata_release,,not_publicly_disclosed
2025-01-02,2025-01,2025,Game of the Year,game,Death Stranding 2: On the Beach,Death Stranding 2: On the Beach,https://en.wikipedia.org/wiki/Death_Stranding_2:_On_the_Beach,0,2,active,Death Stranding 2: On the Beach – Kojima Productions / Sony Interactive Entertainment,https://en.wikipedia.org/wiki/The_Game_Awards_2025,Q115641709,2025-06-26,day,https://www.wikidata.org/wiki/Q115641709#P577,2025-06-26,first public release,https://www.wikidata.org/wiki/Q115641709#P577,earliest_wikidata_release,,not_publicly_disclosed
2025-01-03,2025-01,2025,Game of the Year,game,Donkey Kong Bananza,Donkey Kong Bananza,https://en.wikipedia.org/wiki/Donkey_Kong_Bananza,0,3,active,Donkey Kong Bananza – Nintendo EPD / Nintendo,https://en.wikipedia.org/wiki/The_Game_Awards_2025,Q133804475,2025-07-17,day,https://www.wikidata.org/wiki/Q133804475#P577,2025-07-17,first public release,https://www.wikidata.org/wiki/Q133804475#P577,earliest_wikidata_release,,not_publicly_disclosed
2025-01-04,2025-01,2025,Game of the Year,game,Hades II,Hades II,https://en.wikipedia.org/wiki/Hades_II,0,4,active,Hades II – Supergiant Games,https://en.wikipedia.org/wiki/The_Game_Awards_2025,Q115641620,2024-05-06,day,https://www.wikidata.org/wiki/Q115641620#P577,2025-09-25,full release after early access,https://www.wikidata.org/wiki/Q115641620#P577,earliest_wikidata_release,,not_publicly_disclosed
2025-01-05,2025-01,2025,Game of the Year,game,Hollow Knight: Silksong,Hollow Knight: Silksong,https://en.wikipedia.org/wiki/Hollow_Knight:_Silksong,0,5,active,Hollow Knight: Silksong – Team Cherry,https://en.wikipedia.org/wiki/The_Game_Awards_2025,Q63294487,2025-09-04,day,https://www.wikidata.org/wiki/Q63294487#P577,2025-09-04,first public release,https://www.wikidata.org/wiki/Q63294487#P577,earliest_wikidata_release,,not_publicly_disclosed
2025-01-06,2025-01,2025,Game of the Year,game,Kingdom Come: Deliverance II,Kingdom Come: Deliverance II,https://en.wikipedia.org/wiki/Kingdom_Come:_Deliverance_II,0,6,active,Kingdom Come: Deliverance II – Warhorse Studios / Deep Silver,https://en.wikipedia.org/wiki/The_Game_Awards_2025,Q125430996,2025-02-04,day,https://www.wikidata.org/wiki/Q125430996#P577,2025-02-04,first public release,https://www.wikidata.org/wiki/Q125430996#P577,earliest_wikidata_release,,not_publicly_disclosed
2025-02-01,2025-02,2025,Best Game Direction,game,Clair Obscur: Expedition 33,Clair Obscur: Expedition 33,https://en.wikipedia.org/wiki/Clair_Obscur:_Expedition_33,1,1,active,Clair Obscur: Expedition 33 – Sandfall Interactive / Kepler Interactive,https://en.wikipedia.org/wiki/The_Game_Awards_2025,Q126462072,2025-04-24,day,https://www.wikidata.org/wiki/Q126462072#P577,2025-04-24,first public release,https://www.wikidata.org/wiki/Q126462072#P577,earliest_wikidata_release,,not_publicly_disclosed
2025-02-02,2025-02,2025,Best Game Direction,game,Death Stranding 2: On the Beach,Death Stranding 2: On the Beach,https://en.wikipedia.org/wiki/Death_Stranding_2:_On_the_Beach,0,2,active,Death Stranding 2: On the Beach – Kojima Productions / Sony Interactive Entertainment,https://en.wikipedia.org/wiki/The_Game_Awards_2025,Q115641709,2025-06-26,day,https://www.wikidata.org/wiki/Q115641709#P577,2025-06-26,first public release,https://www.wikidata.org/wiki/Q115641709#P577,earliest_wikidata_release,,not_publicly_disclosed
2025-02-03,2025-02,2025,Best Game Direction,game,Ghost of Yōtei,Ghost of Yōtei,https://en.wikipedia.org/wiki/Ghost_of_Y%C5%8Dtei,0,3,active,Ghost of Yōtei – Sucker Punch Productions / Sony Interactive Entertainment,https://en.wikipedia.org/wiki/The_Game_Awards_2025,Q130360297,2025-10-02,day,https://www.wikidata.org/wiki/Q130360297#P577,2025-10-02,first public release,https://www.wikidata.org/wiki/Q130360297#P577,earliest_wikidata_release,,not_publicly_disclosed
2025-02-04,2025-02,2025,Best Game Direction,game,Hades II,Hades II,https://en.wikipedia.org/wiki/Hades_II,0,4,active,Hades II – Supergiant Games,https://en.wikipedia.org/wiki/The_Game_Awards_2025,Q115641620,2024-05-06,day,https://www.wikidata.org/wiki/Q115641620#P577,2025-09-25,full release after early access,https://www.wikidata.org/wiki/Q115641620#P577,earliest_wikidata_release,,not_publicly_disclosed
2025-02-05,2025-02,2025,Best Game Direction,game,Split Fiction,Split Fiction,https://en.wikipedia.org/wiki/Split_Fiction,0,5,active,Split Fiction – Hazelight Studios / Electronic Arts,https://en.wikipedia.org/wiki/The_Game_Awards_2025,Q131433899,2025-03-06,day,https://www.wikidata.org/wiki/Q131433899#P577,2025-03-06,first public release,https://www.wikidata.org/wiki/Q131433899#P577,earliest_wikidata_release,,not_publicly_disclosed
2025-03-01,2025-03,2025,Best Narrative,game,Clair Obscur: Expedition 33,Clair Obscur: Expedition 33,https://en.wikipedia.org/wiki/Clair_Obscur:_Expedition_33,1,1,active,Clair Obscur: Expedition 33 – Sandfall Interactive / Kepler Interactive,https://en.wikipedia.org/wiki/The_Game_Awards_2025,Q126462072,2025-04-24,day,https://www.wikidata.org/wiki/Q126462072#P577,2025-04-24,first public release,https://www.wikidata.org/wiki/Q126462072#P577,earliest_wikidata_release,,not_publicly_disclosed
2025-03-02,2025-03,2025,Best Narrative,game,Death Stranding 2: On the Beach,Death Stranding 2: On the Beach,https://en.wikipedia.org/wiki/Death_Stranding_2:_On_the_Beach,0,2,active,Death Stranding 2: On the Beach – Kojima Productions / Sony Interactive Entertainment,https://en.wikipedia.org/wiki/The_Game_Awards_2025,Q115641709,2025-06-26,day,https://www.wikidata.org/wiki/Q115641709#P577,2025-06-26,first public release,https://www.wikidata.org/wiki/Q115641709#P577,earliest_wikidata_release,,not_publicly_disclosed
2025-03-03,2025-03,2025,Best Narrative,game,Ghost of Yōtei,Ghost of Yōtei,https://en.wikipedia.org/wiki/Ghost_of_Y%C5%8Dtei,0,3,active,Ghost of Yōtei – Sucker Punch Productions / Sony Interactive Entertainment,https://en.wikipedia.org/wiki/The_Game_Awards_2025,Q130360297,2025-10-02,day,https://www.wikidata.org/wiki/Q130360297#P577,2025-10-02,first public release,https://www.wikidata.org/wiki/Q130360297#P577,earliest_wikidata_release,,not_publicly_disclosed
2025-03-04,2025-03,2025,Best Narrative,game,Kingdom Come: Deliverance II,Kingdom Come: Deliverance II,https://en.wikipedia.org/wiki/Kingdom_Come:_Deliverance_II,0,4,active,Kingdom Come: Deliverance II – Warhorse Studios / Deep Silver,https://en.wikipedia.org/wiki/The_Game_Awards_2025,Q125430996,2025-02-04,day,https://www.wikidata.org/wiki/Q125430996#P577,2025-02-04,first public release,https://www.wikidata.org/wiki/Q125430996#P577,earliest_wikidata_release,,not_publicly_disclosed
2025-03-05,2025-03,2025,Best Narrative,game,Silent Hill f,Silent Hill f,https://en.wikipedia.org/wiki/Silent_Hill_f,0,5,active,Silent Hill f – NeoBards Entertainment / Konami Digital Entertainment,https://en.wikipedia.org/wiki/The_Game_Awards_2025,Q114772020,2025-09-25,day,https://www.wikidata.org/wiki/Q114772020#P577,2025-09-25,first public release,https://www.wikidata.org/wiki/Q114772020#P577,earliest_wikidata_release,,not_publicly_disclosed
2025-04-01,2025-04,2025,Best Art Direction,game,Clair Obscur: Expedition 33,Clair Obscur: Expedition 33,https://en.wikipedia.org/wiki/Clair_Obscur:_Expedition_33,1,1,active,Clair Obscur: Expedition 33 – Sandfall Interactive / Kepler Interactive,https://en.wikipedia.org/wiki/The_Game_Awards_2025,Q126462072,2025-04-24,day,https://www.wikidata.org/wiki/Q126462072#P577,2025-04-24,first public release,https://www.wikidata.org/wiki/Q126462072#P577,earliest_wikidata_release,,not_publicly_disclosed
2025-04-02,2025-04,2025,Best Art Direction,game,Death Stranding 2: On the Beach,Death Stranding 2: On the Beach,https://en.wikipedia.org/wiki/Death_Stranding_2:_On_the_Beach,0,2,active,Death Stranding 2: On the Beach – Kojima Productions / Sony Interactive Entertainment,https://en.wikipedia.org/wiki/The_Game_Awards_2025,Q115641709,2025-06-26,day,https://www.wikidata.org/wiki/Q115641709#P577,2025-06-26,first public release,https://www.wikidata.org/wiki/Q115641709#P577,earliest_wikidata_release,,not_publicly_disclosed
2025-04-03,2025-04,2025,Best Art Direction,game,Ghost of Yōtei,Ghost of Yōtei,https://en.wikipedia.org/wiki/Ghost_of_Y%C5%8Dtei,0,3,active,Ghost of Yōtei – Sucker Punch Productions / Sony Interactive Entertainment,https://en.wikipedia.org/wiki/The_Game_Awards_2025,Q130360297,2025-10-02,day,https://www.wikidata.org/wiki/Q130360297#P577,2025-10-02,first public release,https://www.wikidata.org/wiki/Q130360297#P577,earliest_wikidata_release,,not_publicly_disclosed
2025-04-04,2025-04,2025,Best Art Direction,game,Hades II,Hades II,https://en.wikipedia.org/wiki/Hades_II,0,4,active,Hades II – Supergiant Games,https://en.wikipedia.org/wiki/The_Game_Awards_2025,Q115641620,2024-05-06,day,https://www.wikidata.org/wiki/Q115641620#P577,2025-09-25,full release after early access,https://www.wikidata.org/wiki/Q115641620#P577,earliest_wikidata_release,,not_publicly_disclosed
2025-04-05,2025-04,2025,Best Art Direction,game,Hollow Knight: Silksong,Hollow Knight: Silksong,https://en.wikipedia.org/wiki/Hollow_Knight:_Silksong,0,5,active,Hollow Knight: Silksong – Team Cherry,https://en.wikipedia.org/wiki/The_Game_Awards_2025,Q63294487,2025-09-04,day,https://www.wikidata.org/wiki/Q63294487#P577,2025-09-04,first public release,https://www.wikidata.org/wiki/Q63294487#P577,earliest_wikidata_release,,not_publicly_disclosed
2025-05-01,2025-05,2025,Best Score and Music,game,Clair Obscur: Expedition 33,Clair Obscur: Expedition 33,https://en.wikipedia.org/wiki/Clair_Obscur:_Expedition_33,1,1,active,Clair Obscur: Expedition 33 – Lorien Testard,https://en.wikipedia.org/wiki/The_Game_Awards_2025,Q126462072,2025-04-24,day,https://www.wikidata.org/wiki/Q126462072#P577,2025-04-24,first public release,https://www.wikidata.org/wiki/Q126462072#P577,earliest_wikidata_release,,not_publicly_disclosed
2025-05-02,2025-05,2025,Best Score and Music,game,Death Stranding 2: On the Beach,Death Stranding 2: On the Beach,https://en.wikipedia.org/wiki/Death_Stranding_2:_On_the_Beach,0,2,active,Death Stranding 2: On the Beach – Woodkid and Ludvig Forssell,https://en.wikipedia.org/wiki/The_Game_Awards_2025,Q115641709,2025-06-26,day,https://www.wikidata.org/wiki/Q115641709#P577,2025-06-26,first public release,https://www.wikidata.org/wiki/Q115641709#P577,earliest_wikidata_release,,not_publicly_disclosed
2025-05-03,2025-05,2025,Best Score and Music,game,Ghost of Yōtei,Ghost of Yōtei,https://en.wikipedia.org/wiki/Ghost_of_Y%C5%8Dtei,0,3,active,Ghost of Yōtei – Toma Otowa,https://en.wikipedia.org/wiki/The_Game_Awards_2025,Q130360297,2025-10-02,day,https://www.wikidata.org/wiki/Q130360297#P577,2025-10-02,first public release,https://www.wikidata.org/wiki/Q130360297#P577,earliest_wikidata_release,,not_publicly_disclosed
2025-05-04,2025-05,2025,Best Score and Music,game,Hades II,Hades II,https://en.wikipedia.org/wiki/Hades_II,0,4,active,Hades II – Darren Korb,https://en.wikipedia.org/wiki/The_Game_Awards_2025,Q115641620,2024-05-06,day,https://www.wikidata.org/wiki/Q115641620#P577,2025-09-25,full release after early access,https://www.wikidata.org/wiki/Q115641620#P577,earliest_wikidata_release,,not_publicly_disclosed
2025-05-05,2025-05,2025,Best Score and Music,game,Hollow Knight: Silksong,Hollow Knight: Silksong,https://en.wikipedia.org/wiki/Hollow_Knight:_Silksong,0,5,active,Hollow Knight: Silksong – Christopher Larkin,https://en.wikipedia.org/wiki/The_Game_Awards_2025,Q63294487,2025-09-04,day,https://www.wikidata.org/wiki/Q63294487#P577,2025-09-04,first public release,https://www.wikidata.org/wiki/Q63294487#P577,earliest_wikidata_release,,not_publicly_disclosed
2025-06-01,2025-06,2025,Best Audio Design,game,Battlefield 6,Battlefield 6,https://en.wikipedia.org/wiki/Battlefield_6,1,1,active,Battlefield 6 – Battlefield Studios / Electronic Arts,https://en.wikipedia.org/wiki/The_Game_Awards_2025,Q132178505,2025-10-10,day,https://www.wikidata.org/wiki/Q132178505#P577,2025-10-10,first public release,https://www.wikidata.org/wiki/Q132178505#P577,earliest_wikidata_release,,not_publicly_disclosed
2025-06-02,2025-06,2025,Best Audio Design,game,Clair Obscur: Expedition 33,Clair Obscur: Expedition 33,https://en.wikipedia.org/wiki/Clair_Obscur:_Expedition_33,0,2,active,Clair Obscur: Expedition 33 – Sandfall Interactive / Kepler Interactive,https://en.wikipedia.org/wiki/The_Game_Awards_2025,Q126462072,2025-04-24,day,https://www.wikidata.org/wiki/Q126462072#P577,2025-04-24,first public release,https://www.wikidata.org/wiki/Q126462072#P577,earliest_wikidata_release,,not_publicly_disclosed
2025-06-03,2025-06,2025,Best Audio Design,game,Death Stranding 2: On the Beach,Death Stranding 2: On the Beach,https://en.wikipedia.org/wiki/Death_Stranding_2:_On_the_Beach,0,3,active,Death Stranding 2: On the Beach – Kojima Productions / Sony Interactive Entertainment,https://en.wikipedia.org/wiki/The_Game_Awards_2025,Q115641709,2025-06-26,day,https://www.wikidata.org/wiki/Q115641709#P577,2025-06-26,first public release,https://www.wikidata.org/wiki/Q115641709#P577,earliest_wikidata_release,,not_publicly_disclosed
2025-06-04,2025-06,2025,Best Audio Design,game,Ghost of Yōtei,Ghost of Yōtei,https://en.wikipedia.org/wiki/Ghost_of_Y%C5%8Dtei,0,4,active,Ghost of Yōtei – Sucker Punch Productions / Sony Interactive Entertainment,https://en.wikipedia.org/wiki/The_Game_Awards_2025,Q130360297,2025-10-02,day,https://www.wikidata.org/wiki/Q130360297#P577,2025-10-02,first public release,https://www.wikidata.org/wiki/Q130360297#P577,earliest_wikidata_release,,not_publicly_disclosed
2025-06-05,2025-06,2025,Best Audio Design,game,Silent Hill f,Silent Hill f,https://en.wikipedia.org/wiki/Silent_Hill_f,0,5,active,Silent Hill f – NeoBards Entertainment / Konami Digital Entertainment,https://en.wikipedia.org/wiki/The_Game_Awards_2025,Q114772020,2025-09-25,day,https://www.wikidata.org/wiki/Q114772020#P577,2025-09-25,first public release,https://www.wikidata.org/wiki/Q114772020#P577,earliest_wikidata_release,,not_publicly_disclosed
2025-07-01,2025-07,2025,Best Performance,performance,Jennifer English as Maelle,Clair Obscur: Expedition 33,https://en.wikipedia.org/wiki/Clair_Obscur:_Expedition_33,1,1,active,Jennifer English as Maelle – Clair Obscur: Expedition 33,https://en.wikipedia.org/wiki/The_Game_Awards_2025,Q126462072,2025-04-24,day,https://www.wikidata.org/wiki/Q126462072#P577,2025-04-24,first public release,https://www.wikidata.org/wiki/Q126462072#P577,earliest_wikidata_release,,not_publicly_disclosed
2025-07-02,2025-07,2025,Best Performance,performance,Troy Baker as Indiana Jones,Indiana Jones and the Great Circle,https://en.wikipedia.org/wiki/Indiana_Jones_and_the_Great_Circle,0,2,active,Troy Baker as Indiana Jones – Indiana Jones and the Great Circle,https://en.wikipedia.org/wiki/The_Game_Awards_2025,Q124312399,2024-12-09,day,https://www.wikidata.org/wiki/Q124312399#P577,,,,earliest_wikidata_release,,not_publicly_disclosed
2025-07-03,2025-07,2025,Best Performance,performance,Charlie Cox as Gustave,Clair Obscur: Expedition 33,,0,3,active,Charlie Cox as Gustave – Clair Obscur: Expedition 33,https://en.wikipedia.org/wiki/The_Game_Awards_2025,,,,,,,,no_game_link,,not_publicly_disclosed
2025-07-04,2025-07,2025,Best Performance,performance,Erika Ishii as Atsu,Ghost of Yōtei,https://en.wikipedia.org/wiki/Ghost_of_Y%C5%8Dtei,0,4,active,Erika Ishii as Atsu – Ghost of Yōtei,https://en.wikipedia.org/wiki/The_Game_Awards_2025,Q130360297,2025-10-02,day,https://www.wikidata.org/wiki/Q130360297#P577,2025-10-02,first public release,https://www.wikidata.org/wiki/Q130360297#P577,earliest_wikidata_release,,not_publicly_disclosed
2025-07-05,2025-07,2025,Best Performance,performance,Konatsu Kato as Hinako Shimizu,Silent Hill f,https://en.wikipedia.org/wiki/Silent_Hill_f,0,5,active,Konatsu Kato as Hinako Shimizu – Silent Hill f,https://en.wikipedia.org/wiki/The_Game_Awards_2025,Q114772020,2025-09-25,day,https://www.wikidata.org/wiki/Q114772020#P577,2025-09-25,first public release,https://www.wikidata.org/wiki/Q114772020#P577,earliest_wikidata_release,,not_publicly_disclosed
2025-07-06,2025-07,2025,Best Performance,performance,Ben Starr as Verso,Clair Obscur: Expedition 33,,0,6,active,Ben Starr as Verso – Clair Obscur: Expedition 33,https://en.wikipedia.org/wiki/The_Game_Awards_2025,,,,,,,,no_game_link,,not_publicly_disclosed
2025-08-01,2025-08,2025,Games for Impact,game,South of Midnight,South of Midnight,https://en.wikipedia.org/wiki/South_of_Midnight,1,1,active,South of Midnight – Compulsion Games / Xbox Game Studios,https://en.wikipedia.org/wiki/The_Game_Awards_2025,Q119360998,2025-04-08,day,https://www.wikidata.org/wiki/Q119360998#P577,2025-04-08,first public release,https://www.wikidata.org/wiki/Q119360998#P577,earliest_wikidata_release,,not_publicly_disclosed
2025-08-02,2025-08,2025,Games for Impact,game,Consume Me,Consume Me,https://en.wikipedia.org/wiki/Consume_Me,0,2,active,"Consume Me – Jenny Jiao Hsia , AP Thomson / Hexacutable",https://en.wikipedia.org/wiki/The_Game_Awards_2025,Q133786512,,,,,,,no_release_claim,,not_publicly_disclosed
2025-08-03,2025-08,2025,Games for Impact,game,Despelote,Despelote,https://en.wikipedia.org/wiki/Despelote,0,3,active,"Despelote – Julián Cordero, Sebastián Valbuena / Panic",https://en.wikipedia.org/wiki/The_Game_Awards_2025,Q124526760,2025-05-01,day,https://www.wikidata.org/wiki/Q124526760#P577,2025-05-01,first public release,https://www.wikidata.org/wiki/Q124526760#P577,earliest_wikidata_release,,not_publicly_disclosed
2025-08-04,2025-08,2025,Games for Impact,game,Lost Records: Bloom & Rage,Lost Records: Bloom & Rage,https://en.wikipedia.org/wiki/Lost_Records:_Bloom_%26_Rage,0,4,active,Lost Records: Bloom & Rage – Don't Nod,https://en.wikipedia.org/wiki/The_Game_Awards_2025,Q123699056,2025-02-18,day,https://www.wikidata.org/wiki/Q123699056#P577,2025-02-18,first public release,https://www.wikidata.org/wiki/Q123699056#P577,earliest_wikidata_release,,not_publicly_disclosed
2025-08-05,2025-08,2025,Games for Impact,game,Wanderstop,Wanderstop,https://en.wikipedia.org/wiki/Wanderstop,0,5,active,Wanderstop – Ivy Road / Annapurna Interactive,https://en.wikipedia.org/wiki/The_Game_Awards_2025,Q126414597,2025-03-11,day,https://www.wikidata.org/wiki/Q126414597#P577,2025-03-11,first public release,https://www.wikidata.org/wiki/Q126414597#P577,earliest_wikidata_release,,not_publicly_disclosed
2025-09-01,2025-09,2025,Best Independent Game,game,Clair Obscur: Expedition 33,Clair Obscur: Expedition 33,https://en.wikipedia.org/wiki/Clair_Obscur:_Expedition_33,1,1,active,Clair Obscur: Expedition 33 – Sandfall Interactive / Kepler Interactive,https://en.wikipedia.org/wiki/The_Game_Awards_2025,Q126462072,2025-04-24,day,https://www.wikidata.org/wiki/Q126462072#P577,2025-04-24,first public release,https://www.wikidata.org/wiki/Q126462072#P577,earliest_wikidata_release,,not_publicly_disclosed
2025-09-02,2025-09,2025,Best Independent Game,game,Absolum,Absolum,https://en.wikipedia.org/wiki/Absolum,0,2,active,"Absolum – Guard Crush Games, Supamonks / Dotemu",https://en.wikipedia.org/wiki/The_Game_Awards_2025,Q133035994,2025-10-09,day,https://www.wikidata.org/wiki/Q133035994#P577,2025-10-09,first public release,https://www.wikidata.org/wiki/Q133035994#P577,earliest_wikidata_release,,not_publicly_disclosed
2025-09-03,2025-09,2025,Best Independent Game,game,Ball x Pit,Ball x Pit,https://en.wikipedia.org/wiki/Ball_x_Pit,0,3,active,Ball x Pit – Kenny Sun / Devolver Digital,https://en.wikipedia.org/wiki/The_Game_Awards_2025,Q134726541,2025-10-15,day,https://www.wikidata.org/wiki/Q134726541#P577,2025-10-15,first public release,https://www.wikidata.org/wiki/Q134726541#P577,earliest_wikidata_release,,not_publicly_disclosed
2025-09-04,2025-09,2025,Best Independent Game,game,Blue Prince,Blue Prince,https://en.wikipedia.org/wiki/Blue_Prince,0,4,active,Blue Prince – Dogubomb / Raw Fury,https://en.wikipedia.org/wiki/The_Game_Awards_2025,Q125131501,2025-04-10,day,https://www.wikidata.org/wiki/Q125131501#P577,2025-04-10,first public release,https://www.wikidata.org/wiki/Q125131501#P577,earliest_wikidata_release,,not_publicly_disclosed
2025-09-05,2025-09,2025,Best Independent Game,game,Hades II,Hades II,https://en.wikipedia.org/wiki/Hades_II,0,5,active,Hades II – Supergiant Games,https://en.wikipedia.org/wiki/The_Game_Awards_2025,Q115641620,2024-05-06,day,https://www.wikidata.org/wiki/Q115641620#P577,2025-09-25,full release after early access,https://www.wikidata.org/wiki/Q115641620#P577,earliest_wikidata_release,,not_publicly_disclosed
2025-09-06,2025-09,2025,Best Independent Game,game,Hollow Knight: Silksong,Hollow Knight: Silksong,https://en.wikipedia.org/wiki/Hollow_Knight:_Silksong,0,6,active,Hollow Knight: Silksong – Team Cherry,https://en.wikipedia.org/wiki/The_Game_Awards_2025,Q63294487,2025-09-04,day,https://www.wikidata.org/wiki/Q63294487#P577,2025-09-04,first public release,https://www.wikidata.org/wiki/Q63294487#P577,earliest_wikidata_release,,not_publicly_disclosed
2025-10-01,2025-10,2025,Best Debut Indie Game,game,Clair Obscur: Expedition 33,Clair Obscur: Expedition 33,https://en.wikipedia.org/wiki/Clair_Obscur:_Expedition_33,1,1,active,Clair Obscur: Expedition 33 – Sandfall Interactive / Kepler Interactive,https://en.wikipedia.org/wiki/The_Game_Awards_2025,Q126462072,2025-04-24,day,https://www.wikidata.org/wiki/Q126462072#P577,2025-04-24,first public release,https://www.wikidata.org/wiki/Q126462072#P577,earliest_wikidata_release,,not_publicly_disclosed
2025-10-02,2025-10,2025,Best Debut Indie Game,game,Blue Prince,Blue Prince,https://en.wikipedia.org/wiki/Blue_Prince,0,2,active,Blue Prince – Dogubomb / Raw Fury,https://en.wikipedia.org/wiki/The_Game_Awards_2025,Q125131501,2025-04-10,day,https://www.wikidata.org/wiki/Q125131501#P577,2025-04-10,first public release,https://www.wikidata.org/wiki/Q125131501#P577,earliest_wikidata_release,,not_publicly_disclosed
2025-10-03,2025-10,2025,Best Debut Indie Game,game,Despelote,Despelote,https://en.wikipedia.org/wiki/Despelote,0,3,active,"Despelote – Julián Cordero, Sebastián Valbuena / Panic",https://en.wikipedia.org/wiki/The_Game_Awards_2025,Q124526760,2025-05-01,day,https://www.wikidata.org/wiki/Q124526760#P577,2025-05-01,first public release,https://www.wikidata.org/wiki/Q124526760#P577,earliest_wikidata_release,,not_publicly_disclosed
2025-10-04,2025-10,2025,Best Debut Indie Game,game,Dispatch,Dispatch,https://en.wikipedia.org/wiki/Dispatch_(video_game),0,4,active,Dispatch – AdHoc Studio,https://en.wikipedia.org/wiki/The_Game_Awards_2025,Q131436199,2025-10-22,day,https://www.wikidata.org/wiki/Q131436199#P577,2025-10-22,first public release,https://www.wikidata.org/wiki/Q131436199#P577,earliest_wikidata_release,,not_publicly_disclosed
2025-10-05,2025-10,2025,Best Debut Indie Game,game,Megabonk,Megabonk,https://en.wikipedia.org/wiki/Megabonk,0,5,withdrawn,Megabonk – Vedinad,https://en.wikipedia.org/wiki/The_Game_Awards_2025,Q135072248,2025-09-18,day,https://www.wikidata.org/wiki/Q135072248#P577,2025-09-18,first public release,https://www.wikidata.org/wiki/Q135072248#P577,earliest_wikidata_release,,not_publicly_disclosed
2025-11-01,2025-11,2025,Best Ongoing Game,game,No Man's Sky,No Man's Sky,https://en.wikipedia.org/wiki/No_Man%27s_Sky,1,1,active,No Man's Sky – Hello Games,https://en.wikipedia.org/wiki/The_Game_Awards_2025,Q15297043,2016-08-09,day,https://www.wikidata.org/wiki/Q15297043#P577,,,,earliest_wikidata_release,,not_publicly_disclosed
2025-11-02,2025-11,2025,Best Ongoing Game,game,Final Fantasy XIV,Final Fantasy XIV,https://en.wikipedia.org/wiki/Final_Fantasy_XIV,0,2,active,Final Fantasy XIV – Square Enix,https://en.wikipedia.org/wiki/The_Game_Awards_2025,Q5449393,2013-08-27,day,https://www.wikidata.org/wiki/Q5449393#P577,,,,earliest_wikidata_release,,not_publicly_disclosed
2025-11-03,2025-11,2025,Best Ongoing Game,game,Fortnite,Fortnite,https://en.wikipedia.org/wiki/Fortnite,0,3,active,Fortnite – Epic Games,https://en.wikipedia.org/wiki/The_Game_Awards_2025,Q349375,2017-07-25,day,https://www.wikidata.org/wiki/Q349375#P577,,,,earliest_wikidata_release,,not_publicly_disclosed
2025-11-04,2025-11,2025,Best Ongoing Game,game,Helldivers II,Helldivers II,https://en.wikipedia.org/wiki/Helldivers_II,0,4,active,Helldivers II – Arrowhead Game Studios / Sony Interactive Entertainment,https://en.wikipedia.org/wiki/The_Game_Awards_2025,Q118645527,2024-02-08,day,https://www.wikidata.org/wiki/Q118645527#P577,,,,earliest_wikidata_release,,not_publicly_disclosed
2025-11-05,2025-11,2025,Best Ongoing Game,game,Marvel Rivals,Marvel Rivals,https://en.wikipedia.org/wiki/Marvel_Rivals,0,5,active,Marvel Rivals – NetEase Games,https://en.wikipedia.org/wiki/The_Game_Awards_2025,Q125175413,2024-12-06,day,https://www.wikidata.org/wiki/Q125175413#P577,,,,earliest_wikidata_release,,not_publicly_disclosed
2025-12-01,2025-12,2025,Best Community Support,game,Baldur's Gate 3,Baldur's Gate 3,https://en.wikipedia.org/wiki/Baldur%27s_Gate_3,1,1,active,Baldur's Gate 3 – Larian Studios,https://en.wikipedia.org/wiki/The_Game_Awards_2025,Q64441774,2020-10-06,day,https://www.wikidata.org/wiki/Q64441774#P577,,,,earliest_wikidata_release,,not_publicly_disclosed
2025-12-02,2025-12,2025,Best Community Support,game,Final Fantasy XIV: Dawntrail,Final Fantasy XIV: Dawntrail,https://en.wikipedia.org/wiki/Final_Fantasy_XIV:_Dawntrail,0,2,active,Final Fantasy XIV: Dawntrail – Square Enix,https://en.wikipedia.org/wiki/The_Game_Awards_2025,Q125117412,2024-07-02,day,https://www.wikidata.org/wiki/Q125117412#P577,,,,earliest_wikidata_release,,not_publicly_disclosed
2025-12-03,2025-12,2025,Best Community Support,game,Fortnite,Fortnite,https://en.wikipedia.org/wiki/Fortnite,0,3,active,Fortnite – Epic Games,https://en.wikipedia.org/wiki/The_Game_Awards_2025,Q349375,2017-07-25,day,https://www.wikidata.org/wiki/Q349375#P577,,,,earliest_wikidata_release,,not_publicly_disclosed
2025-12-04,2025-12,2025,Best Community Support,game,Helldivers II,Helldivers II,https://en.wikipedia.org/wiki/Helldivers_II,0,4,active,Helldivers II – Arrowhead Game Studios / Sony Interactive Entertainment,https://en.wikipedia.org/wiki/The_Game_Awards_2025,Q118645527,2024-02-08,day,https://www.wikidata.org/wiki/Q118645527#P577,,,,earliest_wikidata_release,,not_publicly_disclosed
2025-12-05,2025-12,2025,Best Community Support,game,No Man's Sky,No Man's Sky,https://en.wikipedia.org/wiki/No_Man%27s_Sky,0,5,active,No Man's Sky – Hello Games,https://en.wikipedia.org/wiki/The_Game_Awards_2025,Q15297043,2016-08-09,day,https://www.wikidata.org/wiki/Q15297043#P577,,,,earliest_wikidata_release,,not_publicly_disclosed
2025-13-01,2025-13,2025,Best Mobile Game,game,Umamusume: Pretty Derby,Umamusume: Pretty Derby,https://en.wikipedia.org/wiki/Umamusume:_Pretty_Derby,1,1,active,Umamusume: Pretty Derby – Cygames,https://en.wikipedia.org/wiki/The_Game_Awards_2025,Q29034274,2021-02-24,day,https://en.wikipedia.org/wiki/Umamusume:_Pretty_Derby,2025-06-26,worldwide English-language mobile release,https://en.wikipedia.org/wiki/Umamusume:_Pretty_Derby,curated_correction,,not_publicly_disclosed
2025-13-02,2025-13,2025,Best Mobile Game,game,Destiny: Rising,Destiny: Rising,https://en.wikipedia.org/wiki/Destiny:_Rising,0,2,active,Destiny: Rising – NetEase Games,https://en.wikipedia.org/wiki/The_Game_Awards_2025,Q131153558,2025-08-28,day,https://www.wikidata.org/wiki/Q131153558#P577,2025-08-28,first public release,https://www.wikidata.org/wiki/Q131153558#P577,earliest_wikidata_release,,not_publicly_disclosed
2025-13-03,2025-13,2025,Best Mobile Game,game,Persona 5: The Phantom X,Persona 5: The Phantom X,https://en.wikipedia.org/wiki/Persona_5:_The_Phantom_X,0,3,active,Persona 5: The Phantom X – Black Wings Game Studio / Sega,https://en.wikipedia.org/wiki/The_Game_Awards_2025,Q117750097,2024-04-12,day,https://www.wikidata.org/wiki/Q117750097#P577,,,,earliest_wikidata_release,,not_publicly_disclosed
2025-13-04,2025-13,2025,Best Mobile Game,game,Sonic Rumble,Sonic Rumble,https://en.wikipedia.org/wiki/Sonic_Rumble,0,4,active,"Sonic Rumble – Rovio Entertainment , Sonic Team / Sega",https://en.wikipedia.org/wiki/The_Game_Awards_2025,Q125848740,2025-11-05,day,https://www.wikidata.org/wiki/Q125848740#P577,2025-11-05,first public release,https://www.wikidata.org/wiki/Q125848740#P577,earliest_wikidata_release,,not_publicly_disclosed
2025-13-05,2025-13,2025,Best Mobile Game,game,Wuthering Waves,Wuthering Waves,https://en.wikipedia.org/wiki/Wuthering_Waves,0,5,active,Wuthering Waves – Kuro Games,https://en.wikipedia.org/wiki/The_Game_Awards_2025,Q117750031,2024-05-22,day,https://www.wikidata.org/wiki/Q117750031#P577,,,,earliest_wikidata_release,,not_publicly_disclosed
2025-14-01,2025-14,2025,Best VR / AR Game,game,The Midnight Walk,The Midnight Walk,https://en.wikipedia.org/wiki/The_Midnight_Walk,1,1,active,The Midnight Walk – MoonHood / Fast Travel Games,https://en.wikipedia.org/wiki/The_Game_Awards_2025,Q130360489,2025-05-08,day,https://www.wikidata.org/wiki/Q130360489#P577,2025-05-08,first public release,https://www.wikidata.org/wiki/Q130360489#P577,earliest_wikidata_release,,not_publicly_disclosed
2025-14-02,2025-14,2025,Best VR / AR Game,game,Alien: Rogue Incursion,Alien: Rogue Incursion,https://en.wikipedia.org/wiki/Alien:_Rogue_Incursion,0,2,active,Alien: Rogue Incursion – Survios,https://en.wikipedia.org/wiki/The_Game_Awards_2025,Q125627143,2024-12-19,day,https://www.wikidata.org/wiki/Q125627143#P577,,,,earliest_wikidata_release,,not_publicly_disclosed
2025-14-03,2025-14,2025,Best VR / AR Game,game,Arken Age,Arken Age,,0,3,active,Arken Age – VitruviusVR,https://en.wikipedia.org/wiki/The_Game_Awards_2025,,,,,,,,no_game_link,,not_publicly_disclosed
2025-14-04,2025-14,2025,Best VR / AR Game,game,Ghost Town,Ghost Town,,0,4,active,Ghost Town – Fireproof Games,https://en.wikipedia.org/wiki/The_Game_Awards_2025,,,,,,,,no_game_link,,not_publicly_disclosed
2025-14-05,2025-14,2025,Best VR / AR Game,game,Marvel's Deadpool VR,Marvel's Deadpool VR,https://en.wikipedia.org/wiki/Marvel%27s_Deadpool_VR,0,5,active,Marvel's Deadpool VR – Twisted Pixel Games / Oculus Studios,https://en.wikipedia.org/wiki/The_Game_Awards_2025,Q134723506,2025-11-18,day,https://www.wikidata.org/wiki/Q134723506#P577,2025-11-18,first public release,https://www.wikidata.org/wiki/Q134723506#P577,earliest_wikidata_release,,not_publicly_disclosed
2025-15-01,2025-15,2025,Best Action Game,game,Hades II,Hades II,https://en.wikipedia.org/wiki/Hades_II,1,1,active,Hades II – Supergiant Games,https://en.wikipedia.org/wiki/The_Game_Awards_2025,Q115641620,2024-05-06,day,https://www.wikidata.org/wiki/Q115641620#P577,2025-09-25,full release after early access,https://www.wikidata.org/wiki/Q115641620#P577,earliest_wikidata_release,,not_publicly_disclosed
2025-15-02,2025-15,2025,Best Action Game,game,Battlefield 6,Battlefield 6,https://en.wikipedia.org/wiki/Battlefield_6,0,2,active,Battlefield 6 – Battlefield Studios / Electronic Arts,https://en.wikipedia.org/wiki/The_Game_Awards_2025,Q132178505,2025-10-10,day,https://www.wikidata.org/wiki/Q132178505#P577,2025-10-10,first public release,https://www.wikidata.org/wiki/Q132178505#P577,earliest_wikidata_release,,not_publicly_disclosed
2025-15-03,2025-15,2025,Best Action Game,game,Doom: The Dark Ages,Doom: The Dark Ages,https://en.wikipedia.org/wiki/Doom:_The_Dark_Ages,0,3,active,Doom: The Dark Ages – id Software / Bethesda Softworks,https://en.wikipedia.org/wiki/The_Game_Awards_2025,Q126091569,2025-05-15,day,https://www.wikidata.org/wiki/Q126091569#P577,2025-05-15,first public release,https://www.wikidata.org/wiki/Q126091569#P577,earliest_wikidata_release,,not_publicly_disclosed
2025-15-04,2025-15,2025,Best Action Game,game,Ninja Gaiden 4,Ninja Gaiden 4,https://en.wikipedia.org/wiki/Ninja_Gaiden_4,0,4,active,"Ninja Gaiden 4 – Team Ninja , PlatinumGames / Xbox Game Studios",https://en.wikipedia.org/wiki/The_Game_Awards_2025,Q131862321,2025-10-21,day,https://www.wikidata.org/wiki/Q131862321#P577,2025-10-21,first public release,https://www.wikidata.org/wiki/Q131862321#P577,earliest_wikidata_release,,not_publicly_disclosed
2025-15-05,2025-15,2025,Best Action Game,game,Shinobi: Art of Vengeance,Shinobi: Art of Vengeance,https://en.wikipedia.org/wiki/Shinobi:_Art_of_Vengeance,0,5,active,Shinobi: Art of Vengeance – Lizardcube / Sega,https://en.wikipedia.org/wiki/The_Game_Awards_2025,Q123938494,2025-08-29,day,https://www.wikidata.org/wiki/Q123938494#P577,2025-08-29,first public release,https://www.wikidata.org/wiki/Q123938494#P577,earliest_wikidata_release,,not_publicly_disclosed
2025-16-01,2025-16,2025,Best Action / Adventure Game,game,Hollow Knight: Silksong,Hollow Knight: Silksong,https://en.wikipedia.org/wiki/Hollow_Knight:_Silksong,1,1,active,Hollow Knight: Silksong – Team Cherry,https://en.wikipedia.org/wiki/The_Game_Awards_2025,Q63294487,2025-09-04,day,https://www.wikidata.org/wiki/Q63294487#P577,2025-09-04,first public release,https://www.wikidata.org/wiki/Q63294487#P577,earliest_wikidata_release,,not_publicly_disclosed
2025-16-02,2025-16,2025,Best Action / Adventure Game,game,Death Stranding 2: On the Beach,Death Stranding 2: On the Beach,https://en.wikipedia.org/wiki/Death_Stranding_2:_On_the_Beach,0,2,active,Death Stranding 2: On the Beach – Kojima Productions / Sony Interactive Entertainment,https://en.wikipedia.org/wiki/The_Game_Awards_2025,Q115641709,2025-06-26,day,https://www.wikidata.org/wiki/Q115641709#P577,2025-06-26,first public release,https://www.wikidata.org/wiki/Q115641709#P577,earliest_wikidata_release,,not_publicly_disclosed
2025-16-03,2025-16,2025,Best Action / Adventure Game,game,Ghost of Yōtei,Ghost of Yōtei,https://en.wikipedia.org/wiki/Ghost_of_Y%C5%8Dtei,0,3,active,Ghost of Yōtei – Sucker Punch Productions / Sony Interactive Entertainment,https://en.wikipedia.org/wiki/The_Game_Awards_2025,Q130360297,2025-10-02,day,https://www.wikidata.org/wiki/Q130360297#P577,2025-10-02,first public release,https://www.wikidata.org/wiki/Q130360297#P577,earliest_wikidata_release,,not_publicly_disclosed
2025-16-04,2025-16,2025,Best Action / Adventure Game,game,Indiana Jones and the Great Circle,Indiana Jones and the Great Circle,https://en.wikipedia.org/wiki/Indiana_Jones_and_the_Great_Circle,0,4,active,Indiana Jones and the Great Circle – MachineGames / Bethesda Softworks,https://en.wikipedia.org/wiki/The_Game_Awards_2025,Q124312399,2024-12-09,day,https://www.wikidata.org/wiki/Q124312399#P577,,,,earliest_wikidata_release,,not_publicly_disclosed
2025-16-05,2025-16,2025,Best Action / Adventure Game,game,Split Fiction,Split Fiction,https://en.wikipedia.org/wiki/Split_Fiction,0,5,active,Split Fiction – Hazelight Studios / Electronic Arts,https://en.wikipedia.org/wiki/The_Game_Awards_2025,Q131433899,2025-03-06,day,https://www.wikidata.org/wiki/Q131433899#P577,2025-03-06,first public release,https://www.wikidata.org/wiki/Q131433899#P577,earliest_wikidata_release,,not_publicly_disclosed
2025-17-01,2025-17,2025,Best Role Playing Game,game,Clair Obscur: Expedition 33,Clair Obscur: Expedition 33,https://en.wikipedia.org/wiki/Clair_Obscur:_Expedition_33,1,1,active,Clair Obscur: Expedition 33 – Sandfall Interactive / Kepler Interactive,https://en.wikipedia.org/wiki/The_Game_Awards_2025,Q126462072,2025-04-24,day,https://www.wikidata.org/wiki/Q126462072#P577,2025-04-24,first public release,https://www.wikidata.org/wiki/Q126462072#P577,earliest_wikidata_release,,not_publicly_disclosed
2025-17-02,2025-17,2025,Best Role Playing Game,game,Avowed,Avowed,https://en.wikipedia.org/wiki/Avowed,0,2,active,Avowed – Obsidian Entertainment / Xbox Game Studios,https://en.wikipedia.org/wiki/The_Game_Awards_2025,Q97736516,2025-02-18,day,https://www.wikidata.org/wiki/Q97736516#P577,2025-02-18,first public release,https://www.wikidata.org/wiki/Q97736516#P577,earliest_wikidata_release,,not_publicly_disclosed
2025-17-03,2025-17,2025,Best Role Playing Game,game,Kingdom Come: Deliverance II,Kingdom Come: Deliverance II,https://en.wikipedia.org/wiki/Kingdom_Come:_Deliverance_II,0,3,active,Kingdom Come: Deliverance II – Warhorse Studios / Deep Silver,https://en.wikipedia.org/wiki/The_Game_Awards_2025,Q125430996,2025-02-04,day,https://www.wikidata.org/wiki/Q125430996#P577,2025-02-04,first public release,https://www.wikidata.org/wiki/Q125430996#P577,earliest_wikidata_release,,not_publicly_disclosed
2025-17-04,2025-17,2025,Best Role Playing Game,game,Monster Hunter Wilds,Monster Hunter Wilds,https://en.wikipedia.org/wiki/Monster_Hunter_Wilds,0,4,active,Monster Hunter Wilds – Capcom,https://en.wikipedia.org/wiki/The_Game_Awards_2025,Q123699158,2025-02-28,day,https://www.wikidata.org/wiki/Q123699158#P577,2025-02-28,first public release,https://www.wikidata.org/wiki/Q123699158#P577,earliest_wikidata_release,,not_publicly_disclosed
2025-17-05,2025-17,2025,Best Role Playing Game,game,The Outer Worlds 2,The Outer Worlds 2,https://en.wikipedia.org/wiki/The_Outer_Worlds_2,0,5,active,The Outer Worlds 2 – Obsidian Entertainment / Xbox Game Studios,https://en.wikipedia.org/wiki/The_Game_Awards_2025,Q107214673,2025-10-29,day,https://www.wikidata.org/wiki/Q107214673#P577,2025-10-29,first public release,https://www.wikidata.org/wiki/Q107214673#P577,earliest_wikidata_release,,not_publicly_disclosed
2025-18-01,2025-18,2025,Best Fighting Game,game,Fatal Fury: City of the Wolves,Fatal Fury: City of the Wolves,https://en.wikipedia.org/wiki/Fatal_Fury:_City_of_the_Wolves,1,1,active,Fatal Fury: City of the Wolves – KOF Studio / SNK,https://en.wikipedia.org/wiki/The_Game_Awards_2025,Q124984952,2025-04-24,day,https://www.wikidata.org/wiki/Q124984952#P577,2025-04-24,first public release,https://www.wikidata.org/wiki/Q124984952#P577,earliest_wikidata_release,,not_publicly_disclosed
2025-18-02,2025-18,2025,Best Fighting Game,game,2XKO,2XKO,https://en.wikipedia.org/wiki/2XKO,0,2,active,2XKO – Riot Games,https://en.wikipedia.org/wiki/The_Game_Awards_2025,Q124635973,2025-10-07,day,https://www.wikidata.org/wiki/Q124635973#P577,2025-10-07,first public release,https://www.wikidata.org/wiki/Q124635973#P577,earliest_wikidata_release,,not_publicly_disclosed
2025-18-03,2025-18,2025,Best Fighting Game,game,Capcom Fighting Collection 2,Capcom Fighting Collection 2,https://en.wikipedia.org/wiki/Capcom_Fighting_Collection_2,0,3,active,Capcom Fighting Collection 2 – Capcom,https://en.wikipedia.org/wiki/The_Game_Awards_2025,Q129925288,2025-05-16,day,https://www.wikidata.org/wiki/Q129925288#P577,2025-05-16,first public release,https://www.wikidata.org/wiki/Q129925288#P577,earliest_wikidata_release,,not_publicly_disclosed
2025-18-04,2025-18,2025,Best Fighting Game,game,Mortal Kombat: Legacy Kollection,Mortal Kombat: Legacy Kollection,https://en.wikipedia.org/wiki/Mortal_Kombat:_Legacy_Kollection,0,4,active,Mortal Kombat: Legacy Kollection – Digital Eclipse / Atari,https://en.wikipedia.org/wiki/The_Game_Awards_2025,Q134707692,2025-10-30,day,https://www.wikidata.org/wiki/Q134707692#P577,2025-10-30,first public release,https://www.wikidata.org/wiki/Q134707692#P577,earliest_wikidata_release,,not_publicly_disclosed
2025-18-05,2025-18,2025,Best Fighting Game,game,Virtua Fighter 5 R.E.V.O. World Stage,Virtua Fighter 5 R.E.V.O. World Stage,https://en.wikipedia.org/wiki/Virtua_Fighter_5_R.E.V.O._World_Stage,0,5,active,Virtua Fighter 5 R.E.V.O. World Stage – Ryu Ga Gotoku Studio / Sega,https://en.wikipedia.org/wiki/The_Game_Awards_2025,Q2334743,2006-07-12,day,https://www.wikidata.org/wiki/Q2334743#P577,,,,earliest_wikidata_release,,not_publicly_disclosed
2025-19-01,2025-19,2025,Best Family Game,game,Donkey Kong Bananza,Donkey Kong Bananza,https://en.wikipedia.org/wiki/Donkey_Kong_Bananza,1,1,active,Donkey Kong Bananza – Nintendo EPD / Nintendo,https://en.wikipedia.org/wiki/The_Game_Awards_2025,Q133804475,2025-07-17,day,https://www.wikidata.org/wiki/Q133804475#P577,2025-07-17,first public release,https://www.wikidata.org/wiki/Q133804475#P577,earliest_wikidata_release,,not_publicly_disclosed
2025-19-02,2025-19,2025,Best Family Game,game,Lego Party,Lego Party,https://en.wikipedia.org/wiki/Lego_Party,0,2,active,Lego Party – SMG Studio / Fictions,https://en.wikipedia.org/wiki/The_Game_Awards_2025,Q134723582,2025-09-30,day,https://www.wikidata.org/wiki/Q134723582#P577,2025-09-30,first public release,https://www.wikidata.org/wiki/Q134723582#P577,earliest_wikidata_release,,not_publicly_disclosed
2025-19-03,2025-19,2025,Best Family Game,game,Lego Voyagers,Lego Voyagers,https://en.wikipedia.org/wiki/Lego_Voyagers,0,3,active,Lego Voyagers – Light Brick Studio / Annapurna Interactive,https://en.wikipedia.org/wiki/The_Game_Awards_2025,Q134723443,2025-09-15,day,https://www.wikidata.org/wiki/Q134723443#P577,2025-09-15,first public release,https://www.wikidata.org/wiki/Q134723443#P577,earliest_wikidata_release,,not_publicly_disclosed
2025-19-04,2025-19,2025,Best Family Game,game,Mario Kart World,Mario Kart World,https://en.wikipedia.org/wiki/Mario_Kart_World,0,4,active,Mario Kart World – Nintendo EPD / Nintendo,https://en.wikipedia.org/wiki/The_Game_Awards_2025,Q131767872,2025-06-05,day,https://www.wikidata.org/wiki/Q131767872#P577,2025-06-05,first public release,https://www.wikidata.org/wiki/Q131767872#P577,earliest_wikidata_release,,not_publicly_disclosed
2025-19-05,2025-19,2025,Best Family Game,game,Sonic Racing: CrossWorlds,Sonic Racing: CrossWorlds,https://en.wikipedia.org/wiki/Sonic_Racing:_CrossWorlds,0,5,active,Sonic Racing: CrossWorlds – Sonic Team / Sega,https://en.wikipedia.org/wiki/The_Game_Awards_2025,Q131436187,2025-09-25,day,https://www.wikidata.org/wiki/Q131436187#P577,2025-09-25,first public release,https://www.wikidata.org/wiki/Q131436187#P577,earliest_wikidata_release,,not_publicly_disclosed
2025-19-06,2025-19,2025,Best Family Game,game,Split Fiction,Split Fiction,https://en.wikipedia.org/wiki/Split_Fiction,0,6,active,Split Fiction – Hazelight Studios / Electronic Arts,https://en.wikipedia.org/wiki/The_Game_Awards_2025,Q131433899,2025-03-06,day,https://www.wikidata.org/wiki/Q131433899#P577,2025-03-06,first public release,https://www.wikidata.org/wiki/Q131433899#P577,earliest_wikidata_release,,not_publicly_disclosed
2025-20-01,2025-20,2025,Best Sim / Strategy Game,game,Final Fantasy Tactics: The Ivalice Chronicles,Final Fantasy Tactics: The Ivalice Chronicles,https://en.wikipedia.org/wiki/Final_Fantasy_Tactics:_The_Ivalice_Chronicles,1,1,active,Final Fantasy Tactics: The Ivalice Chronicles – Square Enix,https://en.wikipedia.org/wiki/The_Game_Awards_2025,Q134718469,2025-09-30,day,https://www.wikidata.org/wiki/Q134718469#P577,2025-09-30,first public release,https://www.wikidata.org/wiki/Q134718469#P577,earliest_wikidata_release,,not_publicly_disclosed
2025-20-02,2025-20,2025,Best Sim / Strategy Game,game,The Alters,The Alters,https://en.wikipedia.org/wiki/The_Alters,0,2,active,The Alters – 11 Bit Studios,https://en.wikipedia.org/wiki/The_Game_Awards_2025,Q112435027,2025-06-13,day,https://www.wikidata.org/wiki/Q112435027#P577,2025-06-13,first public release,https://www.wikidata.org/wiki/Q112435027#P577,earliest_wikidata_release,,not_publicly_disclosed
2025-20-03,2025-20,2025,Best Sim / Strategy Game,game,Civilization VII,Civilization VII,https://en.wikipedia.org/wiki/Civilization_VII,0,3,active,Civilization VII – Firaxis Games / 2K,https://en.wikipedia.org/wiki/The_Game_Awards_2025,Q126405953,2025-02-06,day,https://www.wikidata.org/wiki/Q126405953#P577,2025-02-06,first public release,https://www.wikidata.org/wiki/Q126405953#P577,earliest_wikidata_release,,not_publicly_disclosed
2025-20-04,2025-20,2025,Best Sim / Strategy Game,game,Jurassic World Evolution 3,Jurassic World Evolution 3,https://en.wikipedia.org/wiki/Jurassic_World_Evolution_3,0,4,active,Jurassic World Evolution 3 – Frontier Developments,https://en.wikipedia.org/wiki/The_Game_Awards_2025,Q134723499,2025-10-21,day,https://www.wikidata.org/wiki/Q134723499#P577,2025-10-21,first public release,https://www.wikidata.org/wiki/Q134723499#P577,earliest_wikidata_release,,not_publicly_disclosed
2025-20-05,2025-20,2025,Best Sim / Strategy Game,game,Tempest Rising,Tempest Rising,https://en.wikipedia.org/wiki/Tempest_Rising,0,5,active,Tempest Rising – Slipgate Ironworks / 3D Realms,https://en.wikipedia.org/wiki/The_Game_Awards_2025,Q122225244,2025-04-17,day,https://www.wikidata.org/wiki/Q122225244#P577,2025-04-17,first public release,https://www.wikidata.org/wiki/Q122225244#P577,earliest_wikidata_release,,not_publicly_disclosed
2025-20-06,2025-20,2025,Best Sim / Strategy Game,game,Two Point Museum,Two Point Museum,https://en.wikipedia.org/wiki/Two_Point_Museum,0,6,active,Two Point Museum – Two Point Studios / Sega,https://en.wikipedia.org/wiki/The_Game_Awards_2025,Q129101215,2025-03-04,day,https://www.wikidata.org/wiki/Q129101215#P577,2025-03-04,first public release,https://www.wikidata.org/wiki/Q129101215#P577,earliest_wikidata_release,,not_publicly_disclosed
2025-21-01,2025-21,2025,Best Sports / Racing Game,game,Mario Kart World,Mario Kart World,https://en.wikipedia.org/wiki/Mario_Kart_World,1,1,active,Mario Kart World – Nintendo EPD / Nintendo,https://en.wikipedia.org/wiki/The_Game_Awards_2025,Q131767872,2025-06-05,day,https://www.wikidata.org/wiki/Q131767872#P577,2025-06-05,first public release,https://www.wikidata.org/wiki/Q131767872#P577,earliest_wikidata_release,,not_publicly_disclosed
2025-21-02,2025-21,2025,Best Sports / Racing Game,game,EA Sports FC 26,EA Sports FC 26,https://en.wikipedia.org/wiki/EA_Sports_FC_26,0,2,active,"EA Sports FC 26 – EA Vancouver , EA Romania / Electronic Arts",https://en.wikipedia.org/wiki/The_Game_Awards_2025,Q135144851,2025-09-26,day,https://www.wikidata.org/wiki/Q135144851#P577,2025-09-26,first public release,https://www.wikidata.org/wiki/Q135144851#P577,earliest_wikidata_release,,not_publicly_disclosed
2025-21-03,2025-21,2025,Best Sports / Racing Game,game,F1 25,F1 25,https://en.wikipedia.org/wiki/F1_25,0,3,active,F1 25 – Codemasters / EA Sports,https://en.wikipedia.org/wiki/The_Game_Awards_2025,Q133560582,2025-05-30,day,https://www.wikidata.org/wiki/Q133560582#P577,2025-05-30,first public release,https://www.wikidata.org/wiki/Q133560582#P577,earliest_wikidata_release,,not_publicly_disclosed
2025-21-04,2025-21,2025,Best Sports / Racing Game,game,Rematch,Rematch,https://en.wikipedia.org/wiki/Rematch_(video_game),0,4,active,Rematch – Sloclap / Kepler Interactive,https://en.wikipedia.org/wiki/The_Game_Awards_2025,Q131434638,2025-06-19,day,https://www.wikidata.org/wiki/Q131434638#P577,2025-06-19,first public release,https://www.wikidata.org/wiki/Q131434638#P577,earliest_wikidata_release,,not_publicly_disclosed
2025-21-05,2025-21,2025,Best Sports / Racing Game,game,Sonic Racing: CrossWorlds,Sonic Racing: CrossWorlds,https://en.wikipedia.org/wiki/Sonic_Racing:_CrossWorlds,0,5,active,Sonic Racing: CrossWorlds – Sonic Team / Sega,https://en.wikipedia.org/wiki/The_Game_Awards_2025,Q131436187,2025-09-25,day,https://www.wikidata.org/wiki/Q131436187#P577,2025-09-25,first public release,https://www.wikidata.org/wiki/Q131436187#P577,earliest_wikidata_release,,not_publicly_disclosed
2025-22-01,2025-22,2025,Best Multiplayer Game,game,ARC Raiders,ARC Raiders,https://en.wikipedia.org/wiki/ARC_Raiders,1,1,active,ARC Raiders – Embark Studios,https://en.wikipedia.org/wiki/The_Game_Awards_2025,Q110029330,2025-10-30,day,https://www.wikidata.org/wiki/Q110029330#P577,2025-10-30,first public release,https://www.wikidata.org/wiki/Q110029330#P577,earliest_wikidata_release,,not_publicly_disclosed
2025-22-02,2025-22,2025,Best Multiplayer Game,game,Battlefield 6,Battlefield 6,https://en.wikipedia.org/wiki/Battlefield_6,0,2,active,Battlefield 6 – Battlefield Studios / Electronic Arts,https://en.wikipedia.org/wiki/The_Game_Awards_2025,Q132178505,2025-10-10,day,https://www.wikidata.org/wiki/Q132178505#P577,2025-10-10,first public release,https://www.wikidata.org/wiki/Q132178505#P577,earliest_wikidata_release,,not_publicly_disclosed
2025-22-03,2025-22,2025,Best Multiplayer Game,game,Elden Ring Nightreign,Elden Ring Nightreign,https://en.wikipedia.org/wiki/Elden_Ring_Nightreign,0,3,active,Elden Ring Nightreign – FromSoftware / Bandai Namco Entertainment,https://en.wikipedia.org/wiki/The_Game_Awards_2025,Q131435228,2025-05-30,day,https://www.wikidata.org/wiki/Q131435228#P577,2025-05-30,first public release,https://www.wikidata.org/wiki/Q131435228#P577,earliest_wikidata_release,,not_publicly_disclosed
2025-22-04,2025-22,2025,Best Multiplayer Game,game,Peak,Peak,https://en.wikipedia.org/wiki/Peak_(video_game),0,4,active,Peak – Aggro Crab / Landfall Games,https://en.wikipedia.org/wiki/The_Game_Awards_2025,Q134992929,2025-06-16,day,https://www.wikidata.org/wiki/Q134992929#P577,2025-06-16,first public release,https://www.wikidata.org/wiki/Q134992929#P577,earliest_wikidata_release,,not_publicly_disclosed
2025-22-05,2025-22,2025,Best Multiplayer Game,game,Split Fiction,Split Fiction,https://en.wikipedia.org/wiki/Split_Fiction,0,5,active,Split Fiction – Hazelight Studios / Electronic Arts,https://en.wikipedia.org/wiki/The_Game_Awards_2025,Q131433899,2025-03-06,day,https://www.wikidata.org/wiki/Q131433899#P577,2025-03-06,first public release,https://www.wikidata.org/wiki/Q131433899#P577,earliest_wikidata_release,,not_publicly_disclosed
2025-23-01,2025-23,2025,Innovation in Accessibility,game,Doom: The Dark Ages,Doom: The Dark Ages,https://en.wikipedia.org/wiki/Doom:_The_Dark_Ages,1,1,active,Doom: The Dark Ages – id Software / Bethesda Softworks,https://en.wikipedia.org/wiki/The_Game_Awards_2025,Q126091569,2025-05-15,day,https://www.wikidata.org/wiki/Q126091569#P577,2025-05-15,first public release,https://www.wikidata.org/wiki/Q126091569#P577,earliest_wikidata_release,,not_publicly_disclosed
2025-23-02,2025-23,2025,Innovation in Accessibility,game,Assassin's Creed Shadows,Assassin's Creed Shadows,https://en.wikipedia.org/wiki/Assassin%27s_Creed_Shadows,0,2,active,Assassin's Creed Shadows – Ubisoft Quebec / Ubisoft,https://en.wikipedia.org/wiki/The_Game_Awards_2025,Q117716202,2025-03-20,day,https://www.wikidata.org/wiki/Q117716202#P577,2025-03-20,first public release,https://www.wikidata.org/wiki/Q117716202#P577,earliest_wikidata_release,,not_publicly_disclosed
2025-23-03,2025-23,2025,Innovation in Accessibility,game,Atomfall,Atomfall,https://en.wikipedia.org/wiki/Atomfall,0,3,active,Atomfall – Rebellion Developments,https://en.wikipedia.org/wiki/The_Game_Awards_2025,Q126465340,2025-03-27,day,https://www.wikidata.org/wiki/Q126465340#P577,2025-03-27,first public release,https://www.wikidata.org/wiki/Q126465340#P577,earliest_wikidata_release,,not_publicly_disclosed
2025-23-04,2025-23,2025,Innovation in Accessibility,game,EA Sports FC 26,EA Sports FC 26,https://en.wikipedia.org/wiki/EA_Sports_FC_26,0,4,active,"EA Sports FC 26 – EA Vancouver , EA Romania / Electronic Arts",https://en.wikipedia.org/wiki/The_Game_Awards_2025,Q135144851,2025-09-26,day,https://www.wikidata.org/wiki/Q135144851#P577,2025-09-26,first public release,https://www.wikidata.org/wiki/Q135144851#P577,earliest_wikidata_release,,not_publicly_disclosed
2025-23-05,2025-23,2025,Innovation in Accessibility,game,South of Midnight,South of Midnight,https://en.wikipedia.org/wiki/South_of_Midnight,0,5,active,South of Midnight – Compulsion Games / Xbox Game Studios,https://en.wikipedia.org/wiki/The_Game_Awards_2025,Q119360998,2025-04-08,day,https://www.wikidata.org/wiki/Q119360998#P577,2025-04-08,first public release,https://www.wikidata.org/wiki/Q119360998#P577,earliest_wikidata_release,,not_publicly_disclosed
2025-24-01,2025-24,2025,Best Adaptation,adaptation,The Last of Us season 2 (television series),,,1,1,active,The Last of Us season 2 (television series) – PlayStation Productions / HBO ; based on The Last of Us by Sony Interactive Entertainment,https://en.wikipedia.org/wiki/The_Game_Awards_2025,,,,,,,,no_associated_game,,not_publicly_disclosed
2025-24-02,2025-24,2025,Best Adaptation,adaptation,A Minecraft Movie (feature film),,,0,2,active,"A Minecraft Movie (feature film) – Legendary Pictures , Mojang / Warner Bros. Pictures ; based on Minecraft by Mojang Studios",https://en.wikipedia.org/wiki/The_Game_Awards_2025,,,,,,,,no_associated_game,,not_publicly_disclosed
2025-24-03,2025-24,2025,Best Adaptation,adaptation,Devil May Cry (animated series),,,0,3,active,"Devil May Cry (animated series) – Studio Mir , Capcom / Netflix ; based on Devil May Cry by Capcom",https://en.wikipedia.org/wiki/The_Game_Awards_2025,,,,,,,,no_associated_game,,not_publicly_disclosed
2025-24-04,2025-24,2025,Best Adaptation,adaptation,Splinter Cell: Deathwatch (animated series),,,0,4,active,"Splinter Cell: Deathwatch (animated series) – FOST Studio, Ubisoft / Netflix; based on Tom Clancy's Splinter Cell by Ubisoft",https://en.wikipedia.org/wiki/The_Game_Awards_2025,,,,,,,,no_associated_game,,not_publicly_disclosed
2025-24-05,2025-24,2025,Best Adaptation,adaptation,Until Dawn (feature film),,,0,5,active,Until Dawn (feature film) – PlayStation Productions / Screen Gems ; based on Until Dawn by PlayStation Studios,https://en.wikipedia.org/wiki/The_Game_Awards_2025,,,,,,,,no_associated_game,,not_publicly_disclosed
2025-25-01,2025-25,2025,Most Anticipated Game,unreleased_game,Grand Theft Auto VI,Grand Theft Auto VI,https://en.wikipedia.org/wiki/Grand_Theft_Auto_VI,1,1,active,Grand Theft Auto VI – Rockstar Games,https://en.wikipedia.org/wiki/The_Game_Awards_2025,Q23648408,2026-05-26,day,https://www.wikidata.org/wiki/Q23648408#P577,,,,earliest_wikidata_release,,not_publicly_disclosed
2025-25-02,2025-25,2025,Most Anticipated Game,unreleased_game,007 First Light,007 First Light,https://en.wikipedia.org/wiki/007_First_Light,0,2,active,007 First Light – IO Interactive,https://en.wikipedia.org/wiki/The_Game_Awards_2025,Q102290641,2026-03-27,day,https://www.wikidata.org/wiki/Q102290641#P577,,,,earliest_wikidata_release,,not_publicly_disclosed
2025-25-03,2025-25,2025,Most Anticipated Game,unreleased_game,Marvel's Wolverine,Marvel's Wolverine,https://en.wikipedia.org/wiki/Marvel%27s_Wolverine,0,3,active,Marvel's Wolverine – Insomniac Games / Sony Interactive Entertainment,https://en.wikipedia.org/wiki/The_Game_Awards_2025,Q108479474,2026-09-15,day,https://www.wikidata.org/wiki/Q108479474#P577,,,,earliest_wikidata_release,,not_publicly_disclosed
2025-25-04,2025-25,2025,Most Anticipated Game,unreleased_game,Resident Evil Requiem,Resident Evil Requiem,https://en.wikipedia.org/wiki/Resident_Evil_Requiem,0,4,active,Resident Evil Requiem – Capcom,https://en.wikipedia.org/wiki/The_Game_Awards_2025,Q124983920,2026-02-27,day,https://www.wikidata.org/wiki/Q124983920#P577,,,,earliest_wikidata_release,,not_publicly_disclosed
2025-25-05,2025-25,2025,Most Anticipated Game,unreleased_game,The Witcher IV,The Witcher IV,https://en.wikipedia.org/wiki/The_Witcher_IV,0,5,active,The Witcher IV – CD Projekt Red / CD Projekt,https://en.wikipedia.org/wiki/The_Game_Awards_2025,Q111023388,2028,year,https://www.wikidata.org/wiki/Q111023388#P577,,,,earliest_wikidata_release,,not_publicly_disclosed
2025-26-01,2025-26,2025,Players' Voice,game,Wuthering Waves,Wuthering Waves,https://en.wikipedia.org/wiki/Wuthering_Waves,1,1,active,Wuthering Waves – Kuro Games,https://en.wikipedia.org/wiki/The_Game_Awards_2025,Q117750031,2024-05-22,day,https://www.wikidata.org/wiki/Q117750031#P577,,,,earliest_wikidata_release,,not_publicly_disclosed
2025-26-02,2025-26,2025,Players' Voice,game,Clair Obscur: Expedition 33,Clair Obscur: Expedition 33,https://en.wikipedia.org/wiki/Clair_Obscur:_Expedition_33,0,2,active,Clair Obscur: Expedition 33 – Sandfall Interactive / Kepler Interactive,https://en.wikipedia.org/wiki/The_Game_Awards_2025,Q126462072,2025-04-24,day,https://www.wikidata.org/wiki/Q126462072#P577,2025-04-24,first public release,https://www.wikidata.org/wiki/Q126462072#P577,earliest_wikidata_release,,not_publicly_disclosed
2025-26-03,2025-26,2025,Players' Voice,game,Dispatch,Dispatch,https://en.wikipedia.org/wiki/Dispatch_(video_game),0,3,active,Dispatch – AdHoc Studio,https://en.wikipedia.org/wiki/The_Game_Awards_2025,Q131436199,2025-10-22,day,https://www.wikidata.org/wiki/Q131436199#P577,2025-10-22,first public release,https://www.wikidata.org/wiki/Q131436199#P577,earliest_wikidata_release,,not_publicly_disclosed
2025-26-04,2025-26,2025,Players' Voice,game,Genshin Impact,Genshin Impact,https://en.wikipedia.org/wiki/Genshin_Impact,0,4,active,Genshin Impact – miHoYo / HoYoverse,https://en.wikipedia.org/wiki/The_Game_Awards_2025,Q65059474,2020-09-28,day,https://www.wikidata.org/wiki/Q65059474#P577,,,,earliest_wikidata_release,,not_publicly_disclosed
2025-26-05,2025-26,2025,Players' Voice,game,Hollow Knight: Silksong,Hollow Knight: Silksong,https://en.wikipedia.org/wiki/Hollow_Knight:_Silksong,0,5,active,Hollow Knight: Silksong – Team Cherry,https://en.wikipedia.org/wiki/The_Game_Awards_2025,Q63294487,2025-09-04,day,https://www.wikidata.org/wiki/Q63294487#P577,2025-09-04,first public release,https://www.wikidata.org/wiki/Q63294487#P577,earliest_wikidata_release,,not_publicly_disclosed
2025-27-01,2025-27,2025,Best Esports Game,game,Counter-Strike 2,Counter-Strike 2,https://en.wikipedia.org/wiki/Counter-Strike_2,1,1,active,Counter-Strike 2 – Valve,https://en.wikipedia.org/wiki/The_Game_Awards_2025,Q111165107,2023-09-27,day,https://www.wikidata.org/wiki/Q111165107#P577,,,,earliest_wikidata_release,,not_publicly_disclosed
2025-27-02,2025-27,2025,Best Esports Game,game,Dota 2,Dota 2,https://en.wikipedia.org/wiki/Dota_2,0,2,active,Dota 2 – Valve,https://en.wikipedia.org/wiki/The_Game_Awards_2025,Q771541,2013-07-09,day,https://www.wikidata.org/wiki/Q771541#P577,,,,earliest_wikidata_release,,not_publicly_disclosed
2025-27-03,2025-27,2025,Best Esports Game,game,League of Legends,League of Legends,https://en.wikipedia.org/wiki/League_of_Legends,0,3,active,League of Legends – Riot Games,https://en.wikipedia.org/wiki/The_Game_Awards_2025,Q223341,2009-10-27,day,https://www.wikidata.org/wiki/Q223341#P577,,,,earliest_wikidata_release,,not_publicly_disclosed
2025-27-04,2025-27,2025,Best Esports Game,game,Mobile Legends: Bang Bang,Mobile Legends: Bang Bang,https://en.wikipedia.org/wiki/Mobile_Legends:_Bang_Bang,0,4,active,Mobile Legends: Bang Bang – Moonton,https://en.wikipedia.org/wiki/The_Game_Awards_2025,Q29564198,2016-07-14,day,https://www.wikidata.org/wiki/Q29564198#P577,,,,earliest_wikidata_release,,not_publicly_disclosed
2025-27-05,2025-27,2025,Best Esports Game,game,Valorant,Valorant,https://en.wikipedia.org/wiki/Valorant,0,5,active,Valorant – Riot Games,https://en.wikipedia.org/wiki/The_Game_Awards_2025,Q86919275,2020-06-02,day,https://www.wikidata.org/wiki/Q86919275#P577,,,,earliest_wikidata_release,,not_publicly_disclosed
2025-28-01,2025-28,2025,Best Esports Athlete,person,"Jung ""Chovy"" Ji-hoon ( League of Legends )",,,1,1,active,"Jung ""Chovy"" Ji-hoon ( League of Legends )",https://en.wikipedia.org/wiki/The_Game_Awards_2025,,,,,,,,no_associated_game,,not_publicly_disclosed
2025-28-02,2025-28,2025,Best Esports Athlete,person,"Brock ""brawk"" Somerhalder ( Valorant )",,,0,2,active,"Brock ""brawk"" Somerhalder ( Valorant )",https://en.wikipedia.org/wiki/The_Game_Awards_2025,,,,,,,,no_associated_game,,not_publicly_disclosed
2025-28-03,2025-28,2025,Best Esports Athlete,person,"Jason ""f0rsakeN"" Susanto ( Valorant )",,,0,3,active,"Jason ""f0rsakeN"" Susanto ( Valorant )",https://en.wikipedia.org/wiki/The_Game_Awards_2025,,,,,,,,no_associated_game,,not_publicly_disclosed
2025-28-04,2025-28,2025,Best Esports Athlete,person,"Kakeru ""Kakeru"" Watanabe ( Street Fighter )",,,0,4,active,"Kakeru ""Kakeru"" Watanabe ( Street Fighter )",https://en.wikipedia.org/wiki/The_Game_Awards_2025,,,,,,,,no_associated_game,,not_publicly_disclosed
2025-28-05,2025-28,2025,Best Esports Athlete,person,"Saul ""MenaRD"" Leonardo ( Street Fighter )",,,0,5,active,"Saul ""MenaRD"" Leonardo ( Street Fighter )",https://en.wikipedia.org/wiki/The_Game_Awards_2025,,,,,,,,no_associated_game,,not_publicly_disclosed
2025-28-06,2025-28,2025,Best Esports Athlete,person,"Mathieu ""ZywOo"" Herbaut ( Counter-Strike 2 )",,,0,6,active,"Mathieu ""ZywOo"" Herbaut ( Counter-Strike 2 )",https://en.wikipedia.org/wiki/The_Game_Awards_2025,,,,,,,,no_associated_game,,not_publicly_disclosed
2025-29-01,2025-29,2025,Best Esports Team,other,Team Vitality ( Counter-Strike 2 ),,,1,1,active,Team Vitality ( Counter-Strike 2 ),https://en.wikipedia.org/wiki/The_Game_Awards_2025,,,,,,,,no_associated_game,,not_publicly_disclosed
2025-29-02,2025-29,2025,Best Esports Team,other,Gen.G ( League of Legends ),,,0,2,active,Gen.G ( League of Legends ),https://en.wikipedia.org/wiki/The_Game_Awards_2025,,,,,,,,no_associated_game,,not_publicly_disclosed
2025-29-03,2025-29,2025,Best Esports Team,other,NRG ( Valorant ),,,0,3,active,NRG ( Valorant ),https://en.wikipedia.org/wiki/The_Game_Awards_2025,,,,,,,,no_associated_game,,not_publicly_disclosed
2025-29-04,2025-29,2025,Best Esports Team,other,Team Liquid PH ( Mobile Legends: Bang Bang ),,,0,4,active,Team Liquid PH ( Mobile Legends: Bang Bang ),https://en.wikipedia.org/wiki/The_Game_Awards_2025,,,,,,,,no_associated_game,,not_publicly_disclosed
2025-29-05,2025-29,2025,Best Esports Team,other,Team Falcons ( Dota 2 ),,,0,5,active,Team Falcons ( Dota 2 ),https://en.wikipedia.org/wiki/The_Game_Awards_2025,,,,,,,,no_associated_game,,not_publicly_disclosed
2025-30-01,2025-30,2025,Content Creator of the Year,person,MoistCr1TiKaL,,,1,1,active,MoistCr1TiKaL,https://en.wikipedia.org/wiki/The_Game_Awards_2025,,,,,,,,no_associated_game,,not_publicly_disclosed
2025-30-02,2025-30,2025,Content Creator of the Year,person,Caedrel,,,0,2,active,Caedrel,https://en.wikipedia.org/wiki/The_Game_Awards_2025,,,,,,,,no_associated_game,,not_publicly_disclosed
2025-30-03,2025-30,2025,Content Creator of the Year,person,Kai Cenat,,,0,3,active,Kai Cenat,https://en.wikipedia.org/wiki/The_Game_Awards_2025,,,,,,,,no_associated_game,,not_publicly_disclosed
2025-30-04,2025-30,2025,Content Creator of the Year,person,Sakura Miko,,,0,4,active,Sakura Miko,https://en.wikipedia.org/wiki/The_Game_Awards_2025,,,,,,,,no_associated_game,,not_publicly_disclosed
2025-30-05,2025-30,2025,Content Creator of the Year,person,TheBurntPeanut,,,0,5,active,TheBurntPeanut,https://en.wikipedia.org/wiki/The_Game_Awards_2025,,,,,,,,no_associated_game,,not_publicly_disclosed
2024-31-01,2024-31,2024,Game Changer,honorary,Amir Satvat,,,1,1,active,Amir Satvat,https://en.wikipedia.org/wiki/The_Game_Awards_2024,,,,,,,,no_associated_game,,not_publicly_disclosed
2025-31-01,2025-31,2025,Game Changer,honorary,Girls Make Games,,,1,1,active,Girls Make Games,https://en.wikipedia.org/wiki/The_Game_Awards_2025,,,,,,,,no_associated_game,,not_publicly_disclosed
