game_wikipedia_url,wikidata_id,release_date,date_precision,platform_ids,place_ids,statement_id,source_url
https://en.wikipedia.org/wiki/007_First_Light,Q102290641,2026-03-27,day,,,Q102290641$db116ef1-4259-f6d0-5817-752fbb75a61b,https://www.wikidata.org/wiki/Q102290641#P577
https://en.wikipedia.org/wiki/007_First_Light,Q102290641,2026-05-27,day,Q63184502|Q1406|Q98973368,Q13780930,Q102290641$3d6b4c78-4c5a-cc0f-afe8-5aef519cb2a2,https://www.wikidata.org/wiki/Q102290641#P577
https://en.wikipedia.org/wiki/007_First_Light,Q102290641,2027-03,month,Q122761124,Q13780930,Q102290641$05d4abe5-4840-0660-de4e-16bac07593f6,https://www.wikidata.org/wiki/Q102290641#P577
https://en.wikipedia.org/wiki/11-11:_Memories_Retold,Q58874101,2018-11-08,day,,,Q58874101$e071a063-4b60-199b-e338-2ec2075004c3,https://www.wikidata.org/wiki/Q58874101#P577
https://en.wikipedia.org/wiki/12_Minutes,Q65040626,2021-08-19,day,,,Q65040626-057170df-17d7-45dd-87d6-97b3c20a0557,https://www.wikidata.org/wiki/Q65040626#P577
https://en.wikipedia.org/wiki/13_Sentinels:_Aegis_Rim,Q20982904,2019-11-28,day,Q5014725,Q17,Q20982904$cb6c2d31-46dd-26ba-c70e-c51a490c2b17,https://www.wikidata.org/wiki/Q20982904#P577
https://en.wikipedia.org/wiki/13_Sentinels:_Aegis_Rim,Q20982904,2020-03-19,day,Q5014725,Q8646|Q865|Q884|Q11708,Q20982904$e3afb42d-4ca5-fbf1-14c5-5e663b9ebfb4,https://www.wikidata.org/wiki/Q20982904#P577
https://en.wikipedia.org/wiki/13_Sentinels:_Aegis_Rim,Q20982904,2020-09-22,day,Q5014725,Q13780930,Q20982904$9d315f7e-4149-318b-75c4-31ee4b60c41f,https://www.wikidata.org/wiki/Q20982904#P577
https://en.wikipedia.org/wiki/13_Sentinels:_Aegis_Rim,Q20982904,2022-04-12,day,Q19610114,Q13780930,Q20982904$8a969220-4bef-00ee-48eb-f94e7d5eef78,https://www.wikidata.org/wiki/Q20982904#P577
https://en.wikipedia.org/wiki/13_Sentinels:_Aegis_Rim,Q20982904,2022-04-14,day,Q19610114,Q17,Q20982904$09f04d33-4ee2-6706-893b-901d5a709976,https://www.wikidata.org/wiki/Q20982904#P577
https://en.wikipedia.org/wiki/1979_Revolution:_Black_Friday,Q23976492,2016-04-04,day,,,Q23976492$4F299D69-8B94-41E5-85D9-7DB0CEE7EE4F,https://www.wikidata.org/wiki/Q23976492#P577
https://en.wikipedia.org/wiki/2XKO,Q124635973,2025-10-07,day,Q1406,,Q124635973$0f37ccf7-443e-eb11-0fcf-7d01b403ff3e,https://www.wikidata.org/wiki/Q124635973#P577
https://en.wikipedia.org/wiki/2XKO,Q124635973,2026-01-20,day,Q63184502|Q98973368,,Q124635973$aeda7807-432a-6c8e-ec21-0cd9f0de400c,https://www.wikidata.org/wiki/Q124635973#P577
https://en.wikipedia.org/wiki/AFK_Journey,Q125505215,2024-03-27,day,,,Q125505215$66aa97a3-4d23-d631-4fde-8ace5e9ddc78,https://www.wikidata.org/wiki/Q125505215#P577
https://en.wikipedia.org/wiki/ARC_Raiders,Q110029330,2025-10-30,day,,Q13780930,Q110029330$fb09e0fe-4072-56e4-2cdf-35d6e13d9cd8,https://www.wikidata.org/wiki/Q110029330#P577
https://en.wikipedia.org/wiki/A_Memoir_Blue,Q111458005,2022-03-24,day,,,Q111458005$47ab99b3-82fa-47b3-961b-568b9ecebb93,https://www.wikidata.org/wiki/Q111458005#P577
https://en.wikipedia.org/wiki/A_Plague_Tale:_Innocence,Q54577668,2019-05-14,day,Q1406|Q5014725|Q13361286,Q13780930,Q54577668$7c53fcb8-4574-07cf-7e22-9e24ae643a19,https://www.wikidata.org/wiki/Q54577668#P577
https://en.wikipedia.org/wiki/A_Plague_Tale:_Innocence,Q54577668,2021-07-06,day,Q19610114|Q63184502|Q98973368,Q13780930,Q54577668$39c8eefd-4f5d-a997-b9d9-d74c61553df0,https://www.wikidata.org/wiki/Q54577668#P577
https://en.wikipedia.org/wiki/A_Plague_Tale:_Requiem,Q107214641,2022-10-18,day,,Q13780930,Q107214641$eed53df3-4c19-3aa1-1da3-69d342539bfc,https://www.wikidata.org/wiki/Q107214641#P577
https://en.wikipedia.org/wiki/A_Space_for_the_Unbound,Q116375292,2023-01-19,day,Q13361286|Q98973368,,Q116375292$d3f6d929-4081-da34-674c-6a69d28b3efd,https://www.wikidata.org/wiki/Q116375292#P577
https://en.wikipedia.org/wiki/A_Way_Out_(video_game),Q30229306,2018-03-23,day,,,Q30229306-BF307D3D-7F5A-464E-A570-351FCD0EFEBB,https://www.wikidata.org/wiki/Q30229306#P577
https://en.wikipedia.org/wiki/Absolum,Q133035994,2025-10-09,day,Q63184502|Q5014725|Q19610114|Q1406,,Q133035994$4765061e-4fe7-2a98-aacc-4fb83b5cbcd6,https://www.wikidata.org/wiki/Q133035994#P577
https://en.wikipedia.org/wiki/Absolum,Q133035994,2026-03-25,day,Q98973368,,Q133035994$2284404c-4fa4-84c6-9fbf-e4530964e510,https://www.wikidata.org/wiki/Q133035994#P577
https://en.wikipedia.org/wiki/Absolum,Q133035994,2026-11-05,day,Q48493|Q94,,Q133035994$3c2de192-4c93-3a9e-f824-f3a3ab424563,https://www.wikidata.org/wiki/Q133035994#P577
https://en.wikipedia.org/wiki/Absolum,Q133035994,2025,year,,,Q133035994$72030b03-4732-2058-10e7-eab4da5221bb,https://www.wikidata.org/wiki/Q133035994#P577
https://en.wikipedia.org/wiki/Absolum,Q133035994,2026,year,Q122761124,,Q133035994$9b36b0da-4d46-5cc2-ba83-8540dc822bd4,https://www.wikidata.org/wiki/Q133035994#P577
https://en.wikipedia.org/wiki/Abz%C3%BB,Q20899382,2016-08-02,day,Q1406|Q5014725,,Q20899382$2AA05423-1049-4EA6-AA87-72FC1E9A6991,https://www.wikidata.org/wiki/Q20899382#P577
https://en.wikipedia.org/wiki/Abz%C3%BB,Q20899382,2016-12-06,day,Q13361286,,Q20899382$7710e064-4fc1-eef6-1d90-1f1b7c254e50,https://www.wikidata.org/wiki/Q20899382#P577
https://en.wikipedia.org/wiki/Abz%C3%BB,Q20899382,2018-11-29,day,Q19610114,,Q20899382$834d5a6d-4fed-893d-f4b3-65e82ad81da9,https://www.wikidata.org/wiki/Q20899382#P577
https://en.wikipedia.org/wiki/Advance_Wars_1%2B2:_Re-Boot_Camp,Q108744830,2023-04-21,day,,Q13780930,Q108744830$445b9780-4621-8648-36b7-507701832801,https://www.wikidata.org/wiki/Q108744830#P577
https://en.wikipedia.org/wiki/Age_of_Empires_IV,Q55154676,2021-10-28,day,,Q13780930,Q55154676$ead1064c-41bf-83b1-0945-4a628f79d52f,https://www.wikidata.org/wiki/Q55154676#P577
https://en.wikipedia.org/wiki/Age_of_Mythology:_Retold,Q114858023,2024-08-28,day,,Q13780930,Q114858023$493ba3f0-4ae5-3428-9e68-444ba13f05c3,https://www.wikidata.org/wiki/Q114858023#P577
https://en.wikipedia.org/wiki/Age_of_Mythology:_Retold,Q114858023,2024-09-04,day,,Q13780930,Q114858023$c3a17a7d-42d2-9af7-185b-93fb17ce21fd,https://www.wikidata.org/wiki/Q114858023#P577
https://en.wikipedia.org/wiki/Age_of_Mythology:_Retold,Q114858023,2024,year,,Q13780930,Q114858023$f69e7e72-4ddf-15b0-682b-8e989be74273,https://www.wikidata.org/wiki/Q114858023#P577
https://en.wikipedia.org/wiki/Age_of_Wonders:_Planetfall,Q60676089,2019-08-06,day,,,Q60676089$73f67848-449c-02d2-9e79-5dc999ea068e,https://www.wikidata.org/wiki/Q60676089#P577
https://en.wikipedia.org/wiki/Alan_Wake_2,Q108417001,2023-10-27,day,,Q13780930,Q108417001$bc5e9712-489a-50cb-29a9-e1146227326d,https://www.wikidata.org/wiki/Q108417001#P577
https://en.wikipedia.org/wiki/Alien:_Isolation,Q15613717,2014-10-07,day,Q1406|Q5014725|Q13361286|Q10683|Q48263,Q30|Q183,Q15613717$6002D5AD-FE5E-4F07-AE0F-A5C517908467,https://www.wikidata.org/wiki/Q15613717#P577
https://en.wikipedia.org/wiki/Alien:_Isolation,Q15613717,2015-09-29,day,Q388,,Q15613717$51CB8833-8A16-4A34-9523-43EA53BC989B,https://www.wikidata.org/wiki/Q15613717#P577
https://en.wikipedia.org/wiki/Alien:_Isolation,Q15613717,2015-10-28,day,Q14116,,Q15613717$BA9E2D1A-135F-408D-86B7-65D5C3ECFE72,https://www.wikidata.org/wiki/Q15613717#P577
https://en.wikipedia.org/wiki/Alien:_Isolation,Q15613717,2019-12-05,day,Q19610114,,Q15613717$647C0264-3B05-43A1-BEE5-515503DB39A0,https://www.wikidata.org/wiki/Q15613717#P577
https://en.wikipedia.org/wiki/Alien:_Isolation,Q15613717,2021-12-16,day,Q94|Q48493,,Q15613717$50D698EF-9D6D-4865-A7FE-3852CFD4ED0C,https://www.wikidata.org/wiki/Q15613717#P577
https://en.wikipedia.org/wiki/Alien:_Rogue_Incursion,Q125627143,2024-12-19,day,Q1406|Q63184502,Q13780930,Q125627143$ed12a87d-4718-2092-e9b1-8c1e686f040d,https://www.wikidata.org/wiki/Q125627143#P577
https://en.wikipedia.org/wiki/Alien:_Rogue_Incursion,Q125627143,2025-02-13,day,Q124650763,Q13780930,Q125627143$8d441531-4c6c-8e79-8846-3458458b4566,https://www.wikidata.org/wiki/Q125627143#P577
https://en.wikipedia.org/wiki/Among_Us,Q96417649,2018-06-15,day,Q94|Q48493,Q13780930,Q96417649$2997eea5-4ac1-92dc-17ae-1316bf9f660f,https://www.wikidata.org/wiki/Q96417649#P577
https://en.wikipedia.org/wiki/Among_Us,Q96417649,2018-06-18,day,Q1406,Q13780930,Q96417649$8343fa34-4fa8-68ac-aba5-7bcb30057281,https://www.wikidata.org/wiki/Q96417649#P577
https://en.wikipedia.org/wiki/Among_Us,Q96417649,2018-08-17,day,Q1406,Q13780930,Q96417649$8c3cf995-4ce4-9fa0-ec69-d83c03724d47,https://www.wikidata.org/wiki/Q96417649#P577
https://en.wikipedia.org/wiki/Among_Us,Q96417649,2018-11-16,day,,Q13780930,Q96417649$dc64e51c-45c1-60a2-a78b-3e0bd6786714,https://www.wikidata.org/wiki/Q96417649#P577
https://en.wikipedia.org/wiki/Among_Us,Q96417649,2020-12-15,day,Q19610114|Q65458682,Q13780930,Q96417649$975e3da7-4115-12b6-9f84-cd11c754bbed,https://www.wikidata.org/wiki/Q96417649#P577
https://en.wikipedia.org/wiki/Among_Us,Q96417649,2020-12-18,day,Q1406,,Q96417649$d9c6131b-4357-a87a-ce1c-ede518ab37a4,https://www.wikidata.org/wiki/Q96417649#P577
https://en.wikipedia.org/wiki/Among_Us,Q96417649,2021-12-14,day,Q63184502|Q5014725,Q13780930,Q96417649$0e6bfd64-45ea-2055-035e-b89aefc34a0b,https://www.wikidata.org/wiki/Q96417649#P577
https://en.wikipedia.org/wiki/Among_Us,Q96417649,2021-12-14,day,Q98973368|Q13361286,Q13780930,Q96417649$ca845137-4778-7b0d-7894-8f7215e716f5,https://www.wikidata.org/wiki/Q96417649#P577
https://en.wikipedia.org/wiki/Among_Us_VR,Q110028385,2022-11-10,day,,,Q110028385-3463dbf2-49a2-9af8-0f59-e6e251812671,https://www.wikidata.org/wiki/Q110028385#P577
https://en.wikipedia.org/wiki/Among_Us_VR,Q110028385,2023-02-22,day,,,Q110028385-5e656a91-4640-1133-588c-088d4d890481,https://www.wikidata.org/wiki/Q110028385#P577
https://en.wikipedia.org/wiki/Animal_Crossing:_New_Horizons,Q64566657,2020-03-20,day,Q19610114,Q13780930,Q64566657$47126f04-4b68-80cd-48b1-a25b64439964,https://www.wikidata.org/wiki/Q64566657#P577
https://en.wikipedia.org/wiki/Animal_Crossing:_New_Horizons,Q64566657,2026-01-15,day,Q122761124,Q13780930,Q64566657$cae689d0-416c-4f58-146d-271a1b0381c8,https://www.wikidata.org/wiki/Q64566657#P577
https://en.wikipedia.org/wiki/Animal_Well,Q116149653,2024-05-09,day,,Q13780930,Q116149653$81493007-4a50-7b3d-b88f-15fd8265bb90,https://www.wikidata.org/wiki/Q116149653#P577
https://en.wikipedia.org/wiki/Anno_1800,Q52432849,2019-04-16,day,,,Q52432849$bb124485-4227-eebb-befa-0a1a1f0c6385,https://www.wikidata.org/wiki/Q52432849#P577
https://en.wikipedia.org/wiki/Apex_Legends,Q61478103,2019-02-04,day,Q1406|Q5014725|Q13361286,,Q61478103$ba139c15-4aa3-2570-842e-7fe763e87bf0,https://www.wikidata.org/wiki/Q61478103#P577
https://en.wikipedia.org/wiki/Apex_Legends,Q61478103,2020-11-05,day,,,Q61478103$b2dac3b1-4563-0f18-1fbe-47e5b6b0772b,https://www.wikidata.org/wiki/Q61478103#P577
https://en.wikipedia.org/wiki/Apex_Legends,Q61478103,2021-03-09,day,Q19610114,,Q61478103$cd57c6e1-4266-0f86-7099-58737574954e,https://www.wikidata.org/wiki/Q61478103#P577
https://en.wikipedia.org/wiki/Apex_Legends,Q61478103,2025-08-05,day,Q122761124,,Q61478103$926af9b4-4e31-96f2-d974-d4c6ae1300c0,https://www.wikidata.org/wiki/Q61478103#P577
https://en.wikipedia.org/wiki/Apex_Legends_Mobile,Q112671149,2022-05-17,day,,,Q112671149$8698cca2-4817-993b-6014-b9c48e1a2939,https://www.wikidata.org/wiki/Q112671149#P577
https://en.wikipedia.org/wiki/Arizona_Sunshine,Q27890297,2016-12-06,day,,,Q27890297$EB4DD3E5-B772-4371-916F-4130F145BE0B,https://www.wikidata.org/wiki/Q27890297#P577
https://en.wikipedia.org/wiki/Arizona_Sunshine,Q27890297,2017-06-27,day,,,Q27890297$20DA2E03-824B-4A6A-911E-CB6A7C21B0E4,https://www.wikidata.org/wiki/Q27890297#P577
https://en.wikipedia.org/wiki/Arizona_Sunshine,Q27890297,2016,year,,,Q27890297$91DEA86D-CA52-4999-B483-15DD4298C043,https://www.wikidata.org/wiki/Q27890297#P577
https://en.wikipedia.org/wiki/Armored_Core_VI:_Fires_of_Rubicon,Q115641899,2023-08-25,day,,Q13780930,Q115641899$59a7cf56-4dc4-3ea7-f284-8147d530aa10,https://www.wikidata.org/wiki/Q115641899#P577
https://en.wikipedia.org/wiki/Arms_(video_game),Q28312454,2017-06-16,day,,,Q28312454$e8f6596b-4cbd-dc83-2193-02570a002f4c,https://www.wikidata.org/wiki/Q28312454#P577
https://en.wikipedia.org/wiki/As_Dusk_Falls,Q112618572,2022-07-19,day,,,Q112618572$36325ea3-4d06-4ba3-5513-2f21c5882418,https://www.wikidata.org/wiki/Q112618572#P577
https://en.wikipedia.org/wiki/Asgard%27s_Wrath,Q86754853,2019-10-10,day,,,Q86754853$61e09875-4408-64e4-c262-90cb36a00213,https://www.wikidata.org/wiki/Q86754853#P577
https://en.wikipedia.org/wiki/Asgard%27s_Wrath_2,Q123699109,2023-12-15,day,,Q13780930,Q123699109$1e04c59e-498c-dc95-0e48-0b87e0cbda25,https://www.wikidata.org/wiki/Q123699109#P577
https://en.wikipedia.org/wiki/Assassin%27s_Creed:_Origins,Q30138024,2017-10-27,day,,,Q30138024-099515c3-4d84-250c-291b-1f88ec49b23f,https://www.wikidata.org/wiki/Q30138024#P577
https://en.wikipedia.org/wiki/Assassin%27s_Creed_Odyssey,Q54617566,2018-10-05,day,,,Q54617566$3d6c64b5-478c-16fb-d841-210a39d0e6f1,https://www.wikidata.org/wiki/Q54617566#P577
https://en.wikipedia.org/wiki/Assassin%27s_Creed_Shadows,Q117716202,2025-03-20,day,Q63184502|Q98973368|Q1406,Q13780930,Q117716202$d722b88e-436a-34b3-92c9-73a5da6c64e3,https://www.wikidata.org/wiki/Q117716202#P577
https://en.wikipedia.org/wiki/Assassin%27s_Creed_Shadows,Q117716202,2025-12-02,day,Q122761124,Q13780930,Q117716202$00749e4c-4c6f-6b7c-c476-3a3d0be03a23,https://www.wikidata.org/wiki/Q117716202#P577
https://en.wikipedia.org/wiki/Assassin%27s_Creed_Syndicate,Q18602166,2015-10-23,day,,,Q18602166$b9cb6b88-4978-ca2b-ca2b-d818a1eee3b7,https://www.wikidata.org/wiki/Q18602166#P577
https://en.wikipedia.org/wiki/Assassin%27s_Creed_Unity,Q15983778,2014-11-11,day,,Q49,Q15983778$70a819d3-4bba-2184-7996-810f15edb910,https://www.wikidata.org/wiki/Q15983778#P577
https://en.wikipedia.org/wiki/Assassin%27s_Creed_Unity,Q15983778,2014-11-13,day,,Q408|Q46,Q15983778$28d8d198-42c5-eb2f-ed99-d5b6ce37b1e3,https://www.wikidata.org/wiki/Q15983778#P577
https://en.wikipedia.org/wiki/Assassin%27s_Creed_Unity,Q15983778,2014-11-14,day,,Q145,Q15983778$08e2797f-4f1a-c3ab-ade4-1c747ded07c0,https://www.wikidata.org/wiki/Q15983778#P577
https://en.wikipedia.org/wiki/Assassin%27s_Creed_Unity,Q15983778,2014-11-20,day,,Q17,Q15983778$2c1f4ae3-4b91-c579-1385-6c8291d9b075,https://www.wikidata.org/wiki/Q15983778#P577
https://en.wikipedia.org/wiki/Assassin%27s_Creed_Valhalla,Q92464687,2020-11-10,day,,Q13780930,Q92464687$ca941286-468c-66ca-e7cb-6005bd1ef988,https://www.wikidata.org/wiki/Q92464687#P577
https://en.wikipedia.org/wiki/Astral_Chain,Q61727129,2019-08-30,day,,Q13780930,Q61727129$530aa919-450e-218d-6070-c48ff858940a,https://www.wikidata.org/wiki/Q61727129#P577
https://en.wikipedia.org/wiki/Astro_Bot,Q126199700,2024-09-06,day,,Q13780930,Q126199700$f6664356-4ffb-a5d8-2409-5f726e4d125b,https://www.wikidata.org/wiki/Q126199700#P577
https://en.wikipedia.org/wiki/Astro_Bot_Rescue_Mission,Q57450502,2018-10-02,day,,,Q57450502$ccd114e8-8193-4301-a710-453075a9bab8,https://www.wikidata.org/wiki/Q57450502#P577
https://en.wikipedia.org/wiki/Atomfall,Q126465340,2025-03-27,day,,,Q126465340$53370760-43ac-f157-13f1-ef42ca778f1d,https://www.wikidata.org/wiki/Q126465340#P577
https://en.wikipedia.org/wiki/Avowed,Q97736516,2025-02-18,day,Q98973368|Q1406,Q13780930,Q97736516$d68d3fe0-461e-cf31-3d2d-27caa6bdc4c1,https://www.wikidata.org/wiki/Q97736516#P577
https://en.wikipedia.org/wiki/Avowed,Q97736516,2026-02-17,day,Q63184502,Q13780930,Q97736516$6a63aa0e-4a22-e8ab-0edc-32719c4c0dd4,https://www.wikidata.org/wiki/Q97736516#P577
https://en.wikipedia.org/wiki/Avowed,Q97736516,2024,year,,Q13780930,Q97736516$623fc451-48b9-9a66-88b8-64ec97046d70,https://www.wikidata.org/wiki/Q97736516#P577
https://en.wikipedia.org/wiki/Axiom_Verge,Q4830546,2015,year,,,Q4830546$F681B092-B399-4E47-9C3F-CB700702436F,https://www.wikidata.org/wiki/Q4830546#P577
https://en.wikipedia.org/wiki/Baba_Is_You,Q62061666,2019-03-13,day,,,Q62061666$839c9498-4351-5ac0-c4ad-279410f6c255,https://www.wikidata.org/wiki/Q62061666#P577
https://en.wikipedia.org/wiki/Back_4_Blood,Q104223925,2021-10-12,day,,Q13780930,Q104223925$c1ae2b6e-472d-1ba7-be44-60f3e861af1d,https://www.wikidata.org/wiki/Q104223925#P577
https://en.wikipedia.org/wiki/Balatro,Q124357469,2024-02-20,day,Q1406|Q19610114|Q5014725|Q63184502|Q13361286|Q98973368,,Q124357469$233d24c2-484b-db0a-9f33-f7388acf4a56,https://www.wikidata.org/wiki/Q124357469#P577
https://en.wikipedia.org/wiki/Balatro,Q124357469,2024-03-01,day,Q14116,,Q124357469$15258fe6-4891-023d-672f-a23b8e2e07d0,https://www.wikidata.org/wiki/Q124357469#P577
https://en.wikipedia.org/wiki/Balatro,Q124357469,2024-09-26,day,Q48493|Q64350339|Q20965967|Q94,,Q124357469$63f9209a-411b-9169-226d-b3bee708c4ef,https://www.wikidata.org/wiki/Q124357469#P577
https://en.wikipedia.org/wiki/Balatro,Q124357469,2026-02-25,day,Q122761124,,Q124357469$54ce20ad-491f-5658-d1f3-12fc448884c9,https://www.wikidata.org/wiki/Q124357469#P577
https://en.wikipedia.org/wiki/Baldur%27s_Gate_3,Q64441774,2020-10-06,day,,,Q64441774$bc39e1b6-4e84-68ff-1026-65c34a5de970,https://www.wikidata.org/wiki/Q64441774#P577
https://en.wikipedia.org/wiki/Baldur%27s_Gate_3,Q64441774,2023-08-03,day,Q1406,,Q64441774$eff40109-4bcc-c2d2-6d2d-c86640bfca04,https://www.wikidata.org/wiki/Q64441774#P577
https://en.wikipedia.org/wiki/Baldur%27s_Gate_3,Q64441774,2023-09-06,day,Q63184502,,Q64441774$90c6466c-48a7-8842-7a5e-7849ca72e26e,https://www.wikidata.org/wiki/Q64441774#P577
https://en.wikipedia.org/wiki/Baldur%27s_Gate_3,Q64441774,2023-09-21,day,Q14116,,Q64441774$d02c96f9-4898-b6f3-2733-208848354c37,https://www.wikidata.org/wiki/Q64441774#P577
https://en.wikipedia.org/wiki/Baldur%27s_Gate_3,Q64441774,2023-12-08,day,Q98973368,,Q64441774$b2335a33-4d9d-6485-b68b-eaddebfb304c,https://www.wikidata.org/wiki/Q64441774#P577
https://en.wikipedia.org/wiki/Baldur%27s_Gate_3,Q64441774,2025-09-23,day,Q107542665,,Q64441774$171b7964-466d-252d-1090-b9c4473e4b97,https://www.wikidata.org/wiki/Q64441774#P577
https://en.wikipedia.org/wiki/Ball_x_Pit,Q134726541,2025-10-15,day,Q1406|Q63184502|Q98973368|Q19610114,,Q134726541$098dfc04-4f2d-ad47-8235-7d60f2ffb143,https://www.wikidata.org/wiki/Q134726541#P577
https://en.wikipedia.org/wiki/Ball_x_Pit,Q134726541,2025-10-28,day,Q122761124,,Q134726541$4364fb2a-4c9e-c47f-81f3-5e52a60400e2,https://www.wikidata.org/wiki/Q134726541#P577
https://en.wikipedia.org/wiki/Ball_x_Pit,Q134726541,2026-03-12,day,Q48493|Q94,,Q134726541$8a173dcb-4ec4-b60f-4139-0bc81c28315b,https://www.wikidata.org/wiki/Q134726541#P577
https://en.wikipedia.org/wiki/Batman:_Arkham_Knight,Q15891648,2015-06-23,day,,,Q15891648$13941532-4ccd-07a6-e5b1-1a286c611ee0,https://www.wikidata.org/wiki/Q15891648#P577
https://en.wikipedia.org/wiki/Batman:_Arkham_Shadow,Q125731242,2024-10-21,day,,,Q125731242$164721d0-4791-aaf2-53e4-83a289353287,https://www.wikidata.org/wiki/Q125731242#P577
https://en.wikipedia.org/wiki/Batman:_Arkham_VR,Q27067490,2016-10-13,day,,,Q27067490$BBA3D0B4-2143-4DDC-BAC0-1DCAB72AE801,https://www.wikidata.org/wiki/Q27067490#P577
https://en.wikipedia.org/wiki/Batman:_Arkham_VR,Q27067490,2017-04-25,day,,,Q27067490$952E7BCE-AF73-4781-B808-E94A68B1E151,https://www.wikidata.org/wiki/Q27067490#P577
https://en.wikipedia.org/wiki/Battlefield_1,Q24031560,2016-10-21,day,,Q13780930,Q24031560$2c3d6dc4-4534-c0fa-fad4-c3a46cee38df,https://www.wikidata.org/wiki/Q24031560#P577
https://en.wikipedia.org/wiki/Battlefield_6,Q132178505,2025-10-10,day,,Q13780930,Q132178505$38c72ea2-4f09-f2a5-4c1e-0013d35db270,https://www.wikidata.org/wiki/Q132178505#P577
https://en.wikipedia.org/wiki/Bayonetta_2,Q3233480,2014-02-13,day,,,Q3233480$6908B9D5-4DC4-4371-B2A3-A4045E122C02,https://www.wikidata.org/wiki/Q3233480#P577
https://en.wikipedia.org/wiki/Bayonetta_2,Q3233480,2014-09-20,day,,,Q3233480$26ec7766-456d-7349-0df3-509193bb45b6,https://www.wikidata.org/wiki/Q3233480#P577
https://en.wikipedia.org/wiki/Bayonetta_2,Q3233480,2018,year,,,Q3233480$11ad9b76-4bf4-8963-b798-5cf298e1b165,https://www.wikidata.org/wiki/Q3233480#P577
https://en.wikipedia.org/wiki/Bayonetta_3,Q44997696,2022-10-28,day,,Q13780930,Q44997696$e026717e-45af-2654-1df4-6bf27644d73c,https://www.wikidata.org/wiki/Q44997696#P577
https://en.wikipedia.org/wiki/Beat_Saber,Q53998035,2018,year,,,Q53998035$c949974d-17ab-4f82-ab97-b381af818d68,https://www.wikidata.org/wiki/Q53998035#P577
https://en.wikipedia.org/wiki/Before_Your_Eyes,Q106452472,2021-04-08,day,,,Q106452472$aaea7194-4e5d-f3e3-2e23-fb7ee1b84c54,https://www.wikidata.org/wiki/Q106452472#P577
https://en.wikipedia.org/wiki/Black_Myth:_Wukong,Q98582386,2024-08-20,day,Q63184502|Q1406,Q13780930,Q98582386$f949aed0-4208-4526-22b5-291f9627eeac,https://www.wikidata.org/wiki/Q98582386#P577
https://en.wikipedia.org/wiki/Black_Myth:_Wukong,Q98582386,2024-11-01,day,Q63184502,Q865,Q98582386$59c70ac6-4f44-3541-16a5-c1665dda58b3,https://www.wikidata.org/wiki/Q98582386#P577
https://en.wikipedia.org/wiki/Black_Myth:_Wukong,Q98582386,2025-01-16,day,Q63184502,Q48,Q98582386$304de105-4553-9c3f-d7b1-c47fe69df727,https://www.wikidata.org/wiki/Q98582386#P577
https://en.wikipedia.org/wiki/Black_Myth:_Wukong,Q98582386,2025-08-20,day,Q98973368,Q13780930,Q98582386$2acd8725-4e63-ad2b-9c7e-a795a70e97df,https://www.wikidata.org/wiki/Q98582386#P577
https://en.wikipedia.org/wiki/BlazBlue:_Cross_Tag_Battle,Q39055524,2018-05-31,day,,Q17,Q39055524$a0a74535-4f8e-d5da-f37e-ba6eae3c57e3,https://www.wikidata.org/wiki/Q39055524#P577
https://en.wikipedia.org/wiki/BlazBlue:_Cross_Tag_Battle,Q39055524,2018-06-05,day,,Q49,Q39055524$5c87b57b-4e97-117e-3cbf-e3ad2894f70d,https://www.wikidata.org/wiki/Q39055524#P577
https://en.wikipedia.org/wiki/BlazBlue:_Cross_Tag_Battle,Q39055524,2018-06-22,day,,Q46,Q39055524$b40f975a-45aa-928c-7840-92e7b62de58a,https://www.wikidata.org/wiki/Q39055524#P577
https://en.wikipedia.org/wiki/Block%27hood,Q23024065,2017-05-11,day,,,Q23024065$0647A42C-CB43-4ADA-9FE9-5E12B77F3D35,https://www.wikidata.org/wiki/Q23024065#P577
https://en.wikipedia.org/wiki/Blood_%26_Truth,Q64211940,2019-05-28,day,,,Q64211940$7caacd2e-4a91-adb6-b4f9-2a69e024ec09,https://www.wikidata.org/wiki/Q64211940#P577
https://en.wikipedia.org/wiki/Bloodborne,Q17154554,2015-03-24,day,,Q49,Q17154554$fbbeea3c-434d-6e65-a7d2-2d57228fb5d9,https://www.wikidata.org/wiki/Q17154554#P577
https://en.wikipedia.org/wiki/Bloodborne,Q17154554,2015-03-25,day,,Q46|Q408,Q17154554$daa7a247-4898-9cfc-2db8-f436ed545bdb,https://www.wikidata.org/wiki/Q17154554#P577
https://en.wikipedia.org/wiki/Bloodborne,Q17154554,2015-03-26,day,,Q17,Q17154554$5030e901-4ac8-c188-a886-fb96541378ff,https://www.wikidata.org/wiki/Q17154554#P577
https://en.wikipedia.org/wiki/Bloodborne,Q17154554,2015-03-27,day,,Q145,Q17154554$b9c596b6-4555-209e-698f-4678b81f982b,https://www.wikidata.org/wiki/Q17154554#P577
https://en.wikipedia.org/wiki/Blue_Prince,Q125131501,2025-04-10,day,Q63184502|Q1406|Q98973368,,Q125131501$c3b5f6d3-4f1f-453c-7998-c74f562cc6a6,https://www.wikidata.org/wiki/Q125131501#P577
https://en.wikipedia.org/wiki/Blue_Prince,Q125131501,2025-09-29,day,Q14116,,Q125131501$f1b8d41a-419b-e543-bc79-c7627af649b9,https://www.wikidata.org/wiki/Q125131501#P577
https://en.wikipedia.org/wiki/Blue_Prince,Q125131501,2026-03-03,day,Q122761124,,Q125131501$426c2c2b-40c6-50cf-e093-f7ecdea2124b,https://www.wikidata.org/wiki/Q125131501#P577
https://en.wikipedia.org/wiki/Bonelab,Q114172031,2022-09-29,day,,,Q114172031$a1e876c4-4ffa-ab7b-c7c9-e3cb6f895d62,https://www.wikidata.org/wiki/Q114172031#P577
https://en.wikipedia.org/wiki/Borderlands_3,Q62565771,2019-09-13,day,,Q13780930,Q62565771$8a292f09-415f-d7c1-8211-46c198d9c2b7,https://www.wikidata.org/wiki/Q62565771#P577
https://en.wikipedia.org/wiki/Boyfriend_Dungeon,Q74116685,2021-08-11,day,,Q13780930,Q74116685$68eacf74-4da2-85de-5ba3-16b1ac60dd10,https://www.wikidata.org/wiki/Q74116685#P577
https://en.wikipedia.org/wiki/Bravely_Default,Q2083917,2012-10-11,day,,,Q2083917$98778D86-743D-45AF-89C8-E9DB0839AFEC,https://www.wikidata.org/wiki/Q2083917#P577
https://en.wikipedia.org/wiki/Broken_Age,Q996649,2014-01-14,day,Q14116|Q1406|Q388,,Q996649$290259A6-F5FA-40EC-8898-F31F1084B4EF,https://www.wikidata.org/wiki/Q996649#P577
https://en.wikipedia.org/wiki/Broken_Age,Q996649,2014-01-28,day,Q14116|Q1406|Q388,,Q996649$9bfb51d6-41b0-0f3b-c8b7-39f556a0e7b9,https://www.wikidata.org/wiki/Q996649#P577
https://en.wikipedia.org/wiki/Broken_Age,Q996649,2014-06-11,day,Q48493,,Q996649$20d8cea0-4f45-2c67-dbac-1cbae8ef3c15,https://www.wikidata.org/wiki/Q996649#P577
https://en.wikipedia.org/wiki/Broken_Age,Q996649,2015-04-28,day,Q94,,Q996649$a9fa9814-4ad3-0c34-032d-b162b220aafd,https://www.wikidata.org/wiki/Q996649#P577
https://en.wikipedia.org/wiki/Broken_Age,Q996649,2015-04-28,day,Q1406|Q388|Q14116,Q49,Q996649$4be8c473-48ed-9276-26a9-db112f2caae4,https://www.wikidata.org/wiki/Q996649#P577
https://en.wikipedia.org/wiki/Broken_Age,Q996649,2015-04-28,day,Q48493,,Q996649$f17dbd51-4e2e-37e0-0273-c1ac8264d26e,https://www.wikidata.org/wiki/Q996649#P577
https://en.wikipedia.org/wiki/Broken_Age,Q996649,2015-04-28,day,Q5014725|Q188808,Q49,Q996649$0592e7ac-4596-db5b-eff3-20c97ad6b743,https://www.wikidata.org/wiki/Q996649#P577
https://en.wikipedia.org/wiki/Broken_Age,Q996649,2015-04-29,day,Q1406|Q14116|Q388,Q46,Q996649$77172386-4557-75e5-7dd7-c9252700de4a,https://www.wikidata.org/wiki/Q996649#P577
https://en.wikipedia.org/wiki/Broken_Age,Q996649,2015-04-29,day,Q5014725|Q188808,Q46,Q996649$260909cb-4593-7af5-0035-e766ccd93171,https://www.wikidata.org/wiki/Q996649#P577
https://en.wikipedia.org/wiki/Broken_Age,Q996649,2017-06-23,day,Q13361286,,Q996649$48e84945-4dc0-6c2f-06be-50e8bed97058,https://www.wikidata.org/wiki/Q996649#P577
https://en.wikipedia.org/wiki/Broken_Age,Q996649,2018-09-13,day,Q19610114,,Q996649$134813ab-41f4-630e-7725-178869b51885,https://www.wikidata.org/wiki/Q996649#P577
https://en.wikipedia.org/wiki/Broken_Age,Q996649,2018-09-13,day,Q19610114,,Q996649$983ffbd3-42c1-189f-fe9a-42a95de8e228,https://www.wikidata.org/wiki/Q996649#P577
"https://en.wikipedia.org/wiki/Bury_Me,_My_Love",Q63953247,2017-10-25,day,Q94|Q48493,,Q63953247$9411dec6-4e67-c978-3155-5350db539814,https://www.wikidata.org/wiki/Q63953247#P577
"https://en.wikipedia.org/wiki/Bury_Me,_My_Love",Q63953247,2019-01-10,day,Q1406|Q19610114,,Q63953247$b75fb8ed-4a8f-8f18-0b6a-0316c55f0421,https://www.wikidata.org/wiki/Q63953247#P577
https://en.wikipedia.org/wiki/Cadence_of_Hyrule,Q62128701,2019-06-13,day,,,Q62128701$8f5c7e35-49b7-833a-b9d3-7243f3d6c32a,https://www.wikidata.org/wiki/Q62128701#P577
https://en.wikipedia.org/wiki/Call_of_Duty:_Advanced_Warfare,Q16743064,2014-11-04,day,,,Q16743064$6DB025E6-35B1-4F3E-9C19-DAA30191CC6E,https://www.wikidata.org/wiki/Q16743064#P577
https://en.wikipedia.org/wiki/Call_of_Duty:_Black_Ops_4,Q50376633,2018-10-12,day,,,Q50376633$5cdf4cc3-4ba2-7cfb-388c-9e3505d39bcc,https://www.wikidata.org/wiki/Q50376633#P577
https://en.wikipedia.org/wiki/Call_of_Duty:_Black_Ops_6,Q125962931,2024-10-25,day,,Q13780930,Q125962931$aa6fdafe-4dce-e6ea-53a0-b1d7ff93f207,https://www.wikidata.org/wiki/Q125962931#P577
https://en.wikipedia.org/wiki/Call_of_Duty:_Black_Ops_III,Q19789342,2015-11-06,day,,,Q19789342$c229b106-41b3-b0fb-f9b7-31be9c1a7345,https://www.wikidata.org/wiki/Q19789342#P577
https://en.wikipedia.org/wiki/Call_of_Duty:_Mobile,Q64029241,2019-10-01,day,,,Q64029241$a4a384b8-446e-0ff2-14b9-acdc56b28e14,https://www.wikidata.org/wiki/Q64029241#P577
https://en.wikipedia.org/wiki/Call_of_Duty:_Modern_Warfare_(2019_video_game),Q64083878,2019-10-25,day,,Q13780930,Q64083878$2eec122f-4e6f-2fdc-fb9b-11352775384a,https://www.wikidata.org/wiki/Q64083878#P577
https://en.wikipedia.org/wiki/Call_of_Duty:_Modern_Warfare_II,Q110206584,2022-10-27,day,,,Q110206584-4972666F-84F6-4D5B-9828-AED6CE212A2C,https://www.wikidata.org/wiki/Q110206584#P577
https://en.wikipedia.org/wiki/Call_of_Duty:_Modern_Warfare_II,Q110206584,2022-10-28,day,,,Q110206584-37905796-402f-cbf7-899e-79a702bad61d,https://www.wikidata.org/wiki/Q110206584#P577
https://en.wikipedia.org/wiki/Call_of_Duty:_WWII,Q29577137,2017-11-03,day,,,Q29577137$a73fe4cb-4e68-fd2e-28cc-a5047882a342,https://www.wikidata.org/wiki/Q29577137#P577
https://en.wikipedia.org/wiki/Call_of_Duty:_Warzone_(2020_video_game),Q87416343,2020-03-10,day,,Q13780930,Q87416343$1C15AFF0-A525-4062-BF5F-AEF37A09899B,https://www.wikidata.org/wiki/Q87416343#P577
https://en.wikipedia.org/wiki/Capcom_Fighting_Collection_2,Q129925288,2025-05-16,day,,,Q129925288$F3838463-60C7-46BA-B691-71BDB0AEECB0,https://www.wikidata.org/wiki/Q129925288#P577
https://en.wikipedia.org/wiki/Carrion_(video_game),Q96418019,2020-07-23,day,,,Q96418019$c1d312d6-4503-1de3-2d3d-6d8c9d46fc27,https://www.wikidata.org/wiki/Q96418019#P577
https://en.wikipedia.org/wiki/Celeste_(video_game),Q28451532,2018-01-25,day,Q19610114|Q1406|Q14116|Q388|Q5014725,,Q28451532$70be3794-4291-4612-1d68-1beba1064ebf,https://www.wikidata.org/wiki/Q28451532#P577
https://en.wikipedia.org/wiki/Celeste_(video_game),Q28451532,2018-01-26,day,Q13361286,,Q28451532$fe303d5c-4265-d0ee-af89-52d587394a4f,https://www.wikidata.org/wiki/Q28451532#P577
https://en.wikipedia.org/wiki/Chants_of_Sennaar,Q122234668,2023-09-05,day,,,Q122234668$bc87fc3e-0221-4ebc-9424-4051514ee89f,https://www.wikidata.org/wiki/Q122234668#P577
https://en.wikipedia.org/wiki/Chicory:_A_Colorful_Tale,Q85751910,2021-06-10,day,Q1406|Q14116|Q5014725|Q63184502,,Q85751910$26badd3a-4b18-a676-5ea8-53cc851260d7,https://www.wikidata.org/wiki/Q85751910#P577
https://en.wikipedia.org/wiki/Chicory:_A_Colorful_Tale,Q85751910,2021-12-15,day,Q19610114,,Q85751910$82ceb7d3-467e-c402-730f-51897940a22c,https://www.wikidata.org/wiki/Q85751910#P577
https://en.wikipedia.org/wiki/Chicory:_A_Colorful_Tale,Q85751910,2023-05-30,day,Q13361286|Q98973368,,Q85751910$a0e0facc-449e-9fb9-7835-f0f806ec9361,https://www.wikidata.org/wiki/Q85751910#P577
https://en.wikipedia.org/wiki/Child_of_Light,Q16319370,2014-04-29,day,Q10683|Q5014725|Q56942,Q49,Q16319370$B03BCBAE-FF39-481D-BC18-0546250A85CE,https://www.wikidata.org/wiki/Q16319370#P577
https://en.wikipedia.org/wiki/Child_of_Light,Q16319370,2014-04-30,day,Q1406,Q49|Q46,Q16319370$70738576-4452-a063-75a3-5985d6c629b9,https://www.wikidata.org/wiki/Q16319370#P577
https://en.wikipedia.org/wiki/Child_of_Light,Q16319370,2014-04-30,day,Q56942,Q17,Q16319370$7c09d9f4-4be4-9eda-e319-475d18db7b2d,https://www.wikidata.org/wiki/Q16319370#P577
https://en.wikipedia.org/wiki/Child_of_Light,Q16319370,2014-04-30,day,Q48263,Q13780930,Q16319370$c1f57b8f-49fc-b4d9-fb32-fea88f05d299,https://www.wikidata.org/wiki/Q16319370#P577
https://en.wikipedia.org/wiki/Child_of_Light,Q16319370,2014-04-30,day,Q10683|Q5014725,Q46,Q16319370$6c0d6b68-4065-51bc-02b5-993da541333b,https://www.wikidata.org/wiki/Q16319370#P577
https://en.wikipedia.org/wiki/Child_of_Light,Q16319370,2014-04-30,day,Q13361286,Q49|Q2729044,Q16319370$bf863239-496d-40dc-2dcd-bf3bc7d5ccb7,https://www.wikidata.org/wiki/Q16319370#P577
https://en.wikipedia.org/wiki/Child_of_Light,Q16319370,2014-05-01,day,Q1406,Q408|Q17,Q16319370$7069bdbf-4e35-2b97-9448-cda582dace37,https://www.wikidata.org/wiki/Q16319370#P577
https://en.wikipedia.org/wiki/Child_of_Light,Q16319370,2014-05-01,day,Q10683|Q5014725,Q17|Q408,Q16319370$619a48a5-4165-cb14-4719-209ad3074ba9,https://www.wikidata.org/wiki/Q16319370#P577
https://en.wikipedia.org/wiki/Child_of_Light,Q16319370,2014-05-01,day,Q188808,Q408,Q16319370$cb0fd48c-4820-e835-008c-f44748bd7272,https://www.wikidata.org/wiki/Q16319370#P577
https://en.wikipedia.org/wiki/Child_of_Light,Q16319370,2014-05-01,day,Q56942,Q2729044,Q16319370$79b08cfd-4af0-8e73-7082-f974eaec60bb,https://www.wikidata.org/wiki/Q16319370#P577
https://en.wikipedia.org/wiki/Child_of_Light,Q16319370,2014-07-01,day,Q188808,Q49,Q16319370$074abdab-4231-cfdf-473b-b5848e0bc992,https://www.wikidata.org/wiki/Q16319370#P577
https://en.wikipedia.org/wiki/Child_of_Light,Q16319370,2014-07-02,day,Q188808,Q46,Q16319370$858b3aa3-4fb7-b6bb-9996-48203fccce1a,https://www.wikidata.org/wiki/Q16319370#P577
https://en.wikipedia.org/wiki/Child_of_Light,Q16319370,2014-07-31,day,Q188808,Q17,Q16319370$8206b717-48ca-abe4-c1a8-1b48da0a7b06,https://www.wikidata.org/wiki/Q16319370#P577
https://en.wikipedia.org/wiki/Child_of_Light,Q16319370,2014-09-04,day,Q48263,Q17,Q16319370$0d9751d4-4bd6-f953-2b21-68ad7af4af7b,https://www.wikidata.org/wiki/Q16319370#P577
https://en.wikipedia.org/wiki/Child_of_Light,Q16319370,2015-03-31,day,Q188808,Q49,Q16319370$723948ae-422b-bf0c-0ee4-48d2c9ebbc46,https://www.wikidata.org/wiki/Q16319370#P577
https://en.wikipedia.org/wiki/Chivalry_II,Q64590208,2021-06-08,day,,,Q64590208-c96a187f-480a-12c1-ce53-7f698d4212f6,https://www.wikidata.org/wiki/Q64590208#P577
https://en.wikipedia.org/wiki/Cibele_(video_game),Q22019703,2015-11-02,day,,,Q22019703$D51F1DA2-D4CC-40AA-80DE-261C2D1090EF,https://www.wikidata.org/wiki/Q22019703#P577
https://en.wikipedia.org/wiki/Cities:_Skylines_II,Q116995799,2023-10-24,day,Q1406,Q13780930,Q116995799$860b230b-4aee-f34c-50fb-fe8aa1dd84bb,https://www.wikidata.org/wiki/Q116995799#P577
https://en.wikipedia.org/wiki/Citizen_Sleeper,Q111926668,2022-05-05,day,Q13361286|Q98973368|Q1406|Q19610114,,Q111926668$c13ff9ba-4707-cf11-4915-551675f74a8f,https://www.wikidata.org/wiki/Q111926668#P577
https://en.wikipedia.org/wiki/Citizen_Sleeper,Q111926668,2023-03-31,day,,,Q111926668$5A3F6786-85A8-42C5-8F4B-334796EC4108,https://www.wikidata.org/wiki/Q111926668#P577
https://en.wikipedia.org/wiki/Citizen_Sleeper,Q111926668,2026-06-25,day,Q122761124,,Q111926668$15ce0948-4143-7a1c-8b19-1fd3ec9a8e56,https://www.wikidata.org/wiki/Q111926668#P577
https://en.wikipedia.org/wiki/Civilization_VI,Q24050047,2016-10-21,day,Q1406,Q13780930,Q24050047$ebe78430-4e33-2fea-a67b-25028c00d7b1,https://www.wikidata.org/wiki/Q24050047#P577
https://en.wikipedia.org/wiki/Civilization_VI,Q24050047,2016-10-24,day,Q14116,Q13780930,Q24050047$5b51ec3f-47d2-e200-4396-16cf7c96f087,https://www.wikidata.org/wiki/Q24050047#P577
https://en.wikipedia.org/wiki/Civilization_VI,Q24050047,2017-02-09,day,Q388,Q13780930,Q24050047$8d68eac7-488f-0f3d-9861-d9910bc05dff,https://www.wikidata.org/wiki/Q24050047#P577
https://en.wikipedia.org/wiki/Civilization_VI,Q24050047,2017-12-21,day,Q64350339,Q13780930,Q24050047$949ba422-486b-5429-1a65-b88ad483766f,https://www.wikidata.org/wiki/Q24050047#P577
https://en.wikipedia.org/wiki/Civilization_VI,Q24050047,2018-10-04,day,Q48493,Q13780930,Q24050047$56b615ce-40c4-5a83-adee-08020b386980,https://www.wikidata.org/wiki/Q24050047#P577
https://en.wikipedia.org/wiki/Civilization_VI,Q24050047,2018-11-16,day,Q19610114,Q13780930,Q24050047$c0190562-4b53-d0bd-1423-f30938c91bcf,https://www.wikidata.org/wiki/Q24050047#P577
https://en.wikipedia.org/wiki/Civilization_VI,Q24050047,2019-11-22,day,Q5014725|Q13361286,,Q24050047$e58fb040-47e6-7a0c-09cc-389611fec544,https://www.wikidata.org/wiki/Q24050047#P577
https://en.wikipedia.org/wiki/Civilization_VII,Q126405953,2025-02-06,day,,,Q126405953$3b58882e-4c53-dfd9-5c7d-74474429fdc6,https://www.wikidata.org/wiki/Q126405953#P577
https://en.wikipedia.org/wiki/Civilization_VII,Q126405953,2025-02-11,day,,,Q126405953$e46fdbaf-4a7a-a556-8547-0dd883994728,https://www.wikidata.org/wiki/Q126405953#P577
https://en.wikipedia.org/wiki/Civilization_VII,Q126405953,2025-06-05,day,Q122761124,,Q126405953$89384a3b-4a39-e758-a425-9037df14914d,https://www.wikidata.org/wiki/Q126405953#P577
https://en.wikipedia.org/wiki/Clair_Obscur:_Expedition_33,Q126462072,2025-04-24,day,,Q13780930,Q126462072$0e943d23-481d-5950-4a0e-4c09158b6ec0,https://www.wikidata.org/wiki/Q126462072#P577
https://en.wikipedia.org/wiki/Clash_Royale,Q22095476,2016-03-02,day,,Q13780930,Q22095476$d30cb477-43b5-2936-68e2-f143c05b9b13,https://www.wikidata.org/wiki/Q22095476#P577
https://en.wikipedia.org/wiki/Cocoon_(video_game),Q112618750,2023-09-29,day,Q1406,,Q112618750$bf210b5c-448f-0aa4-4203-81add407926f,https://www.wikidata.org/wiki/Q112618750#P577
https://en.wikipedia.org/wiki/Company_of_Heroes_3,Q107518015,2023-02-23,day,Q1406,Q13780930,Q107518015$f8b2f720-4c15-2b46-d260-2dc8ae438119,https://www.wikidata.org/wiki/Q107518015#P577
https://en.wikipedia.org/wiki/Company_of_Heroes_3,Q107518015,2023-05-30,day,Q63184502|Q98973368,Q13780930,Q107518015$57a48f69-4d2f-0a99-9a11-8f355aab93b6,https://www.wikidata.org/wiki/Q107518015#P577
https://en.wikipedia.org/wiki/Company_of_Heroes_3,Q107518015,2022,year,,Q13780930,Q107518015$aedc2dce-4c59-213d-00ad-b56447df8b91,https://www.wikidata.org/wiki/Q107518015#P577
https://en.wikipedia.org/wiki/Concrete_Genie,Q55608276,2019-10-08,day,,Q49,Q55608276$068d9272-4508-0960-8f8c-ab625b88e9c6,https://www.wikidata.org/wiki/Q55608276#P577
https://en.wikipedia.org/wiki/Concrete_Genie,Q55608276,2019-10-09,day,,Q46,Q55608276$625a9bd4-4d5b-78b9-4a8b-6c275539cceb,https://www.wikidata.org/wiki/Q55608276#P577
https://en.wikipedia.org/wiki/Control_(video_game),Q54935655,2019-08-27,day,Q5014725|Q13361286|Q1406,Q13780930,Q54935655$38B8E7D8-41BE-43E2-9DAD-FE0FA937D788,https://www.wikidata.org/wiki/Q54935655#P577
https://en.wikipedia.org/wiki/Control_(video_game),Q54935655,2020-10-28,day,Q19610114,Q13780930,Q54935655$cb7fa25a-435d-1aa1-dd46-fba214d98771,https://www.wikidata.org/wiki/Q54935655#P577
https://en.wikipedia.org/wiki/Control_(video_game),Q54935655,2021-02-02,day,Q63184502|Q98973368,Q13780930,Q54935655$3fc41f36-4aca-b117-32e5-11d2ac277777,https://www.wikidata.org/wiki/Q54935655#P577
https://en.wikipedia.org/wiki/Counter-Strike:_Global_Offensive,Q842146,2012-08-21,day,Q1406|Q14116|Q48263|Q10683,,Q842146$45E7DFFE-5893-4BBD-95D9-6235CBBD42FF,https://www.wikidata.org/wiki/Q842146#P577
https://en.wikipedia.org/wiki/Counter-Strike:_Global_Offensive,Q842146,2014-09-22,day,Q388,,Q842146$c98cce5f-46e1-6da7-c548-89404754374d,https://www.wikidata.org/wiki/Q842146#P577
https://en.wikipedia.org/wiki/Counter-Strike_2,Q111165107,2023-09-27,day,,Q13780930,Q111165107$9FB9CE9C-ED8F-42A5-AF8D-41937E6C59EC,https://www.wikidata.org/wiki/Q111165107#P577
https://en.wikipedia.org/wiki/Crash_Bandicoot_4:_It%27s_About_Time,Q96574138,2020-10-02,day,,Q13780930,Q96574138$6479eaeb-4091-d2b8-7ce1-299209687f2e,https://www.wikidata.org/wiki/Q96574138#P577
https://en.wikipedia.org/wiki/Crash_Team_Racing_Nitro-Fueled,Q59594323,2019-06-21,day,,,Q59594323$cecc7ece-4ff0-96e3-193c-8d8965e85444,https://www.wikidata.org/wiki/Q59594323#P577
https://en.wikipedia.org/wiki/Crash_Team_Racing_Nitro-Fueled,Q59594323,2019-06-27,day,,,Q59594323$747b581a-4632-b039-c452-093476ae9e54,https://www.wikidata.org/wiki/Q59594323#P577
https://en.wikipedia.org/wiki/Crusader_Kings_III,Q71701894,2020-09-01,day,Q1406|Q388|Q14116,Q13780930,Q71701894$6aa205b3-472d-8c27-9fd9-af63f677635b,https://www.wikidata.org/wiki/Q71701894#P577
https://en.wikipedia.org/wiki/Crusader_Kings_III,Q71701894,2022-03-29,day,Q63184502|Q98973368,Q13780930,Q71701894$cbf648d9-4515-ea12-fb7b-e6bc22d90ca3,https://www.wikidata.org/wiki/Q71701894#P577
https://en.wikipedia.org/wiki/Cult_of_the_Lamb,Q108273566,2022-08-11,day,,Q13780930,Q108273566$6c384853-4a34-2774-9597-ac9814ea83ab,https://www.wikidata.org/wiki/Q108273566#P577
https://en.wikipedia.org/wiki/Cuphead,Q18149495,2017-09-29,day,Q1406|Q13361286,,Q18149495$B8B92B6D-57A3-40FB-B17F-07B38CB19AEA,https://www.wikidata.org/wiki/Q18149495#P577
https://en.wikipedia.org/wiki/Cuphead,Q18149495,2018-10-19,day,Q14116,,Q18149495$9648fa4a-483a-75fa-dbe1-e4f2ba22a51b,https://www.wikidata.org/wiki/Q18149495#P577
https://en.wikipedia.org/wiki/Cuphead,Q18149495,2019-04-18,day,Q19610114,,Q18149495$da749ba6-4e71-fada-d9c9-4b94369b9624,https://www.wikidata.org/wiki/Q18149495#P577
https://en.wikipedia.org/wiki/Cuphead,Q18149495,2020,year,Q5014725,Q13780930,Q18149495$5c869b4c-4f1f-1dff-2bcd-3ccb4226e597,https://www.wikidata.org/wiki/Q18149495#P577
https://en.wikipedia.org/wiki/Cyberpunk_2077,Q3182559,2020-12-10,day,Q5014725|Q13361286|Q1406,Q13780930,Q3182559$598d6f7b-4ced-6acc-e22b-4c4e89f02a36,https://www.wikidata.org/wiki/Q3182559#P577
https://en.wikipedia.org/wiki/Cyberpunk_2077,Q3182559,2022-02-15,day,Q63184502|Q98973368,,Q3182559$9334fd3b-47d5-030f-e2a6-d3a4ab59e88a,https://www.wikidata.org/wiki/Q3182559#P577
https://en.wikipedia.org/wiki/Cyberpunk_2077,Q3182559,2025-07-17,day,Q14116,Q13780930,Q3182559$f64e1207-4ad2-fbeb-a159-6b6af2cd8e60,https://www.wikidata.org/wiki/Q3182559#P577
https://en.wikipedia.org/wiki/Cyberpunk_2077:_Phantom_Liberty,Q113826614,2023-09-26,day,,Q13780930,Q113826614$5b0558da-49c7-dc89-8ab5-a805d7acb2c9,https://www.wikidata.org/wiki/Q113826614#P577
https://en.wikipedia.org/wiki/Cyberpunk_2077:_Phantom_Liberty,Q113826614,2025,year,Q14116,Q13780930,Q113826614$7a919c6e-4979-646f-82a4-895d1ddacdee,https://www.wikidata.org/wiki/Q113826614#P577
https://en.wikipedia.org/wiki/DNF_Duel,Q104522419,2022-06-28,day,Q5014725|Q63184502|Q1406,Q13780930,Q104522419$4741bb0c-4583-fa71-7ff3-b534061c638f,https://www.wikidata.org/wiki/Q104522419#P577
https://en.wikipedia.org/wiki/DNF_Duel,Q104522419,2023-04-20,day,Q19610114,Q13780930,Q104522419$6ffa4b49-4048-f863-df38-eeae429aecd8,https://www.wikidata.org/wiki/Q104522419#P577
https://en.wikipedia.org/wiki/Dark_Souls_II,Q3702740,2014-03-11,day,,,Q3702740$02DC57A1-2120-4887-A5B5-A61A02806635,https://www.wikidata.org/wiki/Q3702740#P577
https://en.wikipedia.org/wiki/Dark_Souls_II,Q3702740,2015-04-07,day,,,Q3702740$17269ca8-4468-501d-6ddf-45dc4ac23e94,https://www.wikidata.org/wiki/Q3702740#P577
https://en.wikipedia.org/wiki/Dark_Souls_III,Q20112508,2016-03-24,day,,Q17,Q20112508$5e287acd-4ebf-b67e-1f10-eb15c99182fa,https://www.wikidata.org/wiki/Q20112508#P577
https://en.wikipedia.org/wiki/Dark_Souls_III,Q20112508,2016-04-12,day,,Q13780930,Q20112508$00653de7-4b31-0a97-f2bb-fa3210a9accb,https://www.wikidata.org/wiki/Q20112508#P577
https://en.wikipedia.org/wiki/Dave_the_Diver,Q114995908,2022-10-27,day,Q1406,,Q114995908$9d2ca79e-41e0-44e9-a137-122d6aa5b417,https://www.wikidata.org/wiki/Q114995908#P577
https://en.wikipedia.org/wiki/Dave_the_Diver,Q114995908,2023-06-28,day,Q1406|Q14116,,Q114995908$de8bff54-4fd6-3977-6904-cab932534369,https://www.wikidata.org/wiki/Q114995908#P577
https://en.wikipedia.org/wiki/Dave_the_Diver,Q114995908,2023-10-26,day,Q19610114,,Q114995908$821d7723-4251-d175-3998-6dc8a982a60f,https://www.wikidata.org/wiki/Q114995908#P577
https://en.wikipedia.org/wiki/Dave_the_Diver,Q114995908,2024-04-16,day,Q63184502|Q5014725,,Q114995908$45aa21ef-4271-b8bd-ccc4-8774e38c9258,https://www.wikidata.org/wiki/Q114995908#P577
https://en.wikipedia.org/wiki/Dave_the_Diver,Q114995908,2025-11-06,day,Q122761124,,Q114995908$872d178b-4a1c-7c5e-da40-915bb5cefe85,https://www.wikidata.org/wiki/Q114995908#P577
https://en.wikipedia.org/wiki/Dave_the_Diver,Q114995908,2025-11-20,day,Q98973368,,Q114995908$19baf9f1-4a5e-e38f-6aad-1170c412d529,https://www.wikidata.org/wiki/Q114995908#P577
https://en.wikipedia.org/wiki/Dave_the_Diver,Q114995908,2026-09-17,day,Q94|Q48493,,Q114995908$f45a8493-4aea-b227-aa9f-82708ad2fe8d,https://www.wikidata.org/wiki/Q114995908#P577
https://en.wikipedia.org/wiki/Dead_Cells,Q30639210,2017-05-10,day,Q1406,,Q30639210$687f3afd-400c-b9c7-6db4-800b05fbfa20,https://www.wikidata.org/wiki/Q30639210#P577
https://en.wikipedia.org/wiki/Dead_Cells,Q30639210,2018-06-26,day,Q14116|Q388,,Q30639210$b5787e3d-4e66-7929-c49b-b8cfe6d92c99,https://www.wikidata.org/wiki/Q30639210#P577
https://en.wikipedia.org/wiki/Dead_Cells,Q30639210,2018-08-07,day,Q19610114|Q5014725|Q13361286|Q1406,,Q30639210$C391FC53-B31D-47C1-A59A-7AB79642D607,https://www.wikidata.org/wiki/Q30639210#P577
https://en.wikipedia.org/wiki/Dead_Cells,Q30639210,2019-08-28,day,Q48493,,Q30639210$30b5418f-4641-e9a3-99bb-12b6bef4066f,https://www.wikidata.org/wiki/Q30639210#P577
https://en.wikipedia.org/wiki/Dead_Cells,Q30639210,2020-06-03,day,Q94,,Q30639210$93e270d5-4350-4c51-4c5e-d4b2204d141c,https://www.wikidata.org/wiki/Q30639210#P577
https://en.wikipedia.org/wiki/Dead_Island_2,Q17167727,2023-02-03,day,,Q13780930,Q17167727$865b1f1c-4cb3-8334-6447-a062af13e5a7,https://www.wikidata.org/wiki/Q17167727#P577
https://en.wikipedia.org/wiki/Dead_Island_2,Q17167727,2023-04-21,day,Q1406|Q5014725|Q63184502|Q13361286|Q98973368,Q13780930,Q17167727$caf8fe34-4463-99d0-8cee-c3801bbad84c,https://www.wikidata.org/wiki/Q17167727#P577
https://en.wikipedia.org/wiki/Dead_Island_2,Q17167727,2025-07-24,day,Q14116,Q13780930,Q17167727$467196b7-465f-6308-7918-8f6716c4d909,https://www.wikidata.org/wiki/Q17167727#P577
https://en.wikipedia.org/wiki/Dead_Space_(2023_video_game),Q107616212,2023-01-27,day,,Q13780930,Q107616212$1cbbd08a-4eaa-f6b3-f95e-e9dde450500b,https://www.wikidata.org/wiki/Q107616212#P577
https://en.wikipedia.org/wiki/Dead_Space_(2023_video_game),Q107616212,2023,year,,Q13780930,Q107616212$0f438be1-4f9c-b6ad-933f-7125ce3b7778,https://www.wikidata.org/wiki/Q107616212#P577
https://en.wikipedia.org/wiki/Dead_or_Alive_6,Q56322867,2019-02-15,day,,,Q56322867$F3C8C4AC-6776-404B-8196-1135C0362E35,https://www.wikidata.org/wiki/Q56322867#P577
https://en.wikipedia.org/wiki/Dead_or_Alive_6,Q56322867,2019-03-01,day,Q5014725|Q13361286|Q1406,Q13780930,Q56322867$1d728d32-48c8-5376-5d5c-de7eecdc79fc,https://www.wikidata.org/wiki/Q56322867#P577
https://en.wikipedia.org/wiki/Dead_or_Alive_6,Q56322867,2019-07-18,day,Q192851,Q17,Q56322867$ce387eb5-4c8c-6d49-675a-66c9de1a4dcf,https://www.wikidata.org/wiki/Q56322867#P577
https://en.wikipedia.org/wiki/Death%27s_Door_(video_game),Q107376501,2021-07-20,day,,Q13780930,Q107376501$e9fc23ca-4463-9f1d-3440-ace8692cfddb,https://www.wikidata.org/wiki/Q107376501#P577
https://en.wikipedia.org/wiki/Death_Stranding,Q24666782,2019-11-08,day,Q5014725,Q13780930,Q24666782$9c2a31bc-462f-c93a-2978-ac05782f07ab,https://www.wikidata.org/wiki/Q24666782#P577
https://en.wikipedia.org/wiki/Death_Stranding,Q24666782,2020-07-17,day,Q1406,Q13780930,Q24666782$bd331beb-4b24-a061-69c7-f7309da190d5,https://www.wikidata.org/wiki/Q24666782#P577
https://en.wikipedia.org/wiki/Death_Stranding_2:_On_the_Beach,Q115641709,2025-06-26,day,,Q13780930,Q115641709$4c3b1658-417c-9766-6aee-01b1b38adf8f,https://www.wikidata.org/wiki/Q115641709#P577
https://en.wikipedia.org/wiki/Deathloop,Q96240037,2021-09-14,day,,Q13780930,Q96240037$6c659432-4478-273a-50ba-0ec5dd871457,https://www.wikidata.org/wiki/Q96240037#P577
https://en.wikipedia.org/wiki/Deathloop,Q96240037,2022-09-20,day,Q98973368,,Q96240037$35058b28-437a-cf40-12be-83aec75e5d97,https://www.wikidata.org/wiki/Q96240037#P577
https://en.wikipedia.org/wiki/Demon_Slayer:_Kimetsu_no_Yaiba_%E2%80%93_The_Hinokami_Chronicles,Q107367351,2021-10-14,day,,Q17,Q107367351$fe619842-44ea-113f-b78c-655fe6228fad,https://www.wikidata.org/wiki/Q107367351#P577
https://en.wikipedia.org/wiki/Demon_Slayer:_Kimetsu_no_Yaiba_%E2%80%93_The_Hinokami_Chronicles,Q107367351,2021-10-15,day,Q13361286|Q98973368,Q13780930,Q107367351$2ae78a67-49ae-46c2-29bf-60e727a4da65,https://www.wikidata.org/wiki/Q107367351#P577
https://en.wikipedia.org/wiki/Demon_Slayer:_Kimetsu_no_Yaiba_%E2%80%93_The_Hinokami_Chronicles,Q107367351,2021-10-15,day,,,Q107367351$53235BC8-632A-4472-8002-A312BC6B112A,https://www.wikidata.org/wiki/Q107367351#P577
https://en.wikipedia.org/wiki/Despelote,Q124526760,2025-05-01,day,,,Q124526760$41fc53ce-4f82-cb60-3250-e08b6f2834ca,https://www.wikidata.org/wiki/Q124526760#P577
https://en.wikipedia.org/wiki/Desperados_III,Q91906298,2020-06-16,day,,Q13780930,Q91906298$c4a26f08-45c7-6bd7-101a-8a267350c6a2,https://www.wikidata.org/wiki/Q91906298#P577
https://en.wikipedia.org/wiki/Destiny:_Rising,Q131153558,2025-08-28,day,,,Q131153558$b16ffaa1-4f35-d8d1-2105-3ee3c026181d,https://www.wikidata.org/wiki/Q131153558#P577
https://en.wikipedia.org/wiki/Destiny:_The_Taken_King,Q20992360,2015-09-15,day,,,Q20992360$014BF93F-ADD0-4800-BD3F-2BCE35D0F9C0,https://www.wikidata.org/wiki/Q20992360#P577
https://en.wikipedia.org/wiki/Destiny_(video_game),Q210275,2014-09-09,day,,,Q210275$bfd20eac-478a-53bf-d603-037cf1a829a0,https://www.wikidata.org/wiki/Q210275#P577
https://en.wikipedia.org/wiki/Destiny_2,Q29045915,2017-09-06,day,,,Q29045915$a2fccb2d-4760-d6df-ec80-2364262a7233,https://www.wikidata.org/wiki/Q29045915#P577
https://en.wikipedia.org/wiki/Destiny_2:_Beyond_Light,Q97930215,2020-11-10,day,,,Q97930215$ce3199be-4f37-5fce-0be2-d2231b696376,https://www.wikidata.org/wiki/Q97930215#P577
https://en.wikipedia.org/wiki/Destiny_2:_Forsaken,Q58447640,2018-09-04,day,,Q13780930,Q58447640$24ed74f4-42cd-6fa4-1a58-80beea6d2610,https://www.wikidata.org/wiki/Q58447640#P577
https://en.wikipedia.org/wiki/Destiny_2:_The_Final_Shape,Q118645681,2024-06-04,day,,Q13780930,Q118645681$673486E7-7F1E-4670-BC87-BC9B7A726199,https://www.wikidata.org/wiki/Q118645681#P577
https://en.wikipedia.org/wiki/Destiny_2:_The_Witch_Queen,Q108532561,2022-02-22,day,,,Q108532561$8bc829af-9e16-4a1d-98a6-11cc48fbc41b,https://www.wikidata.org/wiki/Q108532561#P577
https://en.wikipedia.org/wiki/Detroit:_Become_Human,Q21246348,2018-05-25,day,Q5014725,,Q21246348$f481af73-4d1e-6c65-74a9-116b8a97529c,https://www.wikidata.org/wiki/Q21246348#P577
https://en.wikipedia.org/wiki/Detroit:_Become_Human,Q21246348,2019-12-12,day,Q1406,,Q21246348$39caace8-4902-6cb5-dba5-4a0de7711390,https://www.wikidata.org/wiki/Q21246348#P577
https://en.wikipedia.org/wiki/Deus_Ex:_Mankind_Divided,Q19772510,2016-08-23,day,,,Q19772510$0801f59a-4a65-ba63-564f-e339503c204b,https://www.wikidata.org/wiki/Q19772510#P577
https://en.wikipedia.org/wiki/Devil_May_Cry_5,Q55076932,2019-03-08,day,,,Q55076932$063364a7-4c7b-eff7-02a1-d4e042df407b,https://www.wikidata.org/wiki/Q55076932#P577
https://en.wikipedia.org/wiki/Diablo_IV,Q73154387,2023-06-06,day,,Q13780930,Q73154387$0c530319-4bc3-305f-61d1-4bc20970380d,https://www.wikidata.org/wiki/Q73154387#P577
https://en.wikipedia.org/wiki/Diablo_IV:_Vessel_of_Hatred,Q124062005,2024-10-07,day,,,Q124062005$ab4f237d-43ab-f6b9-089e-398178ebe012,https://www.wikidata.org/wiki/Q124062005#P577
https://en.wikipedia.org/wiki/Diablo_Immortal,Q58217063,2022-06-30,day,Q48493,,Q58217063$e89c7570-4c56-7e83-5ded-d0c71ae8f739,https://www.wikidata.org/wiki/Q58217063#P577
https://en.wikipedia.org/wiki/Diablo_Immortal,Q58217063,2022,year,,,Q58217063$fbb4d6ce-4416-1322-121f-046440e0c6d7,https://www.wikidata.org/wiki/Q58217063#P577
https://en.wikipedia.org/wiki/Dirt_5,Q93641348,2020-11-06,day,Q5014725|Q13361286|Q1406,Q13780930,Q93641348$cd687b21-4d0b-9d6c-f65f-e1fd6b48daf3,https://www.wikidata.org/wiki/Q93641348#P577
https://en.wikipedia.org/wiki/Dirt_5,Q93641348,2020-11-12,day,Q63184502|Q98973368,Q13780930,Q93641348$ceaf26c3-41d8-fc0b-58ab-77d332ed4ca9,https://www.wikidata.org/wiki/Q93641348#P577
https://en.wikipedia.org/wiki/Dirt_Rally_2.0,Q59627588,2019-02-26,day,,,Q59627588$4879423a-4cab-3970-f9cd-20279f837c25,https://www.wikidata.org/wiki/Q59627588#P577
https://en.wikipedia.org/wiki/Disco_Elysium,Q71693825,2019-10-15,day,Q1406,,Q71693825$c9df0d9b-4cac-daf8-8789-44ee66fd38bd,https://www.wikidata.org/wiki/Q71693825#P577
https://en.wikipedia.org/wiki/Disco_Elysium,Q71693825,2020-04-27,day,Q14116,,Q71693825$44ca4ba0-4160-f6f3-db95-c58000c5cadb,https://www.wikidata.org/wiki/Q71693825#P577
https://en.wikipedia.org/wiki/Disco_Elysium,Q71693825,2021-03-30,day,Q5014725|Q63184502,,Q71693825$8278cf2c-4cd8-73ae-5486-47f1da206ce8,https://www.wikidata.org/wiki/Q71693825#P577
https://en.wikipedia.org/wiki/Disco_Elysium,Q71693825,2021-10-12,day,Q19610114|Q13361286,,Q71693825$5adcb191-42de-6ad9-5ec5-918c7c48be14,https://www.wikidata.org/wiki/Q71693825#P577
https://en.wikipedia.org/wiki/Dishonored_2,Q20095751,2016-11-11,day,,,Q20095751$BDC0EC91-C7B8-4B49-B4A3-B705BFF71C4B,https://www.wikidata.org/wiki/Q20095751#P577
https://en.wikipedia.org/wiki/Disney_Illusion_Island,Q113875958,2023-07-28,day,Q19610114,Q13780930,Q113875958$c1ab35f3-46c7-9800-a858-324ffa8280d9,https://www.wikidata.org/wiki/Q113875958#P577
https://en.wikipedia.org/wiki/Disney_Illusion_Island,Q113875958,2025-05-30,day,Q63184502|Q98973368|Q1406,Q13780930,Q113875958$101ff936-4a07-03c5-b7ab-e2851bca38a9,https://www.wikidata.org/wiki/Q113875958#P577
https://en.wikipedia.org/wiki/Disney_Infinity:_Marvel_Super_Heroes,Q16971686,2014,year,,,Q16971686-A64E9461-0B57-47FE-BEC6-DCD8D9398B65,https://www.wikidata.org/wiki/Q16971686#P577
https://en.wikipedia.org/wiki/Disney_Infinity_3.0,Q19861433,2015,year,,,Q19861433$EA866CF1-E64D-4409-AF38-AA1CB6880083,https://www.wikidata.org/wiki/Q19861433#P577
https://en.wikipedia.org/wiki/Dispatch_(video_game),Q131436199,2025-10-22,day,Q63184502|Q1406,Q13780930,Q131436199$486558bf-4247-d457-f447-ea2f1c115384,https://www.wikidata.org/wiki/Q131436199#P577
https://en.wikipedia.org/wiki/Dispatch_(video_game),Q131436199,2026-01-28,day,Q122761124|Q19610114,Q13780930,Q131436199$a40041df-4210-ef62-d5b1-c0ebe83ea58f,https://www.wikidata.org/wiki/Q131436199#P577
https://en.wikipedia.org/wiki/Dispatch_(video_game),Q131436199,2026-09-29,day,Q98973368,Q13780930,Q131436199$1b7d0901-4372-b8ed-b864-f96f6a07b975,https://www.wikidata.org/wiki/Q131436199#P577
https://en.wikipedia.org/wiki/Divinity:_Original_Sin,Q5284389,2014-06-30,day,,,Q5284389$ED998761-1F9E-4D4F-B297-0D1B9FFADCC4,https://www.wikidata.org/wiki/Q5284389#P577
https://en.wikipedia.org/wiki/Divinity:_Original_Sin_II,Q20899735,2017-09-14,day,,,Q20899735$7111b8ad-495c-4ba3-0186-25f386d0f263,https://www.wikidata.org/wiki/Q20899735#P577
https://en.wikipedia.org/wiki/Donkey_Kong_Bananza,Q133804475,2025-07-17,day,,,Q133804475$780fc494-4084-5c2b-3015-1c0f58e47663,https://www.wikidata.org/wiki/Q133804475#P577
https://en.wikipedia.org/wiki/Donut_County,Q19627412,2018-08-28,day,,,Q19627412$26f80d2c-4301-6f24-b300-509045c12e4b,https://www.wikidata.org/wiki/Q19627412#P577
https://en.wikipedia.org/wiki/Doom:_The_Dark_Ages,Q126091569,2025-05-15,day,,Q13780930,Q126091569$9e3b9491-4784-8110-d2d0-f9747227a882,https://www.wikidata.org/wiki/Q126091569#P577
https://en.wikipedia.org/wiki/Doom_(2016_video_game),Q513867,2016-05-13,day,Q5014725|Q13361286|Q1406,,Q513867$b2fcfb96-44fb-e945-2f92-9ce92f34ab83,https://www.wikidata.org/wiki/Q513867#P577
https://en.wikipedia.org/wiki/Doom_(2016_video_game),Q513867,2017-11-10,day,Q123392577,,Q513867$4026f548-43a4-0788-32eb-d931b231b488,https://www.wikidata.org/wiki/Q513867#P577
https://en.wikipedia.org/wiki/Doom_Eternal,Q55662649,2020-03-20,day,,Q13780930,Q55662649$1de3ae21-4884-7d1b-d765-53663fa709da,https://www.wikidata.org/wiki/Q55662649#P577
https://en.wikipedia.org/wiki/Dota_2,Q771541,2013-07-09,day,,,Q771541$D6CE70A7-D9A0-46D0-A819-FFAD87C6402D,https://www.wikidata.org/wiki/Q771541#P577
https://en.wikipedia.org/wiki/Downwell_(video_game),Q21198154,2015-10-15,day,,,Q21198154$cbf5e4d1-4afe-d17f-eef7-71c4bbf62700,https://www.wikidata.org/wiki/Q21198154#P577
https://en.wikipedia.org/wiki/Dragon%27s_Dogma_2,Q112609559,2024-03-22,day,,Q13780930,Q112609559$09dbb272-48d6-e179-e710-0d930b82d0f2,https://www.wikidata.org/wiki/Q112609559#P577
https://en.wikipedia.org/wiki/Dragon_Age:_Inquisition,Q4037583,2014-11-18,day,,,Q4037583$407C8B69-364E-460D-8051-0D37DF713D6B,https://www.wikidata.org/wiki/Q4037583#P577
https://en.wikipedia.org/wiki/Dragon_Age:_The_Veilguard,Q104651901,2024-10-31,day,,Q13780930,Q104651901$5fcf8c18-46d8-5aec-f94f-471ca3e3784d,https://www.wikidata.org/wiki/Q104651901#P577
https://en.wikipedia.org/wiki/Dragon_Ball:_Sparking!_Zero,Q123698967,2024-10-10,day,,Q17,Q123698967$da2d9e1b-4d19-a1b7-c13b-ee27fc618127,https://www.wikidata.org/wiki/Q123698967#P577
https://en.wikipedia.org/wiki/Dragon_Ball:_Sparking!_Zero,Q123698967,2024-10-11,day,,Q13780930,Q123698967$8d947dc3-4404-41a7-6592-9764fae6d73d,https://www.wikidata.org/wiki/Q123698967#P577
https://en.wikipedia.org/wiki/Dragon_Ball_FighterZ,Q30246735,2018-01-26,day,,,Q30246735$3457d490-4aab-07e7-97ff-688f0219ec91,https://www.wikidata.org/wiki/Q30246735#P577
https://en.wikipedia.org/wiki/Dragon_Quest_Builders,Q20679959,2016-01-28,day,Q10683,Q17,Q20679959$3c54d04f-4316-51c9-5d24-a89663c2581d,https://www.wikidata.org/wiki/Q20679959#P577
https://en.wikipedia.org/wiki/Dragon_Quest_Builders,Q20679959,2016-01-28,day,Q5014725|Q188808,Q17,Q20679959$a8289ec2-4333-e281-f658-f39a80bac699,https://www.wikidata.org/wiki/Q20679959#P577
https://en.wikipedia.org/wiki/Dragon_Quest_Builders,Q20679959,2016-10-11,day,Q5014725|Q188808,Q49,Q20679959$d60b8ccd-427b-066e-a76f-a02f21462449,https://www.wikidata.org/wiki/Q20679959#P577
https://en.wikipedia.org/wiki/Dragon_Quest_Builders,Q20679959,2016-10-14,day,Q5014725|Q188808,Q2729044,Q20679959$bd844f55-4069-97f9-eb12-1608e12c68b1,https://www.wikidata.org/wiki/Q20679959#P577
https://en.wikipedia.org/wiki/Dragon_Quest_Builders,Q20679959,2018-02-09,day,Q19610114,,Q20679959$bf84fabd-4c15-2872-445f-add0007c0110,https://www.wikidata.org/wiki/Q20679959#P577
https://en.wikipedia.org/wiki/Dragon_Quest_XI,Q20736242,2017-07-29,day,Q203597|Q5014725,Q17,Q20736242$e86badd1-49ad-452e-5b91-5ee0ed79e1b9,https://www.wikidata.org/wiki/Q20736242#P577
https://en.wikipedia.org/wiki/Dragon_Quest_XI,Q20736242,2018-09-04,day,Q1406|Q5014725,Q13780930,Q20736242$0db5f112-447c-db05-f573-6ce526ddc200,https://www.wikidata.org/wiki/Q20736242#P577
https://en.wikipedia.org/wiki/Dragon_Quest_XI,Q20736242,2019-09-27,day,Q19610114,Q13780930,Q20736242$4e574602-4d9b-2d04-7738-26c1b553a1f3,https://www.wikidata.org/wiki/Q20736242#P577
https://en.wikipedia.org/wiki/Dragon_Quest_XI,Q20736242,2020-03-16,day,,,Q20736242$4c2bc42f-445b-85b4-62c5-2848334dd2f7,https://www.wikidata.org/wiki/Q20736242#P577
https://en.wikipedia.org/wiki/Dreams_(video_game),Q22000976,2020-02-14,day,,,Q22000976$39d4fff0-4181-47c0-213a-f4eadb339741,https://www.wikidata.org/wiki/Q22000976#P577
https://en.wikipedia.org/wiki/Dredge_(video_game),Q113647971,2023-03-30,day,,Q13780930,Q113647971$b7d018e9-40ea-c5ec-9ce5-3331ad80d16f,https://www.wikidata.org/wiki/Q113647971#P577
https://en.wikipedia.org/wiki/Dredge_(video_game),Q113647971,2024-02-27,day,Q94|Q48493|Q64350339,Q13780930,Q113647971$fecdaba9-4edd-e698-3f44-13cfc31b4021,https://www.wikidata.org/wiki/Q113647971#P577
https://en.wikipedia.org/wiki/Dredge_(video_game),Q113647971,2024-12-18,day,Q14116,Q13780930,Q113647971$be5bf683-42f6-f0e6-4833-4c36fd5406b4,https://www.wikidata.org/wiki/Q113647971#P577
https://en.wikipedia.org/wiki/Dune:_Spice_Wars,Q110028339,2022-04-26,day,,Q13780930,Q110028339$b62a75f4-4a83-d2ca-1b5b-b3cb3bb43d2e,https://www.wikidata.org/wiki/Q110028339#P577
https://en.wikipedia.org/wiki/Dune:_Spice_Wars,Q110028339,2023-09-14,day,,Q13780930,Q110028339$134b3d6d-49c3-94f3-be97-42f7103d70c9,https://www.wikidata.org/wiki/Q110028339#P577
https://en.wikipedia.org/wiki/EA_Sports_FC_24,Q113835296,2023-09-28,day,,,Q113835296$591F7C9E-BF69-4A79-A3BD-5F52B35BE973,https://www.wikidata.org/wiki/Q113835296#P577
https://en.wikipedia.org/wiki/EA_Sports_FC_24,Q113835296,2023-09-29,day,,Q13780930,Q113835296$33d3102c-45ba-f921-7816-0f4f17937042,https://www.wikidata.org/wiki/Q113835296#P577
https://en.wikipedia.org/wiki/EA_Sports_FC_25,Q127162066,2024-09-27,day,,Q13780930,Q127162066$91af1afd-4ae2-c685-8d81-a1b2bf4740ec,https://www.wikidata.org/wiki/Q127162066#P577
https://en.wikipedia.org/wiki/EA_Sports_FC_26,Q135144851,2025-09-26,day,,Q13780930,Q135144851$e97aa623-407c-f846-e937-d15afe756110,https://www.wikidata.org/wiki/Q135144851#P577
https://en.wikipedia.org/wiki/EFootball_Pro_Evolution_Soccer_2020,Q64579449,2019-09-10,day,,,Q64579449-4d79da2a-0ed7-4233-9020-4041cc07d00c,https://www.wikidata.org/wiki/Q64579449#P577
https://en.wikipedia.org/wiki/Elden_Ring,Q64826862,2022-02-25,day,,,Q64826862-d34b3f64-4ce1-a1e4-8cca-1d46391e674e,https://www.wikidata.org/wiki/Q64826862#P577
https://en.wikipedia.org/wiki/Elden_Ring,Q64826862,2026-08-28,day,,,Q64826862-0dd408b2-4728-6a17-bc11-39ce608b48bb,https://www.wikidata.org/wiki/Q64826862#P577
https://en.wikipedia.org/wiki/Elden_Ring:_Shadow_of_the_Erdtree,Q116952973,2024-06-21,day,,,Q116952973-d918106c-4ea0-d09c-c27d-a124a6d2edc9,https://www.wikidata.org/wiki/Q116952973#P577
https://en.wikipedia.org/wiki/Elden_Ring_Nightreign,Q131435228,2025-05-30,day,,,Q131435228-520cb087-4855-98cb-af40-ae005b951fa9,https://www.wikidata.org/wiki/Q131435228#P577
https://en.wikipedia.org/wiki/Elden_Ring_Shadow_of_the_Erdtree,Q116952973,2024-06-21,day,,,Q116952973-d918106c-4ea0-d09c-c27d-a124a6d2edc9,https://www.wikidata.org/wiki/Q116952973#P577
https://en.wikipedia.org/wiki/Endling:_Extinction_is_Forever,Q113098534,2022-07-19,day,,,Q113098534-b0d789b6-470f-8e0b-0175-cc5e44118bca,https://www.wikidata.org/wiki/Q113098534#P577
https://en.wikipedia.org/wiki/Eve:_Valkyrie,Q16267827,2016-03-28,day,,,Q16267827-C3A4D1EE-514A-407E-ADDE-B04A245B7F4E,https://www.wikidata.org/wiki/Q16267827#P577
https://en.wikipedia.org/wiki/Eve:_Valkyrie,Q16267827,2016-11-17,day,,,Q16267827-3D245377-3B3F-4FD2-B50F-22BC6CE8F975,https://www.wikidata.org/wiki/Q16267827#P577
https://en.wikipedia.org/wiki/Ever_Oasis,Q24807252,2017,year,,,Q24807252-cdc2b7b2-4d5f-63a1-2280-c58b489def57,https://www.wikidata.org/wiki/Q24807252#P577
https://en.wikipedia.org/wiki/Evil_Genius_2:_World_Domination,Q45089676,2021-03-30,day,,,Q45089676-8f8acfe4-4cc7-8c68-4c15-1f42b93fc2c9,https://www.wikidata.org/wiki/Q45089676#P577
https://en.wikipedia.org/wiki/Evil_Genius_2:_World_Domination,Q45089676,2021-11-30,day,,,Q45089676-e1d48a66-40f2-a3b2-c1b7-458927fb36f5,https://www.wikidata.org/wiki/Q45089676#P577
https://en.wikipedia.org/wiki/Evolve_(video_game),Q16267814,2015-02-10,day,,,Q16267814-76F6D664-896E-46A2-8C24-0673EF5C10F7,https://www.wikidata.org/wiki/Q16267814#P577
https://en.wikipedia.org/wiki/F1_2019_(video_game),Q63113436,2019-06-28,day,,,Q63113436-9e15218b-4f3f-6831-b527-232056f4c064,https://www.wikidata.org/wiki/Q63113436#P577
https://en.wikipedia.org/wiki/F1_2020_(video_game),Q91441450,2020-07-10,day,,,Q91441450-64e0113d-4bc0-65f9-17d9-f0618498ad6e,https://www.wikidata.org/wiki/Q91441450#P577
https://en.wikipedia.org/wiki/F1_2021_(video_game),Q106510749,2021-07-16,day,,,Q106510749-97c53c0f-40cd-0265-cf8c-a61fe25983fa,https://www.wikidata.org/wiki/Q106510749#P577
https://en.wikipedia.org/wiki/F1_22,Q111676993,2022-07-01,day,,,Q111676993-0e7404cc-437c-481c-8961-3bb6060d09c1,https://www.wikidata.org/wiki/Q111676993#P577
https://en.wikipedia.org/wiki/F1_23,Q118136346,2023-06-16,day,,,Q118136346-7da0a4f0-4258-3d8b-6ae5-793d97fe1c40,https://www.wikidata.org/wiki/Q118136346#P577
https://en.wikipedia.org/wiki/F1_24,Q124679947,2024-05-31,day,,,Q124679947-dbe56c45-480c-6708-f02c-e7afbea9dcfb,https://www.wikidata.org/wiki/Q124679947#P577
https://en.wikipedia.org/wiki/F1_25,Q133560582,2025-05-30,day,,,Q133560582-5d0278e8-4a2f-b01a-fa7d-e9f19ca19ce8,https://www.wikidata.org/wiki/Q133560582#P577
https://en.wikipedia.org/wiki/FIFA_15,Q17156010,2014-09-23,day,,,Q17156010-7b91dea1-471d-68c4-ccc7-f646f52f776d,https://www.wikidata.org/wiki/Q17156010#P577
https://en.wikipedia.org/wiki/FIFA_15,Q17156010,2014-09-25,day,,,Q17156010-a3e888f8-4145-d320-9c54-c671128ef866,https://www.wikidata.org/wiki/Q17156010#P577
https://en.wikipedia.org/wiki/FIFA_15,Q17156010,2014-09-26,day,,,Q17156010-be2f09f8-4729-4e0d-acac-a00e345e06d6,https://www.wikidata.org/wiki/Q17156010#P577
https://en.wikipedia.org/wiki/FIFA_16,Q20007251,2015-09-22,day,,,Q20007251-51A0C2B7-20FD-4F62-906A-DC6A73770EAB,https://www.wikidata.org/wiki/Q20007251#P577
https://en.wikipedia.org/wiki/FIFA_16,Q20007251,2015-09-24,day,,,Q20007251-9dd9bc39-4e03-f0e0-a7f0-5ccc80dfcd87,https://www.wikidata.org/wiki/Q20007251#P577
https://en.wikipedia.org/wiki/FIFA_17,Q24442399,2016-09-27,day,,,Q24442399-8ec2f9b8-4078-bcd0-4110-3f08e7b442c1,https://www.wikidata.org/wiki/Q24442399#P577
https://en.wikipedia.org/wiki/FIFA_17,Q24442399,2016-09-29,day,,,Q24442399-ceb7b129-4f6d-d7b2-439e-687ae48eeaa9,https://www.wikidata.org/wiki/Q24442399#P577
https://en.wikipedia.org/wiki/FIFA_18,Q30138107,2017-09-29,day,,,Q30138107-BDC2556D-FBD3-4148-81EF-9C60418F8E25,https://www.wikidata.org/wiki/Q30138107#P577
https://en.wikipedia.org/wiki/FIFA_19,Q54153179,2018-09-28,day,,,Q54153179-F715B45B-EC0D-4388-97D7-B3BC42CA4723,https://www.wikidata.org/wiki/Q54153179#P577
https://en.wikipedia.org/wiki/FIFA_20,Q64157198,2019-09-27,day,,,Q64157198-697c2a52-4582-0248-2499-18286be441ba,https://www.wikidata.org/wiki/Q64157198#P577
https://en.wikipedia.org/wiki/FIFA_21,Q96416457,2020-10-09,day,,,Q96416457-35db8c73-4f4b-bf2e-fbf8-7e6ffc1c026a,https://www.wikidata.org/wiki/Q96416457#P577
https://en.wikipedia.org/wiki/FIFA_21,Q96416457,2020-12-04,day,,,Q96416457-160ef78a-4f15-592d-33da-b0926a484543,https://www.wikidata.org/wiki/Q96416457#P577
https://en.wikipedia.org/wiki/FIFA_22,Q96482598,2021-10-01,day,,,Q96482598-158a012c-48a5-e18f-1480-e5bebb3efbaa,https://www.wikidata.org/wiki/Q96482598#P577
https://en.wikipedia.org/wiki/FIFA_23,Q107486489,2022-09-30,day,,,Q107486489-2e7dd29b-4e88-a636-a17c-7003174aed59,https://www.wikidata.org/wiki/Q107486489#P577
https://en.wikipedia.org/wiki/Fall_Guys,Q85760410,2020-08-04,day,,,Q85760410-1e7cb7f6-4540-c6e2-72d8-0e7324468ad6,https://www.wikidata.org/wiki/Q85760410#P577
https://en.wikipedia.org/wiki/Fall_Guys,Q85760410,2022-06-21,day,,,Q85760410-641511f1-4421-ac20-04b3-3e0f154af081,https://www.wikidata.org/wiki/Q85760410#P577
https://en.wikipedia.org/wiki/Fallout_4,Q10493813,2015-11-09,day,,,Q10493813-B56663C0-4AAA-49FF-BB07-15D4C1198462,https://www.wikidata.org/wiki/Q10493813#P577
https://en.wikipedia.org/wiki/Fallout_4,Q10493813,2015-11-10,day,,,Q10493813-090b93d9-4c03-6a12-490f-f97bf6cdc6b5,https://www.wikidata.org/wiki/Q10493813#P577
https://en.wikipedia.org/wiki/Fallout_4,Q10493813,2015-11-10,day,,,Q10493813-23954DCB-FF35-47FA-B9C2-12DAE8774111,https://www.wikidata.org/wiki/Q10493813#P577
https://en.wikipedia.org/wiki/Fallout_Shelter,Q20116199,2015-06-14,day,,,Q20116199-f3efb099-4237-a033-9673-4d87ac2560a9,https://www.wikidata.org/wiki/Q20116199#P577
https://en.wikipedia.org/wiki/Fallout_Shelter,Q20116199,2015-08-13,day,,,Q20116199-71b5b4b7-4db4-0282-197f-98e79108f672,https://www.wikidata.org/wiki/Q20116199#P577
https://en.wikipedia.org/wiki/Fallout_Shelter,Q20116199,2016-07-14,day,,,Q20116199-5155b5d7-4464-4adf-fcf4-d2ee8005546d,https://www.wikidata.org/wiki/Q20116199#P577
https://en.wikipedia.org/wiki/Fallout_Shelter,Q20116199,2017-02-07,day,,,Q20116199-6615d488-4781-33a5-3f0c-b0316f552360,https://www.wikidata.org/wiki/Q20116199#P577
https://en.wikipedia.org/wiki/Fallout_Shelter,Q20116199,2018-06-10,day,,,Q20116199-c0e27efa-49b6-8039-caf1-ccfd56cf2dc6,https://www.wikidata.org/wiki/Q20116199#P577
https://en.wikipedia.org/wiki/Fantasia:_Music_Evolved,Q16201350,2014,year,,,Q16201350-AC117B75-556E-44AD-B771-DDF8DC4B347A,https://www.wikidata.org/wiki/Q16201350#P577
https://en.wikipedia.org/wiki/Fantasian,Q106322428,2021-04-02,day,,,Q106322428-6817d439-4019-1d89-0120-94e5cf058c83,https://www.wikidata.org/wiki/Q106322428#P577
https://en.wikipedia.org/wiki/Far_Cry_4,Q15992359,2014-11-18,day,,,Q15992359-928826D1-B225-4EC2-BB1A-F5C96ECB3F9F,https://www.wikidata.org/wiki/Q15992359#P577
https://en.wikipedia.org/wiki/Far_Cry_5,Q30015130,2018-03-27,day,,,Q30015130-ba31624d-4d62-b7dd-babc-e0b243957adb,https://www.wikidata.org/wiki/Q30015130#P577
https://en.wikipedia.org/wiki/Far_Cry_6,Q97120062,2021-10-07,day,,,Q97120062-f57aa25c-4277-7d58-f884-32ec469acba1,https://www.wikidata.org/wiki/Q97120062#P577
https://en.wikipedia.org/wiki/Farpoint_(video_game),Q42317400,2017-05-16,day,,,Q42317400-AEED6F2B-58CB-45C4-9775-78EECB2E2EF7,https://www.wikidata.org/wiki/Q42317400#P577
https://en.wikipedia.org/wiki/Fatal_Fury:_City_of_the_Wolves,Q124984952,2025-04-24,day,,,Q124984952-e7503cc8-4a80-3c48-4320-127aae6ffbdf,https://www.wikidata.org/wiki/Q124984952#P577
https://en.wikipedia.org/wiki/Fatal_Fury:_City_of_the_Wolves,Q124984952,2026-10-22,day,,,Q124984952-36daec5a-4730-31d5-0548-fdfc5915fcfe,https://www.wikidata.org/wiki/Q124984952#P577
https://en.wikipedia.org/wiki/Final_Fantasy_Tactics:_The_Ivalice_Chronicles,Q134718469,2025-09-30,day,,,Q134718469-6624d21f-43cb-bce7-f240-6a3471546b56,https://www.wikidata.org/wiki/Q134718469#P577
https://en.wikipedia.org/wiki/Final_Fantasy_VII:_Ever_Crisis,Q105689376,2023-09-07,day,,,Q105689376-835796a1-47ab-83e6-2bea-1f4e65725389,https://www.wikidata.org/wiki/Q105689376#P577
https://en.wikipedia.org/wiki/Final_Fantasy_VII:_Ever_Crisis,Q105689376,2023-12-07,day,,,Q105689376-2daaa8ac-4b7a-a26d-a41a-6f66df0364c0,https://www.wikidata.org/wiki/Q105689376#P577
https://en.wikipedia.org/wiki/Final_Fantasy_VII_Rebirth,Q112617712,2024-02-29,day,,,Q112617712-ff8a14d3-4d1a-a18f-764b-0894f22a751d,https://www.wikidata.org/wiki/Q112617712#P577
https://en.wikipedia.org/wiki/Final_Fantasy_VII_Rebirth,Q112617712,2025-01-23,day,,,Q112617712-3302f012-4e8f-64fa-a56a-cb6964b5fb5d,https://www.wikidata.org/wiki/Q112617712#P577
https://en.wikipedia.org/wiki/Final_Fantasy_VII_Rebirth,Q112617712,2026-06-03,day,,,Q112617712-5aab0f60-4b17-43ac-33db-fdf4b9ff5ba7,https://www.wikidata.org/wiki/Q112617712#P577
https://en.wikipedia.org/wiki/Final_Fantasy_VII_Remake,Q20155152,2020-04-10,day,,,Q20155152-8ed20b9c-409f-b4e6-45bc-77040e5a96d1,https://www.wikidata.org/wiki/Q20155152#P577
https://en.wikipedia.org/wiki/Final_Fantasy_VII_Remake,Q20155152,2021-06-10,day,,,Q20155152-486e2e0d-48eb-c725-46c5-021bbb8bcf13,https://www.wikidata.org/wiki/Q20155152#P577
https://en.wikipedia.org/wiki/Final_Fantasy_VII_Remake,Q20155152,2021-12-16,day,,,Q20155152-4d80685e-4b7b-af7d-af0a-78a5dfe10c9c,https://www.wikidata.org/wiki/Q20155152#P577
https://en.wikipedia.org/wiki/Final_Fantasy_XIV,Q5449393,2013-08-27,day,,,Q5449393-60337033-5909-48D3-8478-49D2D4DF84E6,https://www.wikidata.org/wiki/Q5449393#P577
https://en.wikipedia.org/wiki/Final_Fantasy_XIV,Q5449393,2014-02-18,day,,,Q5449393-C94C2969-C915-404F-8ADD-0466F71552E5,https://www.wikidata.org/wiki/Q5449393#P577
https://en.wikipedia.org/wiki/Final_Fantasy_XIV:_Dawntrail,Q125117412,2024-07-02,day,,,Q125117412-7c499a83-4819-07e6-d394-3c1384b49718,https://www.wikidata.org/wiki/Q125117412#P577
https://en.wikipedia.org/wiki/Final_Fantasy_XV,Q1779100,2016-11-29,day,,,Q1779100-3c7b0837-4d5d-34d4-2375-cecddc3dcc8d,https://www.wikidata.org/wiki/Q1779100#P577
https://en.wikipedia.org/wiki/Final_Fantasy_XVI,Q99397792,2023-06-22,day,,,Q99397792-72398914-4249-8a37-6bc6-3482f50527b2,https://www.wikidata.org/wiki/Q99397792#P577
https://en.wikipedia.org/wiki/Fire_Emblem:_Three_Houses,Q54960673,2019-07-26,day,,,Q54960673-3057a997-40c2-acd6-010d-26c144803375,https://www.wikidata.org/wiki/Q54960673#P577
https://en.wikipedia.org/wiki/Fire_Emblem_Echoes:_Shadows_of_Valentia,Q28450801,2017-04-20,day,,,Q28450801-f659c009-44ad-cdf5-7836-92ffa1a56b0d,https://www.wikidata.org/wiki/Q28450801#P577
https://en.wikipedia.org/wiki/Fire_Emblem_Echoes:_Shadows_of_Valentia,Q28450801,2017-05-19,day,,,Q28450801-fc49b9e0-493a-64c0-b573-5713810ff917,https://www.wikidata.org/wiki/Q28450801#P577
https://en.wikipedia.org/wiki/Fire_Emblem_Echoes:_Shadows_of_Valentia,Q28450801,2017-05-20,day,,,Q28450801-1abc85e2-4038-d65d-3a76-1c4888c9847f,https://www.wikidata.org/wiki/Q28450801#P577
https://en.wikipedia.org/wiki/Fire_Emblem_Engage,Q113956929,2023-01-20,day,,,Q113956929-e08f4f9f-46a1-2ecd-3b34-0595f53ebcfb,https://www.wikidata.org/wiki/Q113956929#P577
https://en.wikipedia.org/wiki/Fire_Emblem_Fates,Q18762399,2015-06-25,day,,,Q18762399-b3a7003e-4fbe-bc7c-eec6-be2a13ee80d1,https://www.wikidata.org/wiki/Q18762399#P577
https://en.wikipedia.org/wiki/Fire_Emblem_Fates,Q18762399,2016-02-19,day,,,Q18762399-A7454A85-0C55-458F-8F7B-9EBE9C0456D7,https://www.wikidata.org/wiki/Q18762399#P577
https://en.wikipedia.org/wiki/Fire_Emblem_Fates,Q18762399,2016-05-20,day,,,Q18762399-205dcfcf-4741-a0b4-3c53-6f69fc9fbe48,https://www.wikidata.org/wiki/Q18762399#P577
https://en.wikipedia.org/wiki/Fire_Emblem_Fates,Q18762399,2016-05-21,day,,,Q18762399-d54b72c1-4a32-7022-b320-c42377f10962,https://www.wikidata.org/wiki/Q18762399#P577
https://en.wikipedia.org/wiki/Fire_Emblem_Heroes,Q28382640,2017-02-02,day,,,Q28382640-39764cbf-44a5-c8d9-e5b9-9e72659f3dd9,https://www.wikidata.org/wiki/Q28382640#P577
https://en.wikipedia.org/wiki/Firewall:_Zero_Hour,Q56808985,2018-08-28,day,,,Q56808985-DD342D16-BE6E-45F8-B92A-69DF5A2E7F22,https://www.wikidata.org/wiki/Q56808985#P577
https://en.wikipedia.org/wiki/Firewatch,Q19627426,2016-02-09,day,,,Q19627426-24681DE7-6214-4559-ABA5-80BB9B8056E3,https://www.wikidata.org/wiki/Q19627426#P577
https://en.wikipedia.org/wiki/Firewatch,Q19627426,2016-09-21,day,,,Q19627426-cce43c19-4602-593b-d296-c786641f315c,https://www.wikidata.org/wiki/Q19627426#P577
https://en.wikipedia.org/wiki/Firewatch,Q19627426,2018-12-17,day,,,Q19627426-863d0423-4ea9-d8f2-7b3c-433b6f928db8,https://www.wikidata.org/wiki/Q19627426#P577
https://en.wikipedia.org/wiki/Florence_(video_game),Q51844095,2018-02-05,day,,,Q51844095-3A72CD62-5377-46D1-96E1-B2ED10219280,https://www.wikidata.org/wiki/Q51844095#P577
https://en.wikipedia.org/wiki/Florence_(video_game),Q51844095,2018-02-13,day,,,Q51844095-DB879B80-5FE3-40CB-A8CB-74BA0C151EE5,https://www.wikidata.org/wiki/Q51844095#P577
https://en.wikipedia.org/wiki/Florence_(video_game),Q51844095,2018-02-14,day,,,Q51844095-7E205EFE-A89C-4CEB-ACE7-0E51D09934CE,https://www.wikidata.org/wiki/Q51844095#P577
https://en.wikipedia.org/wiki/Florence_(video_game),Q51844095,2018-02-14,day,,,Q51844095-92805301-42a9-1cb9-7881-7cb21dd27fb2,https://www.wikidata.org/wiki/Q51844095#P577
https://en.wikipedia.org/wiki/Florence_(video_game),Q51844095,2018-03-14,day,,,Q51844095-328DB137-F8F8-462C-AC71-AEC699655E18,https://www.wikidata.org/wiki/Q51844095#P577
https://en.wikipedia.org/wiki/Florence_(video_game),Q51844095,2018-03-14,day,,,Q51844095-e63da645-4d92-a3ec-657c-2f9831cc6219,https://www.wikidata.org/wiki/Q51844095#P577
https://en.wikipedia.org/wiki/Florence_(video_game),Q51844095,2020-02-13,day,,,Q51844095-B1B9BF0E-F752-4828-8941-9FC735AF5B8A,https://www.wikidata.org/wiki/Q51844095#P577
https://en.wikipedia.org/wiki/Fortnite,Q349375,2017-07-25,day,,,Q349375-82b20840-4fa4-b802-7991-11a90a06c212,https://www.wikidata.org/wiki/Q349375#P577
https://en.wikipedia.org/wiki/Forza_Horizon_2,Q17156024,2014-09-30,day,,,Q17156024-B07DB382-6B2F-4F1F-AA05-949EFFCE02BE,https://www.wikidata.org/wiki/Q17156024#P577
https://en.wikipedia.org/wiki/Forza_Horizon_3,Q24646839,2016-09-27,day,,,Q24646839-F67FA228-EFD6-450D-8C1F-F5F2F82415AA,https://www.wikidata.org/wiki/Q24646839#P577
https://en.wikipedia.org/wiki/Forza_Horizon_4,Q54893555,2018-10-02,day,,,Q54893555-437592f4-476d-fdf8-1c1c-e8896b4ffa5e,https://www.wikidata.org/wiki/Q54893555#P577
https://en.wikipedia.org/wiki/Forza_Horizon_5,Q107214683,2021-11-09,day,,,Q107214683-b6a092a3-4feb-8315-a08f-d6febdc1a8ac,https://www.wikidata.org/wiki/Q107214683#P577
https://en.wikipedia.org/wiki/Forza_Horizon_5,Q107214683,2025-04-29,day,,,Q107214683-213f7b4c-46b3-d5e8-42db-ee56293a325e,https://www.wikidata.org/wiki/Q107214683#P577
https://en.wikipedia.org/wiki/Forza_Motorsport_(2023_video_game),Q107611729,2023-10-10,day,,,Q107611729-b6f4d30a-48b3-deb4-19e0-21d11deb62a2,https://www.wikidata.org/wiki/Q107611729#P577
https://en.wikipedia.org/wiki/Forza_Motorsport_6,Q18811551,2015-09-18,day,,,Q18811551-F662B956-0C1D-4C9E-8D55-F13F69BCB712,https://www.wikidata.org/wiki/Q18811551#P577
https://en.wikipedia.org/wiki/Forza_Motorsport_7,Q30339213,2017-10-03,day,,,Q30339213-4b4d852d-4dec-f0ca-c109-53caaa9de53a,https://www.wikidata.org/wiki/Q30339213#P577
https://en.wikipedia.org/wiki/Frostpunk,Q50356175,2018-04-24,day,,,Q50356175-9a42eddd-4c10-a53e-3c78-c953588831c5,https://www.wikidata.org/wiki/Q50356175#P577
https://en.wikipedia.org/wiki/Frostpunk,Q50356175,2019-10-11,day,,,Q50356175-33d5b0a5-4e67-1bb0-dd36-6d3a6c727b36,https://www.wikidata.org/wiki/Q50356175#P577
https://en.wikipedia.org/wiki/Frostpunk,Q50356175,2021-02-24,day,,,Q50356175-30b78a9f-405d-a386-3223-f36a1257630c,https://www.wikidata.org/wiki/Q50356175#P577
https://en.wikipedia.org/wiki/Frostpunk_2,Q109906111,2024-09-20,day,,,Q109906111-bf877da1-4a58-84eb-566f-d6ae64483efb,https://www.wikidata.org/wiki/Q109906111#P577
https://en.wikipedia.org/wiki/Frostpunk_2,Q109906111,2025-09-18,day,,,Q109906111-52233d5d-4a7c-faca-2b61-e813c2e89127,https://www.wikidata.org/wiki/Q109906111#P577
https://en.wikipedia.org/wiki/Gears_5,Q55128278,2019-09-10,day,,,Q55128278-2B3E14D6-A0BD-4322-8ECC-8620FFCB9592,https://www.wikidata.org/wiki/Q55128278#P577
https://en.wikipedia.org/wiki/Gears_Tactics,Q78528783,2020-04-28,day,,,Q78528783-ed2356b6-4ed6-5934-f7fe-1b29b7034d14,https://www.wikidata.org/wiki/Q78528783#P577
https://en.wikipedia.org/wiki/Gears_of_War_4,Q20125373,2016-10-11,day,,,Q20125373-5E3C94F7-C198-4A4F-941D-2AC7F401D53D,https://www.wikidata.org/wiki/Q20125373#P577
https://en.wikipedia.org/wiki/Genshin_Impact,Q65059474,2020-09-28,day,,,Q65059474-64b00f5c-dac0-4354-b3e8-1d8b5bcc4c51,https://www.wikidata.org/wiki/Q65059474#P577
https://en.wikipedia.org/wiki/Genshin_Impact,Q65059474,2024-11-20,day,,,Q65059474-c36453c1-4bb0-3dd7-2de2-65ce8c3a2366,https://www.wikidata.org/wiki/Q65059474#P577
https://en.wikipedia.org/wiki/Genshin_Impact,Q65059474,2025-09-10,day,,,Q65059474-d13dc471-4f3f-9284-fee9-c95a6ecdea3b,https://www.wikidata.org/wiki/Q65059474#P577
https://en.wikipedia.org/wiki/Ghost_of_Tsushima,Q42564798,2020-07-17,day,,,Q42564798-baf0d458-4477-888e-8597-21430184e604,https://www.wikidata.org/wiki/Q42564798#P577
https://en.wikipedia.org/wiki/Ghost_of_Y%C5%8Dtei,Q130360297,2025-10-02,day,,,Q130360297-938aaaa5-4ada-a5c8-b17d-50d8f895d874,https://www.wikidata.org/wiki/Q130360297#P577
https://en.wikipedia.org/wiki/Ghostrunner_2,Q106835809,2023-10-26,day,,,Q106835809-9f9f92d3-495f-9111-1f1a-8243311eda4a,https://www.wikidata.org/wiki/Q106835809#P577
https://en.wikipedia.org/wiki/God_of_Rock,Q119832440,2023-04-18,day,,,Q119832440-e3ae7b3c-4206-775a-d56a-024239790eeb,https://www.wikidata.org/wiki/Q119832440#P577
https://en.wikipedia.org/wiki/God_of_War_(2018_video_game),Q18345138,2018-04-20,day,,,Q18345138-8A08AFC0-43B3-473B-926A-C2398AF16AC0,https://www.wikidata.org/wiki/Q18345138#P577
https://en.wikipedia.org/wiki/God_of_War_(2018_video_game),Q18345138,2022-01-14,day,,,Q18345138-a9871f86-4893-8da4-eea1-d85ab8f1f507,https://www.wikidata.org/wiki/Q18345138#P577
https://en.wikipedia.org/wiki/God_of_War_Ragnar%C3%B6k,Q99397916,2022-11-09,day,,,Q99397916-e141125a-48b0-9a4b-5941-5b6387c31a1e,https://www.wikidata.org/wiki/Q99397916#P577
https://en.wikipedia.org/wiki/God_of_War_Ragnar%C3%B6k,Q99397916,2024-09-19,day,,,Q99397916-dea5c0f6-4049-8cd5-8884-a5971fa0a43b,https://www.wikidata.org/wiki/Q99397916#P577
https://en.wikipedia.org/wiki/Golf_Story,Q41734090,2017-09-28,day,,,Q41734090-c4d66648-45ee-fbdf-4819-51ccfe35060e,https://www.wikidata.org/wiki/Q41734090#P577
https://en.wikipedia.org/wiki/Golf_Story,Q41734090,2017,year,,,Q41734090-2a189686-c342-48f1-ae7c-2830845fbf42,https://www.wikidata.org/wiki/Q41734090#P577
https://en.wikipedia.org/wiki/Goodbye_Volcano_High,Q96240035,2023-08-29,day,,,Q96240035-237fe82d-4c13-cca0-38eb-d5f40e11b077,https://www.wikidata.org/wiki/Q96240035#P577
https://en.wikipedia.org/wiki/Gran_Turismo_7,Q18345763,2022-03-04,day,,,Q18345763-2a1e20f7-4d9d-c999-77de-4ff5419d2884,https://www.wikidata.org/wiki/Q18345763#P577
https://en.wikipedia.org/wiki/Gran_Turismo_Sport,Q21563294,2017-10,month,,,Q21563294-2D7620F7-E2A8-4D4F-85CC-F9BA3E8A98ED,https://www.wikidata.org/wiki/Q21563294#P577
https://en.wikipedia.org/wiki/Granblue_Fantasy_Versus,Q59781516,2020-02-06,day,,,Q59781516-04075fb7-a020-442d-b165-ea14dae9e075,https://www.wikidata.org/wiki/Q59781516#P577
https://en.wikipedia.org/wiki/Granblue_Fantasy_Versus,Q59781516,2020-03-03,day,,,Q59781516-244a0616-4f90-9025-48df-22a291421f8e,https://www.wikidata.org/wiki/Q59781516#P577
https://en.wikipedia.org/wiki/Granblue_Fantasy_Versus,Q59781516,2020-03-27,day,,,Q59781516-4e3014d0-4f31-e0ff-152b-bf9829068431,https://www.wikidata.org/wiki/Q59781516#P577
https://en.wikipedia.org/wiki/Granblue_Fantasy_Versus:_Rising,Q116927438,2023-12-14,day,,,Q116927438-d4776d09-4f7c-8aa6-f115-a590ceed406e,https://www.wikidata.org/wiki/Q116927438#P577
https://en.wikipedia.org/wiki/Grand_Theft_Auto_Online,Q14594724,2013-10-01,day,,,Q14594724-9A5C2080-58C5-4A9E-9C26-D8C50412D7F5,https://www.wikidata.org/wiki/Q14594724#P577
https://en.wikipedia.org/wiki/Grand_Theft_Auto_Online,Q14594724,2022-03-15,day,,,Q14594724-68a02bdb-44fc-0c1a-9a7a-50de1623e2cd,https://www.wikidata.org/wiki/Q14594724#P577
https://en.wikipedia.org/wiki/Grand_Theft_Auto_V,Q17452,2013-09-17,day,,,Q17452-CB206E09-8A1E-467C-A65A-967C9CBE12B0,https://www.wikidata.org/wiki/Q17452#P577
https://en.wikipedia.org/wiki/Grand_Theft_Auto_V,Q17452,2013-10-10,day,,,Q17452-4b046e6d-40c2-2dff-77a1-43b90ddbf0c5,https://www.wikidata.org/wiki/Q17452#P577
https://en.wikipedia.org/wiki/Grand_Theft_Auto_V,Q17452,2014-11-18,day,,,Q17452-60a16474-427b-4fa9-d3ce-c1162cfbb220,https://www.wikidata.org/wiki/Q17452#P577
https://en.wikipedia.org/wiki/Grand_Theft_Auto_V,Q17452,2015-04-15,day,,,Q17452-3e43be4f-4451-34ef-4497-a2cdc42b9a92,https://www.wikidata.org/wiki/Q17452#P577
https://en.wikipedia.org/wiki/Grand_Theft_Auto_V,Q17452,2022-03-15,day,,,Q17452-e2b88a66-451d-c279-b776-dfb04b092c4d,https://www.wikidata.org/wiki/Q17452#P577
https://en.wikipedia.org/wiki/Grand_Theft_Auto_VI,Q23648408,2026-05-26,day,,,Q23648408-78dddf30-4b5d-b688-8bf1-d7abb597a368,https://www.wikidata.org/wiki/Q23648408#P577
https://en.wikipedia.org/wiki/Grand_Theft_Auto_VI,Q23648408,2026-11-19,day,,,Q23648408-0e19ffab-4b8c-69e6-d96e-a015b777c6f0,https://www.wikidata.org/wiki/Q23648408#P577
https://en.wikipedia.org/wiki/Grand_Theft_Auto_VI,Q23648408,2025,year,,,Q23648408-81f915e8-4d7e-36e6-37cb-f4e621016bb6,https://www.wikidata.org/wiki/Q23648408#P577
https://en.wikipedia.org/wiki/Grindstone_(video_game),Q104377313,2019-09-16,day,,,Q104377313-f9b10d34-4ad1-52f6-5e00-2d4286862723,https://www.wikidata.org/wiki/Q104377313#P577
https://en.wikipedia.org/wiki/Grindstone_(video_game),Q104377313,2019-10-09,day,,,Q104377313-470eb659-4391-a54e-af01-8bccb3e5dce5,https://www.wikidata.org/wiki/Q104377313#P577
https://en.wikipedia.org/wiki/Grindstone_(video_game),Q104377313,2020-12-15,day,,,Q104377313-7337e77a-4b46-2614-582a-0741771234b3,https://www.wikidata.org/wiki/Q104377313#P577
https://en.wikipedia.org/wiki/Grindstone_(video_game),Q104377313,2023-05-03,day,,,Q104377313-c43a26a0-46e8-acae-dc25-27bbd0dc1950,https://www.wikidata.org/wiki/Q104377313#P577
https://en.wikipedia.org/wiki/Gris,Q59769284,2018-12-13,day,,,Q59769284-be3c3414-4284-0dbe-ab4f-d8a6622a0ec5,https://www.wikidata.org/wiki/Q59769284#P577
https://en.wikipedia.org/wiki/Gris,Q59769284,2022-12-13,day,,,Q59769284-7d58a798-49ea-8c27-67c7-4daf1f1f11d2,https://www.wikidata.org/wiki/Q59769284#P577
https://en.wikipedia.org/wiki/Grounded_(video_game),Q96418509,2020-07-28,day,,,Q96418509-8f4bdaae-4e37-dd65-c4ee-2687453582d4,https://www.wikidata.org/wiki/Q96418509#P577
https://en.wikipedia.org/wiki/Grounded_(video_game),Q96418509,2022-09-27,day,,,Q96418509-5e9f9b70-4240-c8e2-e9ae-0154b9e8ca8d,https://www.wikidata.org/wiki/Q96418509#P577
https://en.wikipedia.org/wiki/Guilty_Gear_Strive,Q85863730,2021-06-11,day,,,Q85863730-f0632f28-a68f-4a33-a94f-0a264f7aa264,https://www.wikidata.org/wiki/Q85863730#P577
https://en.wikipedia.org/wiki/Guilty_Gear_Strive,Q85863730,2021-07-29,day,,,Q85863730-765071bc-432a-6132-7252-ddb271da3574,https://www.wikidata.org/wiki/Q85863730#P577
https://en.wikipedia.org/wiki/Guilty_Gear_Strive,Q85863730,2023-03-07,day,,,Q85863730-e7252a0c-41ed-4677-1728-3fbea134645c,https://www.wikidata.org/wiki/Q85863730#P577
https://en.wikipedia.org/wiki/Guilty_Gear_Strive,Q85863730,2025-01-23,day,,,Q85863730-7dc94fa3-43ec-b0f6-0c15-179e3eefad13,https://www.wikidata.org/wiki/Q85863730#P577
https://en.wikipedia.org/wiki/Guilty_Gear_Xrd,Q14622847,2014-02-20,day,,,Q14622847-CADBA4A1-1761-4A5E-9E18-DC809690754A,https://www.wikidata.org/wiki/Q14622847#P577
https://en.wikipedia.org/wiki/Guilty_Gear_Xrd,Q14622847,2015-12-09,day,,,Q14622847-AF0966D3-FCC3-4ED0-8885-8CA9E79B6E17,https://www.wikidata.org/wiki/Q14622847#P577
https://en.wikipedia.org/wiki/Hades_(video_game),Q59756366,2018-12-06,day,,,Q59756366-ba9e2575-4962-71bc-61fc-1765d837279a,https://www.wikidata.org/wiki/Q59756366#P577
https://en.wikipedia.org/wiki/Hades_(video_game),Q59756366,2020-09-17,day,,,Q59756366-39e03b68-46d6-70fc-ca87-84d744ce2e7c,https://www.wikidata.org/wiki/Q59756366#P577
https://en.wikipedia.org/wiki/Hades_II,Q115641620,2024-05-06,day,,,Q115641620-3419af85-49ba-43ae-7943-d1663d7d8bc3,https://www.wikidata.org/wiki/Q115641620#P577
https://en.wikipedia.org/wiki/Hades_II,Q115641620,2024-10-16,day,,,Q115641620-5a04e4c9-48df-f2b4-b6c3-c0e1c1e37a2d,https://www.wikidata.org/wiki/Q115641620#P577
https://en.wikipedia.org/wiki/Hades_II,Q115641620,2025-09-25,day,,,Q115641620-cff7ae70-4b05-893b-660f-40d72d384ec7,https://www.wikidata.org/wiki/Q115641620#P577
https://en.wikipedia.org/wiki/Hades_II,Q115641620,2026-04-14,day,,,Q115641620-e6f69b36-431a-e09f-8c4e-813776ccb329,https://www.wikidata.org/wiki/Q115641620#P577
https://en.wikipedia.org/wiki/Half-Life:_Alyx,Q75653574,2020-03-23,day,,,Q75653574-c65e9efd-47cd-6604-ead8-3af40c2c3daa,https://www.wikidata.org/wiki/Q75653574#P577
https://en.wikipedia.org/wiki/Halo:_The_Master_Chief_Collection,Q17182448,2014-11-11,day,,,Q17182448-84FA2C74-074F-49BD-B7FC-F2548CA1E90B,https://www.wikidata.org/wiki/Q17182448#P577
https://en.wikipedia.org/wiki/Halo:_The_Master_Chief_Collection,Q17182448,2019-12-03,day,,,Q17182448-f0bb1953-4838-0e03-5cab-74beb4b3e386,https://www.wikidata.org/wiki/Q17182448#P577
https://en.wikipedia.org/wiki/Halo:_The_Master_Chief_Collection,Q17182448,2020-11-17,day,,,Q17182448-51b42194-4a02-1206-86c5-d251843a38f1,https://www.wikidata.org/wiki/Q17182448#P577
https://en.wikipedia.org/wiki/Halo_5:_Guardians,Q16888147,2015-10-27,day,,,Q16888147-14537d24-4a30-4cdf-2eae-b7ea0f63e123,https://www.wikidata.org/wiki/Q16888147#P577
https://en.wikipedia.org/wiki/Halo_Infinite,Q54913666,2021-12-08,day,,,Q54913666-c126ddf4-4d17-3cef-faec-eb61273c35af,https://www.wikidata.org/wiki/Q54913666#P577
https://en.wikipedia.org/wiki/Halo_Wars_2,Q20831013,2017-02-21,day,,,Q20831013-3DFDDA11-D773-4713-8E39-E43535E0F27E,https://www.wikidata.org/wiki/Q20831013#P577
https://en.wikipedia.org/wiki/Hearthstone,Q8262784,2014-03-11,day,,,Q8262784-9adfbb00-4a20-95a3-6bdf-0bc10dc80df7,https://www.wikidata.org/wiki/Q8262784#P577
https://en.wikipedia.org/wiki/Hearthstone,Q8262784,2014-04-16,day,,,Q8262784-a790414d-4625-b9c3-9bd2-005fac78446e,https://www.wikidata.org/wiki/Q8262784#P577
https://en.wikipedia.org/wiki/Hearthstone,Q8262784,2014-12-15,day,,,Q8262784-1FB583F0-24DE-49AF-9D4E-4E9EFE6AE83B,https://www.wikidata.org/wiki/Q8262784#P577
https://en.wikipedia.org/wiki/Hearthstone,Q8262784,2015-04-14,day,,,Q8262784-de0ab163-4708-ff74-f8b7-0eb6937f6589,https://www.wikidata.org/wiki/Q8262784#P577
https://en.wikipedia.org/wiki/Hearthstone:_Heroes_of_Warcraft,Q8262784,2014-03-11,day,,,Q8262784-9adfbb00-4a20-95a3-6bdf-0bc10dc80df7,https://www.wikidata.org/wiki/Q8262784#P577
https://en.wikipedia.org/wiki/Hearthstone:_Heroes_of_Warcraft,Q8262784,2014-04-16,day,,,Q8262784-a790414d-4625-b9c3-9bd2-005fac78446e,https://www.wikidata.org/wiki/Q8262784#P577
https://en.wikipedia.org/wiki/Hearthstone:_Heroes_of_Warcraft,Q8262784,2014-12-15,day,,,Q8262784-1FB583F0-24DE-49AF-9D4E-4E9EFE6AE83B,https://www.wikidata.org/wiki/Q8262784#P577
https://en.wikipedia.org/wiki/Hearthstone:_Heroes_of_Warcraft,Q8262784,2015-04-14,day,,,Q8262784-de0ab163-4708-ff74-f8b7-0eb6937f6589,https://www.wikidata.org/wiki/Q8262784#P577
https://en.wikipedia.org/wiki/Hellblade:_Senua%27s_Sacrifice,Q18185763,2017-08-08,day,,,Q18185763-BE552EC4-D7B0-4518-B39E-7FD7C91E0791,https://www.wikidata.org/wiki/Q18185763#P577
https://en.wikipedia.org/wiki/Helldivers_II,Q118645527,2024-02-08,day,,,Q118645527-08cf4f6a-463a-345f-7d97-e4f31d3855d2,https://www.wikidata.org/wiki/Q118645527#P577
https://en.wikipedia.org/wiki/Hello_Kitty_Island_Adventure,Q121770549,2023-07-28,day,,,Q121770549-e1b80990-4afd-c602-785b-b264bae35506,https://www.wikidata.org/wiki/Q121770549#P577
https://en.wikipedia.org/wiki/Hello_Kitty_Island_Adventure,Q121770549,2025-01-30,day,,,Q121770549-a75880d3-4cad-b72b-e89f-0d4753956549,https://www.wikidata.org/wiki/Q121770549#P577
https://en.wikipedia.org/wiki/Hello_Kitty_Island_Adventure,Q121770549,2025-08-05,day,,,Q121770549-eaac8720-4a05-c851-ab7a-106b49169cd4,https://www.wikidata.org/wiki/Q121770549#P577
https://en.wikipedia.org/wiki/Hello_Kitty_Island_Adventure,Q121770549,2025-11-13,day,,,Q121770549-2ae2d720-487a-86d3-6d3a-c7b8cb4246a8,https://www.wikidata.org/wiki/Q121770549#P577
https://en.wikipedia.org/wiki/Her_Story_(video_game),Q20538669,2015-06-24,day,,,Q20538669-6743f49d-425d-3cb0-3e0b-bb6c2179ab8e,https://www.wikidata.org/wiki/Q20538669#P577
https://en.wikipedia.org/wiki/Hi-Fi_Rush,Q116439515,2023-01-25,day,,,Q116439515-9dc973b4-4076-f5a1-0d74-ba0b9ca0789b,https://www.wikidata.org/wiki/Q116439515#P577
https://en.wikipedia.org/wiki/Hi-Fi_Rush,Q116439515,2024-03-19,day,,,Q116439515-dff1b370-4d2c-1054-86aa-d948242bddf1,https://www.wikidata.org/wiki/Q116439515#P577
https://en.wikipedia.org/wiki/Hidden_Folks,Q28797354,2017-02-15,day,,,Q28797354-2DDED139-5FE6-4A1C-82FF-CA74AB02AFAD,https://www.wikidata.org/wiki/Q28797354#P577
https://en.wikipedia.org/wiki/Hidden_Folks,Q28797354,2018-01-25,day,,,Q28797354-52307F9E-DBC0-49F0-9B15-E73408A4D4C8,https://www.wikidata.org/wiki/Q28797354#P577
https://en.wikipedia.org/wiki/Hidden_Folks,Q28797354,2017,year,,,Q28797354-EB94CFDA-C546-40D9-A0C3-6E702C4373C6,https://www.wikidata.org/wiki/Q28797354#P577
https://en.wikipedia.org/wiki/Hindsight_(video_game),Q106513288,2022-08-04,day,,,Q106513288-6b9d9164-4a41-8705-8579-99c083aa64dc,https://www.wikidata.org/wiki/Q106513288#P577
https://en.wikipedia.org/wiki/Hindsight_(video_game),Q106513288,2022-12-06,day,,,Q106513288-4a4614cf-4fcd-12cf-18f8-34dba1dd5e59,https://www.wikidata.org/wiki/Q106513288#P577
https://en.wikipedia.org/wiki/Hitman_(2016_video_game),Q15630929,2016-03-11,day,,,Q15630929-B5E3D29C-88A8-4C07-BFA8-7F30316F200D,https://www.wikidata.org/wiki/Q15630929#P577
https://en.wikipedia.org/wiki/Hitman_(2016_video_game),Q15630929,2017-02-16,day,,,Q15630929-fbd26ce2-4022-945a-1cfd-945497d9ff9b,https://www.wikidata.org/wiki/Q15630929#P577
https://en.wikipedia.org/wiki/Hitman_(2016_video_game),Q15630929,2017-06-20,day,,,Q15630929-07cb178b-4f1e-eca6-cd51-56aae250b98b,https://www.wikidata.org/wiki/Q15630929#P577
https://en.wikipedia.org/wiki/Hitman_3,Q96216496,2021-01-20,day,,,Q96216496-0B984ADF-3B9D-4C98-8181-0BC9EF5119EC,https://www.wikidata.org/wiki/Q96216496#P577
https://en.wikipedia.org/wiki/Hogwarts_Legacy,Q99397854,2023-02-10,day,,,Q99397854-990201f4-437d-88f4-41dc-d566ef1a47a4,https://www.wikidata.org/wiki/Q99397854#P577
https://en.wikipedia.org/wiki/Hogwarts_Legacy,Q99397854,2023-05-05,day,,,Q99397854-b3ce5778-4e5d-d058-0673-93bd73e13c0e,https://www.wikidata.org/wiki/Q99397854#P577
https://en.wikipedia.org/wiki/Hogwarts_Legacy,Q99397854,2023-11-14,day,,,Q99397854-78a81701-4aa6-4bba-67b0-3289f8012e27,https://www.wikidata.org/wiki/Q99397854#P577
https://en.wikipedia.org/wiki/Hogwarts_Legacy,Q99397854,2025-06-05,day,,,Q99397854-94b9331b-4cfb-4aa0-874d-93e056aa5e2b,https://www.wikidata.org/wiki/Q99397854#P577
https://en.wikipedia.org/wiki/Hollow_Knight,Q29300592,2017-02-24,day,,,Q29300592-EE23872F-1B84-4A99-8026-A3C2B62D2274,https://www.wikidata.org/wiki/Q29300592#P577
https://en.wikipedia.org/wiki/Hollow_Knight,Q29300592,2017-04-11,day,,,Q29300592-284f3101-4c6c-9fea-5bad-632a1562992d,https://www.wikidata.org/wiki/Q29300592#P577
https://en.wikipedia.org/wiki/Hollow_Knight,Q29300592,2018-06-12,day,,,Q29300592-3ba05f3f-4213-7473-ec5b-5fb9e8526648,https://www.wikidata.org/wiki/Q29300592#P577
https://en.wikipedia.org/wiki/Hollow_Knight,Q29300592,2018-09-25,day,,,Q29300592-89c86f23-4554-60b1-dabb-e41f8994a252,https://www.wikidata.org/wiki/Q29300592#P577
https://en.wikipedia.org/wiki/Hollow_Knight,Q29300592,2026-02-05,day,,,Q29300592-fec8dca4-43d3-08b0-7e9c-b5534f22df80,https://www.wikidata.org/wiki/Q29300592#P577
https://en.wikipedia.org/wiki/Hollow_Knight:_Silksong,Q63294487,2025-09-04,day,,,Q63294487-e2866b09-4663-f9c5-0ad2-a46afcca1b3f,https://www.wikidata.org/wiki/Q63294487#P577
https://en.wikipedia.org/wiki/Honkai:_Star_Rail,Q108896777,2023-04-26,day,,,Q108896777-6cad6b1a-41c0-5700-9e3b-bffb960de5dc,https://www.wikidata.org/wiki/Q108896777#P577
https://en.wikipedia.org/wiki/Honkai:_Star_Rail,Q108896777,2023-10-11,day,,,Q108896777-f06cd054-4f35-4f62-5dbd-5c41d66ae356,https://www.wikidata.org/wiki/Q108896777#P577
https://en.wikipedia.org/wiki/Honor_of_Kings,Q28360116,2015-11-26,day,,,Q28360116-3050c40f-465b-54b8-d30d-54e40c0872cb,https://www.wikidata.org/wiki/Q28360116#P577
https://en.wikipedia.org/wiki/Horizon_Call_of_the_Mountain,Q110422709,2023-02-22,day,,,Q110422709-c9cfed8b-477d-9467-ea72-66d3f0b9e1b2,https://www.wikidata.org/wiki/Q110422709#P577
https://en.wikipedia.org/wiki/Horizon_Forbidden_West,Q96216443,2022-02-18,day,,,Q96216443-e2ed2bf1-4911-bf59-855e-f2518c67db13,https://www.wikidata.org/wiki/Q96216443#P577
https://en.wikipedia.org/wiki/Horizon_Zero_Dawn,Q20155528,2017-02-28,day,,,Q20155528-EFBCCDD1-C719-4B92-88CF-FE70E7DCE836,https://www.wikidata.org/wiki/Q20155528#P577
https://en.wikipedia.org/wiki/Horizon_Zero_Dawn,Q20155528,2017-03-01,day,,,Q20155528-5e728849-4163-0643-975b-b12d3625c751,https://www.wikidata.org/wiki/Q20155528#P577
https://en.wikipedia.org/wiki/Horizon_Zero_Dawn,Q20155528,2020-08-07,day,,,Q20155528-1cb97cc9-41b7-42c0-beb8-332f59ca77f7,https://www.wikidata.org/wiki/Q20155528#P577
https://en.wikipedia.org/wiki/Hot_Wheels_Unleashed,Q107388819,2021-09-30,day,,,Q107388819-e83823a0-4b2c-3881-1429-7c57a0c4b5c0,https://www.wikidata.org/wiki/Q107388819#P577
https://en.wikipedia.org/wiki/Hot_Wheels_Unleashed_2:_Turbocharged,Q119801203,2023-10-19,day,,,Q119801203-96e25128-4e8a-0778-ecb0-8e6620c9295c,https://www.wikidata.org/wiki/Q119801203#P577
https://en.wikipedia.org/wiki/Humanity_(video_game),Q118399270,2023-05-16,day,,,Q118399270-5dca5604-491b-047a-21d2-2f69f3a1c919,https://www.wikidata.org/wiki/Q118399270#P577
https://en.wikipedia.org/wiki/Humankind_(video_game),Q74705108,2021-08-16,day,,,Q74705108-C09FBA71-03EC-4D9B-B97E-39D4D47007B1,https://www.wikidata.org/wiki/Q74705108#P577
https://en.wikipedia.org/wiki/Humankind_(video_game),Q74705108,2021-08-17,day,,,Q74705108-91aa0fe7-451d-6653-9464-0f10012bfb18,https://www.wikidata.org/wiki/Q74705108#P577
https://en.wikipedia.org/wiki/Humankind_(video_game),Q74705108,2021-09,month,,,Q74705108-c7f86511-400f-7ec3-a38a-541467f8a537,https://www.wikidata.org/wiki/Q74705108#P577
https://en.wikipedia.org/wiki/HyperDot,Q104830552,2020-01-31,day,,,Q104830552-8cb10953-494b-c447-488c-218ea18a5421,https://www.wikidata.org/wiki/Q104830552#P577
https://en.wikipedia.org/wiki/Hyper_Light_Drifter,Q16457556,2016-03-31,day,,,Q16457556-F42EB4DC-44FF-43EF-9C8C-8A2F969CDA8C,https://www.wikidata.org/wiki/Q16457556#P577
https://en.wikipedia.org/wiki/I_Expect_You_to_Die_2:_The_Spy_and_the_Liar,Q109651233,2021-08-24,day,,,Q109651233-1c15e7fa-424f-39cb-1635-a4adeff7877c,https://www.wikidata.org/wiki/Q109651233#P577
https://en.wikipedia.org/wiki/I_Was_a_Teenage_Exocolonist,Q113622732,2022-08-25,day,,,Q113622732-5459bcfa-47c7-37d0-77ee-657f1394e400,https://www.wikidata.org/wiki/Q113622732#P577
https://en.wikipedia.org/wiki/Icey,Q28417007,2016,year,,,Q28417007-bfe63dd0-bb83-4036-a86e-9e7543859306,https://www.wikidata.org/wiki/Q28417007#P577
https://en.wikipedia.org/wiki/If_Found...,Q94778024,2020-05-19,day,,,Q94778024-89f68304-48a8-c272-4a54-8308b78f90bb,https://www.wikidata.org/wiki/Q94778024#P577
https://en.wikipedia.org/wiki/Immortality_(video_game),Q107225273,2022-08-30,day,,,Q107225273-66728e59-4b34-ed91-ea3b-b4b8c6cb7989,https://www.wikidata.org/wiki/Q107225273#P577
https://en.wikipedia.org/wiki/Indiana_Jones_and_the_Great_Circle,Q124312399,2024-12-09,day,,,Q124312399-694cebe0-40cc-38bf-1a0f-4753c312becd,https://www.wikidata.org/wiki/Q124312399#P577
https://en.wikipedia.org/wiki/Indiana_Jones_and_the_Great_Circle,Q124312399,2025-04-17,day,,,Q124312399-4c3399cc-4f56-8ab4-8ef5-1613af389745,https://www.wikidata.org/wiki/Q124312399#P577
https://en.wikipedia.org/wiki/Indiana_Jones_and_the_Great_Circle,Q124312399,2026-05-12,day,,,Q124312399-4a9425ea-4455-7870-9596-fa5923c9d707,https://www.wikidata.org/wiki/Q124312399#P577
https://en.wikipedia.org/wiki/Indika_(video_game),Q123117469,2024-05-02,day,,,Q123117469-fbd18911-4937-8dfc-ae26-aabca2424ff8,https://www.wikidata.org/wiki/Q123117469#P577
https://en.wikipedia.org/wiki/Indika_(video_game),Q123117469,2024-05-17,day,,,Q123117469-74824d40-471e-4944-3495-dd5b8f83bfc5,https://www.wikidata.org/wiki/Q123117469#P577
https://en.wikipedia.org/wiki/Indika_(video_game),Q123117469,2025-11-17,day,,,Q123117469-bbb9e6a3-4ead-0fc1-2629-3ec8ca096335,https://www.wikidata.org/wiki/Q123117469#P577
https://en.wikipedia.org/wiki/Injustice_2,Q24717189,2017-05-11,day,,,Q24717189-42fb025e-4c5d-2b67-1a3c-b330450ded33,https://www.wikidata.org/wiki/Q24717189#P577
https://en.wikipedia.org/wiki/Injustice_2,Q24717189,2017-05-16,day,,,Q24717189-4bdab379-47dd-2214-c690-0dca89a2236e,https://www.wikidata.org/wiki/Q24717189#P577
https://en.wikipedia.org/wiki/Injustice_2,Q24717189,2017-05-17,day,,,Q24717189-35f9b91e-4a19-e1f0-5ff1-6ba78fbfecbe,https://www.wikidata.org/wiki/Q24717189#P577
https://en.wikipedia.org/wiki/Injustice_2,Q24717189,2017-05-19,day,,,Q24717189-62615c0b-4478-2889-7ab4-dcaeef2f264f,https://www.wikidata.org/wiki/Q24717189#P577
https://en.wikipedia.org/wiki/Inscryption,Q109051201,2021-10-19,day,,,Q109051201-5be7af17-4f86-677f-5b3d-6f7019ef128d,https://www.wikidata.org/wiki/Q109051201#P577
https://en.wikipedia.org/wiki/Inscryption,Q109051201,2023-04-10,day,,,Q109051201-9f1113d2-4047-01b0-c12f-b754dc2a0b52,https://www.wikidata.org/wiki/Q109051201#P577
https://en.wikipedia.org/wiki/Inside_(video_game),Q22019785,2016-06-29,day,,,Q22019785-851D2E6B-19D6-49EF-903F-34EC385416EE,https://www.wikidata.org/wiki/Q22019785#P577
https://en.wikipedia.org/wiki/Inside_(video_game),Q22019785,2016-07-07,day,,,Q22019785-3dad71d0-4350-0ac9-2788-5314e86316fc,https://www.wikidata.org/wiki/Q22019785#P577
https://en.wikipedia.org/wiki/Inside_(video_game),Q22019785,2016-08-23,day,,,Q22019785-766c3ddb-49ce-bb5c-7db6-77e942dfa85c,https://www.wikidata.org/wiki/Q22019785#P577
https://en.wikipedia.org/wiki/Inside_(video_game),Q22019785,2017-12-15,day,,,Q22019785-1329f9bd-4cf6-e697-998b-c3cc4357a1b1,https://www.wikidata.org/wiki/Q22019785#P577
https://en.wikipedia.org/wiki/Inside_(video_game),Q22019785,2018-06-28,day,,,Q22019785-d0a98f9f-4d80-f038-6c38-aa6f805d7b0b,https://www.wikidata.org/wiki/Q22019785#P577
https://en.wikipedia.org/wiki/Inside_(video_game),Q22019785,2020-06-23,day,,,Q22019785-da71d934-4cca-6bec-26fe-076a3a86fdf2,https://www.wikidata.org/wiki/Q22019785#P577
https://en.wikipedia.org/wiki/Into_the_Breach,Q30591391,2018-02-27,day,,,Q30591391-CD3CF992-2105-454C-B609-363487C57542,https://www.wikidata.org/wiki/Q30591391#P577
https://en.wikipedia.org/wiki/It_Takes_Two_(video_game),Q105038239,2021-03-26,day,,,Q105038239-b0462430-44ca-d34a-e650-7437ebf53059,https://www.wikidata.org/wiki/Q105038239#P577
https://en.wikipedia.org/wiki/It_Takes_Two_(video_game),Q105038239,2022-11-04,day,,,Q105038239-0c0d71fd-4326-5431-87e8-633af3a8f0ad,https://www.wikidata.org/wiki/Q105038239#P577
https://en.wikipedia.org/wiki/It_Takes_Two_(video_game),Q105038239,2026-10-15,day,,,Q105038239-7e8be06b-495a-0571-6b21-d034f4051ab9,https://www.wikidata.org/wiki/Q105038239#P577
https://en.wikipedia.org/wiki/JoJo%27s_Bizarre_Adventure:_All_Star_Battle_R,Q116160341,2022-09-02,day,,,Q116160341-375e76c0-4459-f7dd-bc8c-265bb7ef8ff7,https://www.wikidata.org/wiki/Q116160341#P577
https://en.wikipedia.org/wiki/Job_Simulator,Q23762874,2016-04-05,day,,,Q23762874-09FD6957-74D8-44BE-B074-8DCAAE1E7B95,https://www.wikidata.org/wiki/Q23762874#P577
https://en.wikipedia.org/wiki/Jump_Force,Q54893842,2019-02-14,day,,,Q54893842-e117130d-43c1-0ee2-ae04-dabe9369520a,https://www.wikidata.org/wiki/Q54893842#P577
https://en.wikipedia.org/wiki/Jump_Force,Q54893842,2019-02-15,day,,,Q54893842-e8943e82-4e62-6010-136a-c4cba21cf084,https://www.wikidata.org/wiki/Q54893842#P577
https://en.wikipedia.org/wiki/Jurassic_World_Evolution_3,Q134723499,2025-10-21,day,,,Q134723499-e0e1b88f-40c9-f0cc-6551-aa412b6cdc4c,https://www.wikidata.org/wiki/Q134723499#P577
https://en.wikipedia.org/wiki/Katana_Zero,Q33101548,2019-04-18,day,,,Q33101548-642c78f5-4e89-da0c-bb55-e67a2bc9bcb1,https://www.wikidata.org/wiki/Q33101548#P577
https://en.wikipedia.org/wiki/Kena:_Bridge_of_Spirits,Q96242717,2021-09-21,day,,,Q96242717-80942482-4b47-3b5b-b2b9-ef356ff86945,https://www.wikidata.org/wiki/Q96242717#P577
https://en.wikipedia.org/wiki/Kena:_Bridge_of_Spirits,Q96242717,2022-09-27,day,,,Q96242717-3470efbf-46b5-975f-326a-e7e0de36dc06,https://www.wikidata.org/wiki/Q96242717#P577
https://en.wikipedia.org/wiki/Kena:_Bridge_of_Spirits,Q96242717,2024-08-15,day,,,Q96242717-f038d776-49b3-9228-62e0-3c4a2bd7090f,https://www.wikidata.org/wiki/Q96242717#P577
https://en.wikipedia.org/wiki/Kena:_Bridge_of_Spirits,Q96242717,2026-03-26,day,,,Q96242717-fbba7ef8-4cc8-9858-caa0-26f5784ef85b,https://www.wikidata.org/wiki/Q96242717#P577
https://en.wikipedia.org/wiki/Kentucky_Route_Zero,Q6392377,2013-01-07,day,,,Q6392377-57094524-9FA9-422D-A0B9-2C10DDAD22D7,https://www.wikidata.org/wiki/Q6392377#P577
https://en.wikipedia.org/wiki/Kentucky_Route_Zero,Q6392377,2013-05-31,day,,,Q6392377-a8314558-4358-d783-20b6-bf3f68deffff,https://www.wikidata.org/wiki/Q6392377#P577
https://en.wikipedia.org/wiki/Kentucky_Route_Zero,Q6392377,2014-05-06,day,,,Q6392377-4262dc97-480a-15b7-f3eb-5cfeb916b77a,https://www.wikidata.org/wiki/Q6392377#P577
https://en.wikipedia.org/wiki/Kentucky_Route_Zero,Q6392377,2016-07-19,day,,,Q6392377-140ee166-42c7-e08f-5109-83efedc3aa1f,https://www.wikidata.org/wiki/Q6392377#P577
https://en.wikipedia.org/wiki/Kentucky_Route_Zero,Q6392377,2020-01-28,day,,,Q6392377-c71f3c0d-4752-d742-f8d2-db4f10e37e12,https://www.wikidata.org/wiki/Q6392377#P577
https://en.wikipedia.org/wiki/Killer_Instinct_(2013_video_game),Q13522696,2013-11-22,day,,,Q13522696-AEE35245-298B-4BE0-B6AA-24561FD0C2DB,https://www.wikidata.org/wiki/Q13522696#P577
https://en.wikipedia.org/wiki/Kind_Words_(video_game),Q68088032,2019-09-12,day,,,Q68088032-6b8df707-4abc-226c-ffa6-9d8e2d25ba7c,https://www.wikidata.org/wiki/Q68088032#P577
https://en.wikipedia.org/wiki/Kingdom_Come:_Deliverance_II,Q125430996,2025-02-04,day,,,Q125430996-2f591886-4aa1-5c9d-47d2-33f3dd345f4a,https://www.wikidata.org/wiki/Q125430996#P577
https://en.wikipedia.org/wiki/Kingdom_Hearts_III,Q3265748,2019-01-25,day,,,Q3265748-0edaaca9-4cfd-2a92-9231-a3f384f50d1d,https://www.wikidata.org/wiki/Q3265748#P577
https://en.wikipedia.org/wiki/Kingdom_Hearts_III,Q3265748,2019-01-29,day,,,Q3265748-557db2f9-48ab-a262-1a66-4a29abefba2c,https://www.wikidata.org/wiki/Q3265748#P577
https://en.wikipedia.org/wiki/Kirby_and_the_Forgotten_Land,Q108670544,2022-03-25,day,,,Q108670544-153081e9-467d-01e8-5600-382f7c75ad01,https://www.wikidata.org/wiki/Q108670544#P577
https://en.wikipedia.org/wiki/Knockout_City,Q105687014,2021-05-21,day,,,Q105687014-c4bff1c8-48e1-3a5b-e768-4f9c985952b0,https://www.wikidata.org/wiki/Q105687014#P577
https://en.wikipedia.org/wiki/Kunitsu-Gami:_Path_of_the_Goddess,Q119361233,2024-07-19,day,,,Q119361233-34C1FDCB-61B2-4B5C-BF00-0ACE6AD1BB5D,https://www.wikidata.org/wiki/Q119361233#P577
https://en.wikipedia.org/wiki/Kunitsu-Gami:_Path_of_the_Goddess,Q119361233,2025-06-05,day,,,Q119361233-0e4dae38-41cf-afa5-354e-b8f4b8e891ed,https://www.wikidata.org/wiki/Q119361233#P577
https://en.wikipedia.org/wiki/Lara_Croft_Go,Q20895586,2015-08-27,day,,,Q20895586-72DAA5D7-6503-4DF6-874D-21A9AC162A0D,https://www.wikidata.org/wiki/Q20895586#P577
https://en.wikipedia.org/wiki/Lara_Croft_Go,Q20895586,2016-12-03,day,,,Q20895586-feb280b0-40ee-fa95-fa48-59a0e8d05b94,https://www.wikidata.org/wiki/Q20895586#P577
https://en.wikipedia.org/wiki/Lara_Croft_Go,Q20895586,2016-12-04,day,,,Q20895586-A3F93BA7-2927-43A5-A20C-281C53A410A7,https://www.wikidata.org/wiki/Q20895586#P577
https://en.wikipedia.org/wiki/League_of_Legends,Q223341,2009-10-27,day,,,Q223341-72E2060D-D282-4BB3-8D1E-EDC0472C2611,https://www.wikidata.org/wiki/Q223341#P577
https://en.wikipedia.org/wiki/League_of_Legends:_Wild_Rift,Q75230763,2020-10-27,day,,,Q75230763-3d78e606-4119-7389-047c-0aa8ce5f58d9,https://www.wikidata.org/wiki/Q75230763#P577
https://en.wikipedia.org/wiki/Legends_of_Runeterra,Q72716423,2020-04-29,day,,,Q72716423-37b84044-4179-b5c3-b493-746fb21afbaf,https://www.wikidata.org/wiki/Q72716423#P577
https://en.wikipedia.org/wiki/Lego_Dimensions,Q19789277,2015-09-27,day,,,Q19789277-1EABBE56-3D76-4CC5-AB03-CA23238839D5,https://www.wikidata.org/wiki/Q19789277#P577
https://en.wikipedia.org/wiki/Lego_Party,Q134723582,2025-09-30,day,,,Q134723582-2E65B4BA-3360-4C65-8CA4-E0550A9731CA,https://www.wikidata.org/wiki/Q134723582#P577
https://en.wikipedia.org/wiki/Lego_Star_Wars:_The_Force_Awakens,Q22570384,2016-06-27,day,,,Q22570384-0365AEB6-7D05-4DB5-B4F5-1F27E3A336B8,https://www.wikidata.org/wiki/Q22570384#P577
https://en.wikipedia.org/wiki/Lego_Star_Wars:_The_Force_Awakens,Q22570384,2016-06-28,day,,,Q22570384-f8dcfa80-4675-a454-f541-7199b6828866,https://www.wikidata.org/wiki/Q22570384#P577
https://en.wikipedia.org/wiki/Lego_Star_Wars:_The_Skywalker_Saga,Q64521118,2022-04-05,day,,,Q64521118-3e110390-45f0-b39b-cd8b-bcf753ac414d,https://www.wikidata.org/wiki/Q64521118#P577
https://en.wikipedia.org/wiki/Lego_Voyagers,Q134723443,2025-09-15,day,,,Q134723443-D65391DA-11B7-4F19-AE84-D2B55B8E2436,https://www.wikidata.org/wiki/Q134723443#P577
https://en.wikipedia.org/wiki/Lies_of_P,Q109820884,2023-09-19,day,,,Q109820884-c2d5bf5c-4d0f-4009-83da-b4f194ebdb73,https://www.wikidata.org/wiki/Q109820884#P577
https://en.wikipedia.org/wiki/Life_Is_Strange:_Before_the_Storm,Q30242632,2017-08-31,day,,,Q30242632-A1340B3A-4FC5-448D-94CE-1F420597C47D,https://www.wikidata.org/wiki/Q30242632#P577
https://en.wikipedia.org/wiki/Life_Is_Strange:_Double_Exposure,Q126464545,2024-10-29,day,,,Q126464545-8819116E-A5B9-4F03-83FA-7B16025A169F,https://www.wikidata.org/wiki/Q126464545#P577
https://en.wikipedia.org/wiki/Life_Is_Strange:_True_Colors,Q106030331,2021-09-10,day,,,Q106030331-e7a99074-4bbb-9a5c-4d41-38184fad0a26,https://www.wikidata.org/wiki/Q106030331#P577
https://en.wikipedia.org/wiki/Life_Is_Strange_(video_game),Q18536861,2015-01-30,day,,,Q18536861-7B0C2363-5FC0-4163-8080-4ECA4AEE33D4,https://www.wikidata.org/wiki/Q18536861#P577
https://en.wikipedia.org/wiki/Life_Is_Strange_2,Q30010677,2018-09-26,day,,,Q30010677-0094c37f-44b2-4177-1fb5-83591a0a9e06,https://www.wikidata.org/wiki/Q30010677#P577
https://en.wikipedia.org/wiki/Life_Is_Strange_2:_Episode_1,Q30010677,2018-09-26,day,,,Q30010677-0094c37f-44b2-4177-1fb5-83591a0a9e06,https://www.wikidata.org/wiki/Q30010677#P577
https://en.wikipedia.org/wiki/Like_a_Dragon:_Infinite_Wealth,Q116980062,2024-01-26,day,,,Q116980062-3ff3bc86-4737-8ed6-6081-1bd872851d2b,https://www.wikidata.org/wiki/Q116980062#P577
https://en.wikipedia.org/wiki/Live_a_Live,Q2656776,1994-09-02,day,,,Q2656776-59502E3A-5D84-4124-AD4E-A35CBBF1B9F4,https://www.wikidata.org/wiki/Q2656776#P577
https://en.wikipedia.org/wiki/Live_a_Live,Q2656776,2015-06-17,day,,,Q2656776-4da0728b-40d7-d31d-0a7a-24eaec1b8571,https://www.wikidata.org/wiki/Q2656776#P577
https://en.wikipedia.org/wiki/Live_a_Live,Q2656776,2016-11-28,day,,,Q2656776-cf7cfedf-4666-9ee9-a446-116fc8891747,https://www.wikidata.org/wiki/Q2656776#P577
https://en.wikipedia.org/wiki/Live_a_Live,Q2656776,2022-07-22,day,,,Q2656776-a0210df2-4a18-91f8-39d5-ccc202c5f8d4,https://www.wikidata.org/wiki/Q2656776#P577
https://en.wikipedia.org/wiki/Live_a_Live,Q2656776,2023-04-27,day,,,Q2656776-817f1a70-4b2f-5079-f5a2-14285f5ada73,https://www.wikidata.org/wiki/Q2656776#P577
https://en.wikipedia.org/wiki/Lone_Echo,Q33256940,2017,year,,,Q33256940-7e304fec-432b-2995-2f87-ab37450530d3,https://www.wikidata.org/wiki/Q33256940#P577
https://en.wikipedia.org/wiki/Lone_Echo_II,Q96390742,2021-10-12,day,,,Q96390742-8b29c780-4d85-3d7e-7e86-de6503ec2832,https://www.wikidata.org/wiki/Q96390742#P577
https://en.wikipedia.org/wiki/Loop_Hero,Q105683340,2021-03-04,day,,,Q105683340-7d519540-42ae-b00b-25d4-a7a643bbd429,https://www.wikidata.org/wiki/Q105683340#P577
https://en.wikipedia.org/wiki/Loop_Hero,Q105683340,2023-04-04,day,,,Q105683340-e0cd5d12-4c8c-289e-5d8c-4bf8475f29f7,https://www.wikidata.org/wiki/Q105683340#P577
https://en.wikipedia.org/wiki/Lorelei_and_the_Laser_Eyes,Q125506077,2024-05-16,day,,,Q125506077-ff5b40e4-438d-8921-2ecc-8a7d310ad3f8,https://www.wikidata.org/wiki/Q125506077#P577
https://en.wikipedia.org/wiki/Lorelei_and_the_Laser_Eyes,Q125506077,2025-12-03,day,,,Q125506077-6bcbcb41-4a1e-287f-9df2-8ca6e9096925,https://www.wikidata.org/wiki/Q125506077#P577
https://en.wikipedia.org/wiki/Lorelei_and_the_Laser_Eyes,Q125506077,2026-04-23,day,,,Q125506077-9b37cdda-45e7-64f1-af03-6c7dfc6fa8b1,https://www.wikidata.org/wiki/Q125506077#P577
https://en.wikipedia.org/wiki/Lost_Records:_Bloom_%26_Rage,Q123699056,2025-02-18,day,,,Q123699056-cd47c03f-4116-9d67-db0e-fe21e227fa4f,https://www.wikidata.org/wiki/Q123699056#P577
https://en.wikipedia.org/wiki/Luigi%27s_Mansion_3,Q56641109,2019-10-31,day,,,Q56641109-dd19d412-46c8-4618-806d-8b32c97094e5,https://www.wikidata.org/wiki/Q56641109#P577
https://en.wikipedia.org/wiki/MLB_The_Show_16,Q21772564,2016-03-29,day,,,Q21772564-515aa64d-4ee6-c291-2009-bf4a0c439f79,https://www.wikidata.org/wiki/Q21772564#P577
https://en.wikipedia.org/wiki/Mafia_III,Q20737889,2016-10-07,day,,,Q20737889-2589cf9d-42dc-db7c-43e0-a6a2f8488cc7,https://www.wikidata.org/wiki/Q20737889#P577
https://en.wikipedia.org/wiki/Manor_Lords,Q97338068,2024-04-26,day,,,Q97338068-D9DD7FF8-5743-4FDC-8EB2-F05053459C55,https://www.wikidata.org/wiki/Q97338068#P577
https://en.wikipedia.org/wiki/Mario_%2B_Rabbids_Kingdom_Battle,Q30246427,2017-08-29,day,,,Q30246427-5935f81d-478e-b68e-dfdd-c422a3dc8e4a,https://www.wikidata.org/wiki/Q30246427#P577
https://en.wikipedia.org/wiki/Mario_%2B_Rabbids_Sparks_of_Hope,Q107208619,2022-10-20,day,,,Q107208619-56e4231e-49eb-1603-dba1-51159c5cc4fc,https://www.wikidata.org/wiki/Q107208619#P577
https://en.wikipedia.org/wiki/Mario_Kart_8,Q13427106,2014-05-29,day,,,Q13427106-745F1EBA-E6A9-4865-AC63-66408B7E4A38,https://www.wikidata.org/wiki/Q13427106#P577
https://en.wikipedia.org/wiki/Mario_Kart_8,Q13427106,2014-05-30,day,,,Q13427106-ccb50374-4643-9cc2-0d9b-7c1e9dbaf5fb,https://www.wikidata.org/wiki/Q13427106#P577
https://en.wikipedia.org/wiki/Mario_Kart_8,Q13427106,2014-05-31,day,,,Q13427106-c2032f68-42d2-f3cb-8a99-5d26e7e8dec5,https://www.wikidata.org/wiki/Q13427106#P577
https://en.wikipedia.org/wiki/Mario_Kart_8_Deluxe,Q28321447,2017-04-28,day,,,Q28321447-61cd9844-48f0-9664-3985-e156d08d5e0b,https://www.wikidata.org/wiki/Q28321447#P577
https://en.wikipedia.org/wiki/Mario_Kart_Live:_Home_Circuit,Q98844808,2020-10-16,day,,,Q98844808-77436f3c-49c6-3f26-24bf-5ebc34c1d0b7,https://www.wikidata.org/wiki/Q98844808#P577
https://en.wikipedia.org/wiki/Mario_Kart_Live:_Home_Circuit,Q98844808,2021-12-20,day,,,Q98844808-9a71c2c6-4492-8ade-2363-d490fb69bc15,https://www.wikidata.org/wiki/Q98844808#P577
https://en.wikipedia.org/wiki/Mario_Kart_World,Q131767872,2025-06-05,day,,,Q131767872-f20a7a7a-42a3-99d0-b04e-12772eab3a67,https://www.wikidata.org/wiki/Q131767872#P577
https://en.wikipedia.org/wiki/Mario_Party_Superstars,Q107250201,2021-10-29,day,,,Q107250201-66d6542e-4e3f-0f36-d454-c25e51159d05,https://www.wikidata.org/wiki/Q107250201#P577
https://en.wikipedia.org/wiki/Mario_Tennis_Aces,Q47208788,2018-06-22,day,,,Q47208788-dab3ed70-466c-b505-58da-4dd9b8405cd5,https://www.wikidata.org/wiki/Q47208788#P577
https://en.wikipedia.org/wiki/Marvel%27s_Deadpool_VR,Q134723506,2025-11-18,day,,,Q134723506-0E52F24D-E1E0-4379-98C5-A8AFD74E01D9,https://www.wikidata.org/wiki/Q134723506#P577
https://en.wikipedia.org/wiki/Marvel%27s_Guardians_of_the_Galaxy,Q107214964,2021-10-26,day,,,Q107214964-69534779-4a5e-af2f-f283-27efb756cbc3,https://www.wikidata.org/wiki/Q107214964#P577
https://en.wikipedia.org/wiki/Marvel%27s_Spider-Man_(video_game),Q25340029,2018-09-07,day,,,Q25340029-b3a75dbe-43b6-fdd6-f8c1-af2dc6467769,https://www.wikidata.org/wiki/Q25340029#P577
https://en.wikipedia.org/wiki/Marvel%27s_Spider-Man_(video_game),Q25340029,2020-11-12,day,,,Q25340029-1f9068ad-4d6a-ce3f-a165-0690faa2998d,https://www.wikidata.org/wiki/Q25340029#P577
https://en.wikipedia.org/wiki/Marvel%27s_Spider-Man_(video_game),Q25340029,2022-08-12,day,,,Q25340029-5aeefb03-49fd-10c2-40e5-631105130d21,https://www.wikidata.org/wiki/Q25340029#P577
https://en.wikipedia.org/wiki/Marvel%27s_Spider-Man_2,Q108479502,2023-10-20,day,,,Q108479502-c71d839a-469f-726c-e7d9-e5497aec3a99,https://www.wikidata.org/wiki/Q108479502#P577
https://en.wikipedia.org/wiki/Marvel%27s_Spider-Man_2,Q108479502,2025-01-30,day,,,Q108479502-f3d1fbfe-4a63-c26c-83d4-d10762ab6fb0,https://www.wikidata.org/wiki/Q108479502#P577
https://en.wikipedia.org/wiki/Marvel%27s_Wolverine,Q108479474,2026-09-15,day,,,Q108479474-e4c94c70-4615-fc5a-cb15-64fc00148fda,https://www.wikidata.org/wiki/Q108479474#P577
https://en.wikipedia.org/wiki/Marvel_Future_Revolution,Q107697271,2021-08-25,day,,,Q107697271-35ef48d8-4304-ab1e-84f3-7a4195c1e12c,https://www.wikidata.org/wiki/Q107697271#P577
https://en.wikipedia.org/wiki/Marvel_Rivals,Q125175413,2024-12-06,day,,,Q125175413-0e858e5c-4dc8-9d47-64a1-7f419c98ba42,https://www.wikidata.org/wiki/Q125175413#P577
https://en.wikipedia.org/wiki/Marvel_Snap,Q112075374,2022-10-18,day,,,Q112075374-2ae3cd9e-4228-dbcb-50ae-89784eb779ca,https://www.wikidata.org/wiki/Q112075374#P577
https://en.wikipedia.org/wiki/Marvel_vs._Capcom:_Infinite,Q27971937,2017-09,month,,,Q27971937-7a128178-414c-7f94-e7e6-cfcd2946a572,https://www.wikidata.org/wiki/Q27971937#P577
https://en.wikipedia.org/wiki/Marvel_vs._Capcom_Fighting_Collection:_Arcade_Classics,Q126723314,2024-09-12,day,,,Q126723314-6737f670-4f5c-1146-01f1-11f7d0371b2f,https://www.wikidata.org/wiki/Q126723314#P577
https://en.wikipedia.org/wiki/Mass_Effect:_Andromeda,Q20113552,2017-03-21,day,,,Q20113552-DBCED413-1E8C-4C9B-A9D8-0B37ACD53908,https://www.wikidata.org/wiki/Q20113552#P577
https://en.wikipedia.org/wiki/Mass_Effect:_Andromeda,Q20113552,2017-03-23,day,,,Q20113552-9064e20b-4d63-2b77-8411-fbccd266fbe8,https://www.wikidata.org/wiki/Q20113552#P577
https://en.wikipedia.org/wiki/Mega_Man_11,Q44636586,2018,year,,,Q44636586-ffbb68f7-722a-4061-bb8b-4438366e2218,https://www.wikidata.org/wiki/Q44636586#P577
https://en.wikipedia.org/wiki/Megabonk,Q135072248,2025-09-18,day,,,Q135072248-d03dfcbb-4e1b-4243-8f4a-8da62e8c4ee7,https://www.wikidata.org/wiki/Q135072248#P577
https://en.wikipedia.org/wiki/Melty_Blood:_Type_Lumina,Q106230022,2021-09-30,day,,,Q106230022-f193c97c-4982-af7d-c7db-c08ba1f46ee3,https://www.wikidata.org/wiki/Q106230022#P577
https://en.wikipedia.org/wiki/Metal:_Hellsinger,Q96252758,2022-09-15,day,,,Q96252758-e32fb1fe-4977-40a3-c969-7917e8334524,https://www.wikidata.org/wiki/Q96252758#P577
https://en.wikipedia.org/wiki/Metal:_Hellsinger,Q96252758,2022-12-08,day,,,Q96252758-ebfe9b49-4e57-8a03-15e1-c84938c3d4ad,https://www.wikidata.org/wiki/Q96252758#P577
https://en.wikipedia.org/wiki/Metal_Gear_Solid_V:_The_Phantom_Pain,Q717600,2015-09-01,day,,,Q717600-BB7A2CAB-CA96-406A-9C58-9CEB6B9C8230,https://www.wikidata.org/wiki/Q717600#P577
https://en.wikipedia.org/wiki/Metaphor:_ReFantazio,Q119362054,2024-10-11,day,,,Q119362054-DEE5EEBE-9AF8-429D-B261-45FB9BDD5830,https://www.wikidata.org/wiki/Q119362054#P577
https://en.wikipedia.org/wiki/Metaphor:_ReFantazio,Q119362054,2026-11-12,day,,,Q119362054-58b91a7c-4237-b6df-c2d2-2645cd7d30c4,https://www.wikidata.org/wiki/Q119362054#P577
https://en.wikipedia.org/wiki/Metro_Awakening,Q124395908,2024-11-07,day,,,Q124395908-6010d1ba-401a-c7f3-83f3-5c4811dbf9f3,https://www.wikidata.org/wiki/Q124395908#P577
https://en.wikipedia.org/wiki/Metro_Exodus,Q30238508,2019-02-15,day,,,Q30238508-ac7b37d2-4451-3e5e-5a82-4de9c0fc82fa,https://www.wikidata.org/wiki/Q30238508#P577
https://en.wikipedia.org/wiki/Metroid:_Samus_Returns,Q30325600,2017-09-15,day,,,Q30325600-9e10289d-4e71-f967-aa3e-44609fa5f19f,https://www.wikidata.org/wiki/Q30325600#P577
https://en.wikipedia.org/wiki/Metroid_Dread,Q17006956,2021-10-08,day,,,Q17006956-a88c2d6c-4215-d8a2-88cd-22a76fd8e6bc,https://www.wikidata.org/wiki/Q17006956#P577
https://en.wikipedia.org/wiki/Metroid_Prime_4:_Beyond,Q30749509,2025-12-04,day,,,Q30749509-83d8f52d-4c7a-8394-ad4d-9423ab8550a5,https://www.wikidata.org/wiki/Q30749509#P577
https://en.wikipedia.org/wiki/Metroid_Prime_4:_Beyond,Q30749509,2025,year,,,Q30749509-7c529b15-4c71-0ab9-4e71-0233dda78ff0,https://www.wikidata.org/wiki/Q30749509#P577
https://en.wikipedia.org/wiki/Microsoft_Flight_Simulator_(2020_video_game),Q69523972,2020-08-18,day,,,Q69523972-1d15cf71-492a-daff-84e4-f956fc31b04f,https://www.wikidata.org/wiki/Q69523972#P577
https://en.wikipedia.org/wiki/Microsoft_Flight_Simulator_(2020_video_game),Q69523972,2021-07-27,day,,,Q69523972-00dd55fa-4647-3160-5b26-daa794542499,https://www.wikidata.org/wiki/Q69523972#P577
https://en.wikipedia.org/wiki/Middle-earth:_Shadow_of_Mordor,Q15709637,2014-09-30,day,,,Q15709637-BC8DAAA2-3005-4D5D-BA7A-6384AAC01BFD,https://www.wikidata.org/wiki/Q15709637#P577
https://en.wikipedia.org/wiki/Minecraft_Dungeons,Q56884780,2020-05-26,day,,,Q56884780-e555b6d5-a504-4fcb-adff-0d9c9e44f4c0,https://www.wikidata.org/wiki/Q56884780#P577
https://en.wikipedia.org/wiki/Mobile_Legends:_Bang_Bang,Q29564198,2016-07-14,day,,,Q29564198-47de73c6-3e80-4070-bdc7-85ad3274bcfd,https://www.wikidata.org/wiki/Q29564198#P577
https://en.wikipedia.org/wiki/Monster_Hunter:_World,Q30252256,2018-01-26,day,,,Q30252256-a9f74fb4-4fd3-cb04-c200-7560d423be22,https://www.wikidata.org/wiki/Q30252256#P577
https://en.wikipedia.org/wiki/Monster_Hunter_4_Ultimate,Q3861001,2013-09-14,day,,,Q3861001-4716324A-8BB8-4508-97F7-D681ED4FEC5B,https://www.wikidata.org/wiki/Q3861001#P577
https://en.wikipedia.org/wiki/Monster_Hunter_Generations,Q20856979,2015-11-28,day,,,Q20856979-664f54c3-4c7a-95fb-7d8b-bcaa776aee28,https://www.wikidata.org/wiki/Q20856979#P577
https://en.wikipedia.org/wiki/Monster_Hunter_Generations,Q20856979,2016-07-15,day,,,Q20856979-2cbb4712-41e0-b28b-4755-a6192c3e3242,https://www.wikidata.org/wiki/Q20856979#P577
https://en.wikipedia.org/wiki/Monster_Hunter_Generations,Q20856979,2016-07-16,day,,,Q20856979-a9fde7b5-485d-8081-2ca9-44bec5697536,https://www.wikidata.org/wiki/Q20856979#P577
https://en.wikipedia.org/wiki/Monster_Hunter_Now,Q117788817,2023-09-14,day,,,Q117788817-3fe764b3-435f-9264-8deb-f4202b6e4b49,https://www.wikidata.org/wiki/Q117788817#P577
https://en.wikipedia.org/wiki/Monster_Hunter_Rise,Q99441852,2021-03-26,day,,,Q99441852-4C7D7EA9-0C8D-4292-BE9D-A764AA9B0657,https://www.wikidata.org/wiki/Q99441852#P577
https://en.wikipedia.org/wiki/Monster_Hunter_Rise,Q99441852,2021-03-26,day,,,Q99441852-9f91b00f-49bc-01c4-d789-dba5ea1cbb44,https://www.wikidata.org/wiki/Q99441852#P577
https://en.wikipedia.org/wiki/Monster_Hunter_Rise,Q99441852,2022-01-13,day,,,Q99441852-d017b17c-4fe0-751a-4ae0-d5eb3388b8b6,https://www.wikidata.org/wiki/Q99441852#P577
https://en.wikipedia.org/wiki/Monster_Hunter_Rise,Q99441852,2023-01-20,day,,,Q99441852-89acf8de-4ec2-8533-c607-7f5a27071f96,https://www.wikidata.org/wiki/Q99441852#P577
https://en.wikipedia.org/wiki/Monster_Hunter_Stories,Q26157961,2016-10-08,day,,,Q26157961-6a3b314c-4d8e-53c9-b7c0-f4af6ab40bf8,https://www.wikidata.org/wiki/Q26157961#P577
https://en.wikipedia.org/wiki/Monster_Hunter_Stories,Q26157961,2017-09-08,day,,,Q26157961-27368fed-468b-9446-1524-ebeec37aadbd,https://www.wikidata.org/wiki/Q26157961#P577
https://en.wikipedia.org/wiki/Monster_Hunter_Stories,Q26157961,2017-09-09,day,,,Q26157961-b5170b8a-469b-7c3f-a5e6-df6a86527e42,https://www.wikidata.org/wiki/Q26157961#P577
https://en.wikipedia.org/wiki/Monster_Hunter_Stories,Q26157961,2017-12-04,day,,,Q26157961-27e7dfd9-4d86-dd31-76c7-346cc325371f,https://www.wikidata.org/wiki/Q26157961#P577
https://en.wikipedia.org/wiki/Monster_Hunter_Stories,Q26157961,2018-09-25,day,,,Q26157961-5fc10202-4096-f9f8-914f-3700db1c36c1,https://www.wikidata.org/wiki/Q26157961#P577
https://en.wikipedia.org/wiki/Monster_Hunter_Stories,Q26157961,2024-06-14,day,,,Q26157961-c2199933-4b1e-9dee-98b8-7f32e399112a,https://www.wikidata.org/wiki/Q26157961#P577
https://en.wikipedia.org/wiki/Monster_Hunter_Wilds,Q123699158,2025-02-28,day,,,Q123699158-26806ffb-4d02-7819-e12e-148c8247fe90,https://www.wikidata.org/wiki/Q123699158#P577
https://en.wikipedia.org/wiki/Monster_Hunter_Wilds,Q123699158,2026-12-04,day,,,Q123699158-6486fb71-4a71-6fe7-0e4f-ef0335c492c6,https://www.wikidata.org/wiki/Q123699158#P577
https://en.wikipedia.org/wiki/Monster_Hunter_World:_Iceborne,Q81690497,2020-01-09,day,,,Q81690497-ca97742d-2a41-462d-b46b-5e59bbd74d3a,https://www.wikidata.org/wiki/Q81690497#P577
https://en.wikipedia.org/wiki/Monument_Valley_(video_game),Q15553298,2014-04-03,day,,,Q15553298-2D160BEC-3AD6-4044-9580-C850D95DE519,https://www.wikidata.org/wiki/Q15553298#P577
https://en.wikipedia.org/wiki/Monument_Valley_2,Q30140600,2017-06-05,day,,,Q30140600-4c5494d7-44fc-40a2-2ca3-c18dc464ba49,https://www.wikidata.org/wiki/Q30140600#P577
https://en.wikipedia.org/wiki/Mortal_Kombat:_Legacy_Kollection,Q134707692,2025-10-30,day,,,Q134707692-ca810ee6-4018-af33-07c7-f6370bd5543d,https://www.wikidata.org/wiki/Q134707692#P577
https://en.wikipedia.org/wiki/Mortal_Kombat_1,Q118374430,2023-09-19,day,,,Q118374430-8800ed5a-4d9f-9925-06bf-e6cb4217263e,https://www.wikidata.org/wiki/Q118374430#P577
https://en.wikipedia.org/wiki/Mortal_Kombat_11,Q59511757,2019-04-23,day,,,Q59511757-4d5c3548-4617-29e9-471e-cdd60c236d70,https://www.wikidata.org/wiki/Q59511757#P577
https://en.wikipedia.org/wiki/Mortal_Kombat_11:_Ultimate_Edition,Q59511757,2019-04-23,day,,,Q59511757-4d5c3548-4617-29e9-471e-cdd60c236d70,https://www.wikidata.org/wiki/Q59511757#P577
https://en.wikipedia.org/wiki/Mortal_Kombat_X,Q17118361,2015-04-14,day,,,Q17118361-d582e7b2-44cf-f09a-66f5-ea5c4af066a4,https://www.wikidata.org/wiki/Q17118361#P577
https://en.wikipedia.org/wiki/Mortal_Shell,Q96991833,2020-08-18,day,,,Q96991833-9f084c61-41fa-890f-fe02-aa084b0f8165,https://www.wikidata.org/wiki/Q96991833#P577
https://en.wikipedia.org/wiki/Moss:_Book_II,Q113268967,2022-10-20,day,,,Q113268967-F2EF00AA-932A-4FB0-B621-9168058FAD6A,https://www.wikidata.org/wiki/Q113268967#P577
https://en.wikipedia.org/wiki/Moss_(video_game),Q43304591,2018-02-27,day,,,Q43304591-8C67EE43-0DE3-4C9C-B903-457964774875,https://www.wikidata.org/wiki/Q43304591#P577
https://en.wikipedia.org/wiki/Mountain_(video_game),Q29293936,2014-08-18,day,,,Q29293936-7795A9F6-F933-4593-89B1-3E38AB8F4D59,https://www.wikidata.org/wiki/Q29293936#P577
https://en.wikipedia.org/wiki/Mr._Shifty,Q29564219,2017-04-13,day,,,Q29564219-8A26764D-4143-4C32-8005-58D6F801D55F,https://www.wikidata.org/wiki/Q29564219#P577
https://en.wikipedia.org/wiki/MultiVersus,Q109633008,2022-07-19,day,,,Q109633008-4b3c72a8-4027-e551-b6a7-71e500a78962,https://www.wikidata.org/wiki/Q109633008#P577
https://en.wikipedia.org/wiki/MultiVersus,Q109633008,2022-07-26,day,,,Q109633008-0b68c81d-4046-0452-b2d0-7b21bb779547,https://www.wikidata.org/wiki/Q109633008#P577
https://en.wikipedia.org/wiki/MultiVersus,Q109633008,2024-05-28,day,,,Q109633008-a5850df6-464f-a6e0-1679-cdcbbb27289c,https://www.wikidata.org/wiki/Q109633008#P577
https://en.wikipedia.org/wiki/My_Friend_Pedro,Q55078485,2019-06-20,day,,,Q55078485-884aa65c-4205-d968-1e72-d9fc115a012e,https://www.wikidata.org/wiki/Q55078485#P577
https://en.wikipedia.org/wiki/NBA_2K15,Q17506098,2014-10-07,day,,,Q17506098-F43CBF59-604C-40E8-BC0E-89A517EFC9AF,https://www.wikidata.org/wiki/Q17506098#P577
https://en.wikipedia.org/wiki/NBA_2K16,Q20049240,2015-09-29,day,,,Q20049240-c4c348ae-4951-265c-765f-45656eba6b6a,https://www.wikidata.org/wiki/Q20049240#P577
https://en.wikipedia.org/wiki/NBA_2K17,Q23838183,2016-09-20,day,,,Q23838183-6607e26b-4454-3f6d-a880-e2fffef8f415,https://www.wikidata.org/wiki/Q23838183#P577
https://en.wikipedia.org/wiki/NBA_2K18,Q30203644,2017-09-19,day,,,Q30203644-6A9069B1-EC1A-41B9-B48A-7A4CF9951AC9,https://www.wikidata.org/wiki/Q30203644#P577
https://en.wikipedia.org/wiki/NBA_2K19,Q54871545,2018-09-11,day,,,Q54871545-E1F1192E-5829-41EC-B80A-1ACC0B20B44E,https://www.wikidata.org/wiki/Q54871545#P577
https://en.wikipedia.org/wiki/NBA_2K21,Q96238264,2020,year,,,Q96238264-82d0ecd5-402a-1243-d329-0de884a03919,https://www.wikidata.org/wiki/Q96238264#P577
https://en.wikipedia.org/wiki/NBA_2K23,Q113877951,2022-09-08,day,,,Q113877951-2e513ea5-4d4a-1ab6-6da3-1c2b91ce0053,https://www.wikidata.org/wiki/Q113877951#P577
https://en.wikipedia.org/wiki/NBA_2K23,Q113877951,2022-09-09,day,,,Q113877951-a82e803c-491d-0270-8633-7de5d0558107,https://www.wikidata.org/wiki/Q113877951#P577
https://en.wikipedia.org/wiki/NBA_2K25,Q127328619,2024-09-06,day,,,Q127328619-0D13C9AE-89CD-48D2-9BAD-9C22C9F6445A,https://www.wikidata.org/wiki/Q127328619#P577
https://en.wikipedia.org/wiki/Neon_White,Q105552404,2022-06-16,day,,,Q105552404-ed796038-4af1-67a3-fa3b-0c2e43b887e7,https://www.wikidata.org/wiki/Q105552404#P577
https://en.wikipedia.org/wiki/Neva_(video_game),Q118645507,2024-10-15,day,,,Q118645507-854d8e17-44ed-6e93-084c-aa905462f0f5,https://www.wikidata.org/wiki/Q118645507#P577
https://en.wikipedia.org/wiki/Never_Alone_(video_game),Q17512815,2014-11-18,day,,,Q17512815-e727c7b6-4717-4b89-40fc-b614a51cba4e,https://www.wikidata.org/wiki/Q17512815#P577
https://en.wikipedia.org/wiki/Never_Alone_(video_game),Q17512815,2015-12-23,day,,,Q17512815-BD479019-5B72-49E1-A738-D3DA0BAFCF41,https://www.wikidata.org/wiki/Q17512815#P577
https://en.wikipedia.org/wiki/New_Pok%C3%A9mon_Snap,Q96357198,2021-04-30,day,,,Q96357198-950b7514-47cd-c024-14cb-8713fae31bd8,https://www.wikidata.org/wiki/Q96357198#P577
https://en.wikipedia.org/wiki/New_World_(video_game),Q61643718,2021-09-28,day,,,Q61643718-ed6e147d-4480-6730-0387-51bd016a0785,https://www.wikidata.org/wiki/Q61643718#P577
https://en.wikipedia.org/wiki/Ni_no_Kuni_II:_Revenant_Kingdom,Q23952658,2018-03-23,day,,,Q23952658-D921E2AF-9A88-49DB-B33C-283104B2A30A,https://www.wikidata.org/wiki/Q23952658#P577
https://en.wikipedia.org/wiki/Ni_no_Kuni_II:_Revenant_Kingdom,Q23952658,2021-09-17,day,,,Q23952658-e12a5559-46a8-922b-2692-fc52f304d91d,https://www.wikidata.org/wiki/Q23952658#P577
https://en.wikipedia.org/wiki/Nickelodeon_All-Star_Brawl,Q107530622,2021-10-05,day,,,Q107530622-a59bcdb2-46fd-3c44-327b-390de87bfab7,https://www.wikidata.org/wiki/Q107530622#P577
https://en.wikipedia.org/wiki/Nickelodeon_All-Star_Brawl_2,Q120971896,2023-11-07,day,,,Q120971896-f422a3ea-4568-c015-76d9-8d64e331aa85,https://www.wikidata.org/wiki/Q120971896#P577
https://en.wikipedia.org/wiki/Nidhogg_2,Q37509830,2017,year,,,Q37509830-711db1d1-2081-47e4-9d3c-e477ee5fcf61,https://www.wikidata.org/wiki/Q37509830#P577
https://en.wikipedia.org/wiki/Nier:_Automata,Q21078985,2017-02-23,day,,,Q21078985-2DB68F10-000A-4733-9CC0-064D1D27E4B1,https://www.wikidata.org/wiki/Q21078985#P577
https://en.wikipedia.org/wiki/Nier:_Automata,Q21078985,2017-03-07,day,,,Q21078985-426474ed-48b6-2d5f-d8e8-e83f22663ce1,https://www.wikidata.org/wiki/Q21078985#P577
https://en.wikipedia.org/wiki/Nier:_Automata,Q21078985,2017-03-10,day,,,Q21078985-01eda149-4029-c805-0daf-cfd5a60e0d13,https://www.wikidata.org/wiki/Q21078985#P577
https://en.wikipedia.org/wiki/Nier:_Automata,Q21078985,2017-03-17,day,,,Q21078985-4ef7e0f9-4ffe-7b5c-297a-266f8ffc9518,https://www.wikidata.org/wiki/Q21078985#P577
https://en.wikipedia.org/wiki/Nier:_Automata,Q21078985,2018-06-26,day,,,Q21078985-9a868946-4702-b7e7-2f22-ce0fd25ca850,https://www.wikidata.org/wiki/Q21078985#P577
https://en.wikipedia.org/wiki/Nier:_Automata,Q21078985,2022-10-06,day,,,Q21078985-5ef23af6-49aa-6310-d35d-1a35ea8ef550,https://www.wikidata.org/wiki/Q21078985#P577
https://en.wikipedia.org/wiki/Nier_Replicant_ver_1.22474487139,Q1572908,2010-04-22,day,,,Q1572908-A3788288-ED68-430B-949B-006AEC019317,https://www.wikidata.org/wiki/Q1572908#P577
https://en.wikipedia.org/wiki/Night_in_the_Woods,Q19383244,2017-02-21,day,,,Q19383244-b8a56fc0-414d-779e-87b0-9ccca89ed26c,https://www.wikidata.org/wiki/Q19383244#P577
https://en.wikipedia.org/wiki/Night_in_the_Woods,Q19383244,2017-02-28,day,,,Q19383244-51ba7d9a-4e7f-45f5-0999-f1feb6a6a264,https://www.wikidata.org/wiki/Q19383244#P577
https://en.wikipedia.org/wiki/Night_in_the_Woods,Q19383244,2017-12-13,day,,,Q19383244-8cdee926-49dc-d244-bc13-c2851e911aec,https://www.wikidata.org/wiki/Q19383244#P577
https://en.wikipedia.org/wiki/Night_in_the_Woods,Q19383244,2018-02-01,day,,,Q19383244-515953f8-4616-815e-bc9f-740732a19c52,https://www.wikidata.org/wiki/Q19383244#P577
https://en.wikipedia.org/wiki/Night_in_the_Woods,Q19383244,2019-03-28,day,,,Q19383244-6d2a6baa-4dba-a570-e798-cf1646122d66,https://www.wikidata.org/wiki/Q19383244#P577
https://en.wikipedia.org/wiki/Ninja_Gaiden_4,Q131862321,2025-10-21,day,,,Q131862321-6D0FAF10-B6F2-4734-BD35-64FA42AE7F35,https://www.wikidata.org/wiki/Q131862321#P577
https://en.wikipedia.org/wiki/Nintendo_Labo,Q47457020,2018-04-20,day,,,Q47457020-b9171191-40fc-bc9b-1eac-8a8e56f47d3b,https://www.wikidata.org/wiki/Q47457020#P577
https://en.wikipedia.org/wiki/Nintendo_Labo,Q47457020,2018-04-27,day,,,Q47457020-fb1ff81e-41f0-c614-78b5-289c57684963,https://www.wikidata.org/wiki/Q47457020#P577
https://en.wikipedia.org/wiki/Nintendo_Switch_Sports,Q110875040,2022-04-29,day,,,Q110875040-a5598bdf-403f-0ef3-783f-3fcc7a7545cd,https://www.wikidata.org/wiki/Q110875040#P577
https://en.wikipedia.org/wiki/Nioh,Q7023416,2017-02-07,day,,,Q7023416-63CB39F0-D113-4F73-9BA9-99DC53F523F1,https://www.wikidata.org/wiki/Q7023416#P577
https://en.wikipedia.org/wiki/Nioh_2,Q67482292,2020-03-13,day,,,Q67482292-2b6d051b-48f0-60b4-e458-6266052bc208,https://www.wikidata.org/wiki/Q67482292#P577
https://en.wikipedia.org/wiki/Nioh_2,Q67482292,2021-02-05,day,,,Q67482292-baaa15fe-4f5f-2b74-1e6a-74dedcc6e7bf,https://www.wikidata.org/wiki/Q67482292#P577
https://en.wikipedia.org/wiki/No_Longer_Home,Q109650426,2021-07-30,day,,,Q109650426-fb62eeba-49dc-731c-ae9c-2c96c1b30cab,https://www.wikidata.org/wiki/Q109650426#P577
https://en.wikipedia.org/wiki/No_Longer_Home,Q109650426,2021-10-07,day,,,Q109650426-81f4931c-4379-d3cf-258b-6520d306ed3a,https://www.wikidata.org/wiki/Q109650426#P577
https://en.wikipedia.org/wiki/No_Man%27s_Sky,Q15297043,2016-08-09,day,,,Q15297043-ae066e26-404c-17ac-aa62-7a0215835837,https://www.wikidata.org/wiki/Q15297043#P577
https://en.wikipedia.org/wiki/No_Man%27s_Sky,Q15297043,2016-08-12,day,,,Q15297043-b2faa404-4dd1-2766-3a6c-8196320c3790,https://www.wikidata.org/wiki/Q15297043#P577
https://en.wikipedia.org/wiki/No_Man%27s_Sky,Q15297043,2018-07-24,day,,,Q15297043-51198683-4a66-348f-3401-a99cf030660c,https://www.wikidata.org/wiki/Q15297043#P577
https://en.wikipedia.org/wiki/No_Man%27s_Sky,Q15297043,2020-11-10,day,,,Q15297043-79aaac00-4c62-d31e-54cc-855b06a570de,https://www.wikidata.org/wiki/Q15297043#P577
https://en.wikipedia.org/wiki/No_Man%27s_Sky,Q15297043,2020-11-12,day,,,Q15297043-1761767c-4b0e-27e0-1f45-b868356a02ad,https://www.wikidata.org/wiki/Q15297043#P577
https://en.wikipedia.org/wiki/No_Man%27s_Sky,Q15297043,2022-10-07,day,,,Q15297043-4920bf86-4cc2-9b88-7dc9-72a78c04c3f0,https://www.wikidata.org/wiki/Q15297043#P577
https://en.wikipedia.org/wiki/No_Man%27s_Sky,Q15297043,2023-06-01,day,,,Q15297043-0846cd9d-4f14-8196-2c44-e043a32485d0,https://www.wikidata.org/wiki/Q15297043#P577
https://en.wikipedia.org/wiki/No_Man%27s_Sky,Q15297043,2025-06-05,day,,,Q15297043-67e0c467-41a4-5018-6ca4-de2e46e9a0c7,https://www.wikidata.org/wiki/Q15297043#P577
https://en.wikipedia.org/wiki/Norco_(video_game),Q111450410,2022-03-24,day,,,Q111450410-7a801bc3-6a65-483c-86ca-5a03eda0abbe,https://www.wikidata.org/wiki/Q111450410#P577
https://en.wikipedia.org/wiki/Octopath_Traveler,Q40887608,2018-07-13,day,,,Q40887608-f4997d5a-4b92-177e-d1ad-858654455c98,https://www.wikidata.org/wiki/Q40887608#P577
https://en.wikipedia.org/wiki/Octopath_Traveler,Q40887608,2019-06-07,day,,,Q40887608-e4e4728b-4022-459a-f203-75a8a7f01b44,https://www.wikidata.org/wiki/Q40887608#P577
https://en.wikipedia.org/wiki/Octopath_Traveler,Q40887608,2021-03-25,day,,,Q40887608-866525c3-49a8-6889-3ed8-74cc8975d12b,https://www.wikidata.org/wiki/Q40887608#P577
https://en.wikipedia.org/wiki/Octopath_Traveler,Q40887608,2024-06-05,day,,,Q40887608-9914c7b2-4a2d-c70d-7f26-c9ba9308de29,https://www.wikidata.org/wiki/Q40887608#P577
https://en.wikipedia.org/wiki/Octopath_Traveler,Q40887608,2026-07-13,day,,,Q40887608-33ed031d-4799-449b-535f-0b09e77f90d9,https://www.wikidata.org/wiki/Q40887608#P577
https://en.wikipedia.org/wiki/Octopath_Traveler,Q40887608,2026-10-01,day,,,Q40887608-03105b4e-4f5a-1613-7aff-f759299c8644,https://www.wikidata.org/wiki/Q40887608#P577
https://en.wikipedia.org/wiki/Old_Man%27s_Journey,Q30640499,2017-05-17,day,,,Q30640499-EECA41EB-E89A-41F7-883D-DB1A9687A79C,https://www.wikidata.org/wiki/Q30640499#P577
https://en.wikipedia.org/wiki/Old_Man%27s_Journey,Q30640499,2018-02-20,day,,,Q30640499-3400d5f6-4d40-8f48-349c-498eeb5b8ad2,https://www.wikidata.org/wiki/Q30640499#P577
https://en.wikipedia.org/wiki/Old_Man%27s_Journey,Q30640499,2018-05-29,day,,,Q30640499-3603a3a2-44c7-d044-344c-869fbd11d55d,https://www.wikidata.org/wiki/Q30640499#P577
https://en.wikipedia.org/wiki/OlliOlli_World,Q106513250,2022-02-07,day,,,Q106513250-6914a447-42e0-884f-473b-f891bcb08f03,https://www.wikidata.org/wiki/Q106513250#P577
https://en.wikipedia.org/wiki/OlliOlli_World,Q106513250,2022-02-08,day,,,Q106513250-582d0fe3-4c4c-06c1-f9aa-24cd63a7a928,https://www.wikidata.org/wiki/Q106513250#P577
https://en.wikipedia.org/wiki/One-Punch_Man:_A_Hero_Nobody_Knows,Q76545877,2020,year,,,Q76545877-c902b399-4a17-440d-9001-3001ebd2a6e4,https://www.wikidata.org/wiki/Q76545877#P577
https://en.wikipedia.org/wiki/Ori_and_the_Blind_Forest,Q17513672,2015-03-11,day,,,Q17513672-e8edf24b-4de4-1c2c-6011-f50e3a7145f9,https://www.wikidata.org/wiki/Q17513672#P577
https://en.wikipedia.org/wiki/Ori_and_the_Will_of_the_Wisps,Q30325568,2020-03-11,day,,,Q30325568-170c500e-4e5c-d1b8-0f12-d406ec4ef82e,https://www.wikidata.org/wiki/Q30325568#P577
https://en.wikipedia.org/wiki/Ori_and_the_Will_of_the_Wisps,Q30325568,2020-09-17,day,,,Q30325568-1b9d6222-4db2-2063-83a6-ad44cf45fa2a,https://www.wikidata.org/wiki/Q30325568#P577
https://en.wikipedia.org/wiki/Ori_and_the_Will_of_the_Wisps,Q30325568,2020-11-10,day,,,Q30325568-08e35dd9-4c70-47ff-c332-d3bb0646bbef,https://www.wikidata.org/wiki/Q30325568#P577
https://en.wikipedia.org/wiki/Orwell_(video_game),Q27940629,2016-10-27,day,,,Q27940629-FCDC59D0-EA6F-4A84-8FF9-6738AF46A833,https://www.wikidata.org/wiki/Q27940629#P577
https://en.wikipedia.org/wiki/Outer_Wilds,Q19631660,2019-05-28,day,,,Q19631660-6D868D0C-86F3-4752-A2BE-1E9649C9BE81,https://www.wikidata.org/wiki/Q19631660#P577
https://en.wikipedia.org/wiki/Outer_Wilds,Q19631660,2019-05-29,day,,,Q19631660-b1bb5757-4755-0113-409e-46ca6598c01c,https://www.wikidata.org/wiki/Q19631660#P577
https://en.wikipedia.org/wiki/Outer_Wilds,Q19631660,2019-10-15,day,,,Q19631660-9f66ff29-4252-4394-2d4e-79fa2cbd9ad2,https://www.wikidata.org/wiki/Q19631660#P577
https://en.wikipedia.org/wiki/Outer_Wilds,Q19631660,2022-09-15,day,,,Q19631660-98b9c9b7-419f-0472-a588-0ba11a562ec7,https://www.wikidata.org/wiki/Q19631660#P577
https://en.wikipedia.org/wiki/Overcooked,Q26252727,2016-08-03,day,,,Q26252727-60a1dd5f-49a3-1f2d-0418-f3ff55f8fe32,https://www.wikidata.org/wiki/Q26252727#P577
https://en.wikipedia.org/wiki/Overcooked_2,Q55713667,2018,year,,,Q55713667-dc0067b2-d38e-4103-bcc2-06e7f9eabe72,https://www.wikidata.org/wiki/Q55713667#P577
https://en.wikipedia.org/wiki/Overwatch_(2016_video_game),Q18515944,2016-05-24,day,,,Q18515944-97BEC4B0-10BC-4A27-969C-B1D509D6806C,https://www.wikidata.org/wiki/Q18515944#P577
https://en.wikipedia.org/wiki/Overwatch_2,Q73163646,2022-10-04,day,,,Q73163646-4b5f7131-4230-a733-0c55-b55072587915,https://www.wikidata.org/wiki/Q73163646#P577
https://en.wikipedia.org/wiki/Overwatch_2,Q73163646,2023-08-10,day,,,Q73163646-3a194c96-4ce7-4719-8e96-9f170f0c3240,https://www.wikidata.org/wiki/Q73163646#P577
https://en.wikipedia.org/wiki/Oxenfree,Q22095911,2016-01-14,day,,,Q22095911-C17466E9-B261-4392-AB3A-EE060A833D8A,https://www.wikidata.org/wiki/Q22095911#P577
https://en.wikipedia.org/wiki/Oxenfree,Q22095911,2016-05-31,day,,,Q22095911-c24ff72f-4bb6-bd9c-0c04-447d49f88293,https://www.wikidata.org/wiki/Q22095911#P577
https://en.wikipedia.org/wiki/Oxenfree,Q22095911,2016-06-01,day,,,Q22095911-42ee9d8b-4c52-0e15-eb47-0382252e6c26,https://www.wikidata.org/wiki/Q22095911#P577
https://en.wikipedia.org/wiki/PUBG_Mobile,Q63595820,2018-03-19,day,,,Q63595820-8ba2ea61-42ab-e4ab-6d8a-6ab9f8e24da4,https://www.wikidata.org/wiki/Q63595820#P577
https://en.wikipedia.org/wiki/Pac-Man_256,Q21061092,2015-08-20,day,,,Q21061092-0D62A5D2-8AC7-4F51-8E17-D41C05C3FA6C,https://www.wikidata.org/wiki/Q21061092#P577
https://en.wikipedia.org/wiki/Pac-Man_256,Q21061092,2016-06-21,day,,,Q21061092-847A9B5C-1623-4DEC-B6EA-5FADFE18B84C,https://www.wikidata.org/wiki/Q21061092#P577
https://en.wikipedia.org/wiki/Pacific_Drive_(video_game),Q113959701,2024-02-22,day,,,Q113959701-cd68ce31-456e-e187-fcc8-c60ad02677d8,https://www.wikidata.org/wiki/Q113959701#P577
https://en.wikipedia.org/wiki/Pacific_Drive_(video_game),Q113959701,2025-10-23,day,,,Q113959701-76f70a86-43e5-b3ae-b505-9cb681219ffc,https://www.wikidata.org/wiki/Q113959701#P577
https://en.wikipedia.org/wiki/Paper_Mario:_The_Origami_King,Q94397518,2020-07-17,day,,,Q94397518-107a9ee8-4205-ea2a-4537-27f9b837c76b,https://www.wikidata.org/wiki/Q94397518#P577
https://en.wikipedia.org/wiki/Party_Animals_(video_game),Q100432790,2023-09-20,day,,,Q100432790-4CCD6A12-A34A-4C14-AD9B-F8428BCEE28E,https://www.wikidata.org/wiki/Q100432790#P577
https://en.wikipedia.org/wiki/Party_Animals_(video_game),Q100432790,2025-01-23,day,,,Q100432790-dbf06ddc-4550-af6f-5bc8-390b950066a5,https://www.wikidata.org/wiki/Q100432790#P577
https://en.wikipedia.org/wiki/Peak_(video_game),Q134992929,2025-06-16,day,,,Q134992929-0db199e7-4190-8057-d766-546e453f0dd0,https://www.wikidata.org/wiki/Q134992929#P577
https://en.wikipedia.org/wiki/Persona_4_Arena_Ultimax,Q16746773,2013-11-28,day,,,Q16746773-00DE11DE-0A22-44A5-956E-821D345A1399,https://www.wikidata.org/wiki/Q16746773#P577
https://en.wikipedia.org/wiki/Persona_4_Arena_Ultimax,Q16746773,2014-08-28,day,,,Q16746773-420e97e8-4ef1-783c-5d85-1d74a71c9216,https://www.wikidata.org/wiki/Q16746773#P577
https://en.wikipedia.org/wiki/Persona_4_Arena_Ultimax,Q16746773,2014-09-30,day,,,Q16746773-8315197a-4ea9-6914-61aa-94ea4af9fa59,https://www.wikidata.org/wiki/Q16746773#P577
https://en.wikipedia.org/wiki/Persona_4_Arena_Ultimax,Q16746773,2022-03-17,day,,,Q16746773-3849d173-4ad9-95db-ecd2-0820912fb7fa,https://www.wikidata.org/wiki/Q16746773#P577
https://en.wikipedia.org/wiki/Persona_5,Q15225985,2016-09-15,day,,,Q15225985-E75490D5-85E9-4645-B650-641989AFA21A,https://www.wikidata.org/wiki/Q15225985#P577
https://en.wikipedia.org/wiki/Persona_5,Q15225985,2017-03-23,day,,,Q15225985-893f2e51-4dff-9da0-0213-a874cc599c2e,https://www.wikidata.org/wiki/Q15225985#P577
https://en.wikipedia.org/wiki/Persona_5,Q15225985,2017-04-04,day,,,Q15225985-9ed98f71-4c26-93e3-9591-a2fd24bcc28a,https://www.wikidata.org/wiki/Q15225985#P577
https://en.wikipedia.org/wiki/Persona_5,Q15225985,2017-06-08,day,,,Q15225985-d197cbc1-45df-ea3a-e2c9-5366defcd587,https://www.wikidata.org/wiki/Q15225985#P577
https://en.wikipedia.org/wiki/Persona_5:_The_Phantom_X,Q117750097,2024-04-12,day,,,Q117750097-590dcc98-4a8d-06f2-e41b-10674054f6a6,https://www.wikidata.org/wiki/Q117750097#P577
https://en.wikipedia.org/wiki/Persona_5:_The_Phantom_X,Q117750097,2024-04-18,day,,,Q117750097-5190b1ac-447f-8936-a328-ed64cc012d1d,https://www.wikidata.org/wiki/Q117750097#P577
https://en.wikipedia.org/wiki/Persona_5:_The_Phantom_X,Q117750097,2025-06-26,day,,,Q117750097-63f1d86f-4dd0-1dfd-16c0-ca647e5f41dd,https://www.wikidata.org/wiki/Q117750097#P577
https://en.wikipedia.org/wiki/Persona_5_Royal,Q63385672,2019-10-31,day,,,Q63385672-d42c3ddb-46b5-a396-72ed-df833b7a19c5,https://www.wikidata.org/wiki/Q63385672#P577
https://en.wikipedia.org/wiki/Persona_5_Royal,Q63385672,2020-03-31,day,,,Q63385672-5c77f380-44be-2b39-7a86-84dedfb6e6ac,https://www.wikidata.org/wiki/Q63385672#P577
https://en.wikipedia.org/wiki/Persona_5_Royal,Q63385672,2022-10-20,day,,,Q63385672-4ff3a62a-49c3-dd05-f12b-052982fad144,https://www.wikidata.org/wiki/Q63385672#P577
https://en.wikipedia.org/wiki/Persona_5_Royal,Q63385672,2022-10-21,day,,,Q63385672-8bab2627-4096-622d-d7ff-c9a4970e122a,https://www.wikidata.org/wiki/Q63385672#P577
https://en.wikipedia.org/wiki/Phasmophobia_(video_game),Q99990957,2020-09-18,day,,,Q99990957-170f69bd-4c91-a754-b6ef-4da173fc2cbe,https://www.wikidata.org/wiki/Q99990957#P577
https://en.wikipedia.org/wiki/Pikmin_4,Q113956704,2023-07-21,day,,,Q113956704-863ca2ef-445b-e3b9-07f5-3e6fcf5ddc4b,https://www.wikidata.org/wiki/Q113956704#P577
https://en.wikipedia.org/wiki/Pillars_of_Eternity,Q2617930,2015-03-26,day,,,Q2617930-FA02162A-D3AD-4AC0-8757-99C4D3DA0FD9,https://www.wikidata.org/wiki/Q2617930#P577
https://en.wikipedia.org/wiki/Pillars_of_Eternity,Q2617930,2017-08-08,day,,,Q2617930-BC375AAD-1CDB-415F-BC51-955D25E09701,https://www.wikidata.org/wiki/Q2617930#P577
https://en.wikipedia.org/wiki/Pillars_of_Eternity_II:_Deadfire,Q28871558,2018-05-08,day,,,Q28871558-4218af6a-360f-4dcc-a00b-d0955c83e4d5,https://www.wikidata.org/wiki/Q28871558#P577
https://en.wikipedia.org/wiki/Pillars_of_Eternity_II:_Deadfire,Q28871558,2020-01-28,day,,,Q28871558-3874eb03-4b76-bc18-2d90-aeb6c4e1964a,https://www.wikidata.org/wiki/Q28871558#P577
https://en.wikipedia.org/wiki/Pizza_Tower,Q116590057,2023-01-26,day,,,Q116590057-9473b6d6-8ce1-446a-844f-c8b09066e3b4,https://www.wikidata.org/wiki/Q116590057#P577
https://en.wikipedia.org/wiki/Pizza_Tower,Q116590057,2024-08-27,day,,,Q116590057-e7ae3c22-4012-704d-73f0-a58398a42d4a,https://www.wikidata.org/wiki/Q116590057#P577
https://en.wikipedia.org/wiki/PlayerUnknown%27s_Battlegrounds,Q28937399,2017-03-23,day,,,Q28937399-0e8148ee-4452-cc86-cc08-e19e98282fc4,https://www.wikidata.org/wiki/Q28937399#P577
https://en.wikipedia.org/wiki/PlayerUnknown%27s_Battlegrounds,Q28937399,2017-12-14,day,,,Q28937399-a82f6a07-40ef-978b-fe8c-4e1cef63f54c,https://www.wikidata.org/wiki/Q28937399#P577
https://en.wikipedia.org/wiki/Pocket_Bravery,Q123109173,2023-08-31,day,,,Q123109173-03fc5728-4178-01e1-5fe6-976b716fe8c9,https://www.wikidata.org/wiki/Q123109173#P577
https://en.wikipedia.org/wiki/Pocket_Bravery,Q123109173,2025-04-10,day,,,Q123109173-4686208f-4959-f85b-2df8-1d88008e6dfe,https://www.wikidata.org/wiki/Q123109173#P577
https://en.wikipedia.org/wiki/Pok%C3%A9mon_Caf%C3%A9_Mix,Q96406047,2020-06-23,day,,,Q96406047-e457424f-4d09-2a29-e071-bc5b8815e253,https://www.wikidata.org/wiki/Q96406047#P577
https://en.wikipedia.org/wiki/Pok%C3%A9mon_Go,Q20966579,2016-07-06,day,,,Q20966579-78ef4360-4cdb-968b-c443-d09db08e8aba,https://www.wikidata.org/wiki/Q20966579#P577
https://en.wikipedia.org/wiki/Pok%C3%A9mon_Go,Q20966579,2016-07-13,day,,,Q20966579-e50224c2-4247-3205-6f0f-7d51e40441df,https://www.wikidata.org/wiki/Q20966579#P577
https://en.wikipedia.org/wiki/Pok%C3%A9mon_Go,Q20966579,2016-07-14,day,,,Q20966579-a17a41dc-48b5-9c6d-e1e7-ac89592200da,https://www.wikidata.org/wiki/Q20966579#P577
https://en.wikipedia.org/wiki/Pok%C3%A9mon_Go,Q20966579,2016-07-15,day,,,Q20966579-8c811c3a-4482-dd72-e79d-31a779fa62be,https://www.wikidata.org/wiki/Q20966579#P577
https://en.wikipedia.org/wiki/Pok%C3%A9mon_Go,Q20966579,2016-07-16,day,,,Q20966579-4b5a7dcc-4742-5134-cc11-3a2eb4f4edda,https://www.wikidata.org/wiki/Q20966579#P577
https://en.wikipedia.org/wiki/Pok%C3%A9mon_Go,Q20966579,2016-07-17,day,,,Q20966579-26acbe24-4aaf-772f-57c1-fad88a11cacd,https://www.wikidata.org/wiki/Q20966579#P577
https://en.wikipedia.org/wiki/Pok%C3%A9mon_Go,Q20966579,2016-07-19,day,,,Q20966579-3756cfc5-4b3d-c291-0365-51bbf2e4cfab,https://www.wikidata.org/wiki/Q20966579#P577
https://en.wikipedia.org/wiki/Pok%C3%A9mon_Go,Q20966579,2016-07-22,day,,,Q20966579-5b0c989d-49d8-84e3-b2e0-827183932ae4,https://www.wikidata.org/wiki/Q20966579#P577
https://en.wikipedia.org/wiki/Pok%C3%A9mon_Go,Q20966579,2016-07-24,day,,,Q20966579-1fed9ce5-42c1-3cc8-a0a2-cbf2e932fd64,https://www.wikidata.org/wiki/Q20966579#P577
https://en.wikipedia.org/wiki/Pok%C3%A9mon_Go,Q20966579,2016-07-25,day,,,Q20966579-3743d7b0-483a-4218-4681-2bcda5fc23a7,https://www.wikidata.org/wiki/Q20966579#P577
https://en.wikipedia.org/wiki/Pok%C3%A9mon_Go,Q20966579,2016-08-03,day,,,Q20966579-0e31d982-4950-0418-34cd-426d134edd34,https://www.wikidata.org/wiki/Q20966579#P577
https://en.wikipedia.org/wiki/Pok%C3%A9mon_Go,Q20966579,2016-08-06,day,,,Q20966579-4024780f-4515-6898-10e9-c1d59736b5ad,https://www.wikidata.org/wiki/Q20966579#P577
https://en.wikipedia.org/wiki/Pok%C3%A9mon_Go,Q20966579,2016-09-29,day,,,Q20966579-5079d3a1-42e5-89b0-5029-17d58ca33136,https://www.wikidata.org/wiki/Q20966579#P577
https://en.wikipedia.org/wiki/Pok%C3%A9mon_Go,Q20966579,2016-09-30,day,,,Q20966579-0c0eb25b-4a04-5d6f-5ce0-a4109c8000e2,https://www.wikidata.org/wiki/Q20966579#P577
https://en.wikipedia.org/wiki/Pok%C3%A9mon_Go,Q20966579,2016-10-04,day,,,Q20966579-d8066df4-4d66-7a7a-5550-e4d7402af843,https://www.wikidata.org/wiki/Q20966579#P577
https://en.wikipedia.org/wiki/Pok%C3%A9mon_Go,Q20966579,2016-11-17,day,,,Q20966579-ce91e4d5-4810-21ab-ad72-0252b95ae294,https://www.wikidata.org/wiki/Q20966579#P577
https://en.wikipedia.org/wiki/Pok%C3%A9mon_Go,Q20966579,2016-12-13,day,,,Q20966579-b083e418-41dd-aa02-1f34-d2ab46356139,https://www.wikidata.org/wiki/Q20966579#P577
https://en.wikipedia.org/wiki/Pok%C3%A9mon_Go,Q20966579,2017-01-24,day,,,Q20966579-b00a9fc0-4326-5e4b-f912-c98d488c1799,https://www.wikidata.org/wiki/Q20966579#P577
https://en.wikipedia.org/wiki/Pok%C3%A9mon_Legends:_Arceus,Q105688771,2022-01-28,day,,,Q105688771-BBC18B51-0A27-4F07-926E-FA1A9B06911A,https://www.wikidata.org/wiki/Q105688771#P577
https://en.wikipedia.org/wiki/Pok%C3%A9mon_Omega_Ruby_and_Alpha_Sapphire,Q16773658,2014-11-21,day,,,Q16773658-2BD61180-54B6-47AE-9852-EEA8A8ECA247,https://www.wikidata.org/wiki/Q16773658#P577
https://en.wikipedia.org/wiki/Pok%C3%A9mon_Trading_Card_Game_Pocket,Q124672332,2024-10-30,day,,,Q124672332-62491ae0-48de-0583-9ced-6b0c57d66ba3,https://www.wikidata.org/wiki/Q124672332#P577
https://en.wikipedia.org/wiki/Pok%C3%A9mon_Unite,Q96622951,2021-07-21,day,,,Q96622951-c97212a0-4bc1-aab1-d65a-6a77d007403c,https://www.wikidata.org/wiki/Q96622951#P577
https://en.wikipedia.org/wiki/Pok%C3%A9mon_Unite,Q96622951,2021-09-22,day,,,Q96622951-d53a3362-43e0-3e4f-1c02-13dc6e88207b,https://www.wikidata.org/wiki/Q96622951#P577
https://en.wikipedia.org/wiki/Pokk%C3%A9n_Tournament,Q18185769,2015-07-16,day,,,Q18185769-9c4e9b47-44d8-0494-84eb-603ce6596ab7,https://www.wikidata.org/wiki/Q18185769#P577
https://en.wikipedia.org/wiki/Pokk%C3%A9n_Tournament,Q18185769,2016-03-18,day,,,Q18185769-8a3c04e1-4c4b-4b8b-add8-d7986323665a,https://www.wikidata.org/wiki/Q18185769#P577
https://en.wikipedia.org/wiki/Poochy_and_Yoshi%27s_Woolly_World,Q11955503,2015-06-25,day,,,Q11955503-7DA53C11-27BD-4D92-92B9-D09300709A21,https://www.wikidata.org/wiki/Q11955503#P577
https://en.wikipedia.org/wiki/Poochy_and_Yoshi%27s_Woolly_World,Q11955503,2015-06-26,day,,,Q11955503-ee23119c-44b5-ac47-a8a4-5a2d19547421,https://www.wikidata.org/wiki/Q11955503#P577
https://en.wikipedia.org/wiki/Poochy_and_Yoshi%27s_Woolly_World,Q11955503,2015-07-16,day,,,Q11955503-82caa63c-4a46-5488-2891-180993e5bbb4,https://www.wikidata.org/wiki/Q11955503#P577
https://en.wikipedia.org/wiki/Poochy_and_Yoshi%27s_Woolly_World,Q11955503,2015-10-16,day,,,Q11955503-95e25204-4bc1-46c7-0877-a782701a3587,https://www.wikidata.org/wiki/Q11955503#P577
https://en.wikipedia.org/wiki/Poochy_and_Yoshi%27s_Woolly_World,Q11955503,2017-01-19,day,,,Q11955503-9d3b6264-4f8b-0eda-151d-2e1f96d012aa,https://www.wikidata.org/wiki/Q11955503#P577
https://en.wikipedia.org/wiki/Poochy_and_Yoshi%27s_Woolly_World,Q11955503,2017-02-03,day,,,Q11955503-1b7d78f2-4c87-42b8-a8a0-307cbb25efd6,https://www.wikidata.org/wiki/Q11955503#P577
https://en.wikipedia.org/wiki/Poochy_and_Yoshi%27s_Woolly_World,Q11955503,2017-02-04,day,,,Q11955503-e4539081-48c5-feb6-a5e3-ef861d3cf1d5,https://www.wikidata.org/wiki/Q11955503#P577
https://en.wikipedia.org/wiki/Prey_(2017_video_game),Q4047343,2017-05-05,day,,,Q4047343-E64B2914-3B4B-40C2-ADDC-84C437773C97,https://www.wikidata.org/wiki/Q4047343#P577
https://en.wikipedia.org/wiki/Prince_of_Persia:_The_Lost_Crown,Q119224900,2024-01-18,day,,,Q119224900-50281629-40e8-b52f-6d24-47d60db6b8c6,https://www.wikidata.org/wiki/Q119224900#P577
https://en.wikipedia.org/wiki/Prince_of_Persia:_The_Lost_Crown,Q119224900,2024-12-03,day,,,Q119224900-2425c2ae-427a-68a4-9f6f-aee28edb6b55,https://www.wikidata.org/wiki/Q119224900#P577
https://en.wikipedia.org/wiki/Prince_of_Persia:_The_Lost_Crown,Q119224900,2025-04-14,day,,,Q119224900-42a07caf-4a0c-9dce-d9f2-8b9ba864fcf8,https://www.wikidata.org/wiki/Q119224900#P577
https://en.wikipedia.org/wiki/Princess_Peach:_Showtime!,Q119833226,2024-03-22,day,,,Q119833226-0925A209-BE02-43D2-BD51-EA63CBDFB770,https://www.wikidata.org/wiki/Q119833226#P577
https://en.wikipedia.org/wiki/Pro_Evolution_Soccer_2016,Q20098839,2015-10-01,day,,,Q20098839-50D15F67-B3CD-45A2-A3E7-42B7BAE27FF2,https://www.wikidata.org/wiki/Q20098839#P577
https://en.wikipedia.org/wiki/Pro_Evolution_Soccer_2017,Q24326087,2016-09,month,,,Q24326087-c363b0cf-464d-9b2a-d41c-1edd805cef13,https://www.wikidata.org/wiki/Q24326087#P577
https://en.wikipedia.org/wiki/Pro_Evolution_Soccer_2018,Q28678483,2017,year,,,Q28678483-c97ef857-fe8c-4ece-a116-33c662ddae96,https://www.wikidata.org/wiki/Q28678483#P577
https://en.wikipedia.org/wiki/Pro_Evolution_Soccer_2019,Q52935749,2018-08-28,day,,,Q52935749-5a7c0439-46d0-0271-51b6-e0df9c5cadfc,https://www.wikidata.org/wiki/Q52935749#P577
https://en.wikipedia.org/wiki/Project_Cars_2,Q31086405,2017-09-22,day,,,Q31086405-66a2f731-4c75-56fa-adf2-500bb1c450fb,https://www.wikidata.org/wiki/Q31086405#P577
https://en.wikipedia.org/wiki/Psychonauts_2,Q22019734,2021-08-25,day,,,Q22019734-B121D190-6CBA-4792-9A9C-399D5992E9B9,https://www.wikidata.org/wiki/Q22019734#P577
https://en.wikipedia.org/wiki/Pyre_(video_game),Q23947160,2017-07-25,day,,,Q23947160-4A5BABC9-C06B-4132-86FB-675A5FE050D3,https://www.wikidata.org/wiki/Q23947160#P577
https://en.wikipedia.org/wiki/Quantum_Break,Q13361589,2016-04-05,day,,,Q13361589-FB97DF6E-A2AD-48A1-9C70-B674AA29E510,https://www.wikidata.org/wiki/Q13361589#P577
https://en.wikipedia.org/wiki/Quantum_Break,Q13361589,2016-09-04,day,,,Q13361589-c78ca25d-42a7-97e8-4acb-4cc01932881c,https://www.wikidata.org/wiki/Q13361589#P577
https://en.wikipedia.org/wiki/Quantum_Break,Q13361589,2016-09-29,day,,,Q13361589-DF6F318E-B567-4003-8F7C-00F4F5197FBD,https://www.wikidata.org/wiki/Q13361589#P577
https://en.wikipedia.org/wiki/R%C3%B6ki,Q102424018,2020-07-23,day,,,Q102424018-d282ec88-430d-3bff-97a3-befa36e26897,https://www.wikidata.org/wiki/Q102424018#P577
https://en.wikipedia.org/wiki/R%C3%B6ki,Q102424018,2021-10-28,day,,,Q102424018-d5dcdf2e-4cf0-d615-4b0a-c39a80bd8acb,https://www.wikidata.org/wiki/Q102424018#P577
https://en.wikipedia.org/wiki/Raji:_An_Ancient_Epic,Q50225682,2020-10-15,day,,,Q50225682-1705133a-49d3-49d8-f5c9-b6b049dab212,https://www.wikidata.org/wiki/Q50225682#P577
https://en.wikipedia.org/wiki/Ratchet_%26_Clank:_Rift_Apart,Q96217480,2021-06-11,day,,,Q96217480-80ea1d8f-4891-f345-fbc9-2e63373f4388,https://www.wikidata.org/wiki/Q96217480#P577
https://en.wikipedia.org/wiki/Ratchet_%26_Clank:_Rift_Apart,Q96217480,2023-07-26,day,,,Q96217480-76b50899-468b-79ae-37ae-f3070b692694,https://www.wikidata.org/wiki/Q96217480#P577
https://en.wikipedia.org/wiki/Ratchet_%26_Clank_(2016_video_game),Q17183048,2016,year,,,Q17183048-281F6678-2158-4B0F-A3F0-DF4CD247D51C,https://www.wikidata.org/wiki/Q17183048#P577
https://en.wikipedia.org/wiki/Red_Dead_Redemption_2,Q27438121,2018-10-26,day,,,Q27438121-5402BBC7-6B4D-4FAC-B57C-B597B8C9C26E,https://www.wikidata.org/wiki/Q27438121#P577
https://en.wikipedia.org/wiki/Red_Dead_Redemption_2,Q27438121,2019-11-05,day,,,Q27438121-551730be-43b4-0adf-9b0e-dfa036c7cfe2,https://www.wikidata.org/wiki/Q27438121#P577
https://en.wikipedia.org/wiki/Red_Dead_Redemption_2,Q27438121,2019-11-19,day,,,Q27438121-a29addaa-4ca9-3a18-7f07-b86023c7c689,https://www.wikidata.org/wiki/Q27438121#P577
https://en.wikipedia.org/wiki/Red_Dead_Redemption_2,Q27438121,2019-12-05,day,,,Q27438121-2ba77654-4363-19ed-7372-0f318bf455d8,https://www.wikidata.org/wiki/Q27438121#P577
https://en.wikipedia.org/wiki/Reigns:_Game_of_Thrones,Q60743421,2018-10-18,day,,,Q60743421-58899d23-c012-4d54-88e0-b48bb9f2535a,https://www.wikidata.org/wiki/Q60743421#P577
https://en.wikipedia.org/wiki/Reigns:_Game_of_Thrones,Q60743421,2019-04-11,day,,,Q60743421-73524107-4e82-8d0e-02c7-9dacdc963661,https://www.wikidata.org/wiki/Q60743421#P577
https://en.wikipedia.org/wiki/Rematch_(video_game),Q131434638,2025-06-19,day,,,Q131434638-ac046280-47e8-0950-7c73-0e0f5454e1b3,https://www.wikidata.org/wiki/Q131434638#P577
https://en.wikipedia.org/wiki/Remnant_2,Q115641826,2023-07-25,day,,,Q115641826-52c9aa2e-41e1-ba90-cdc7-4a37bf7ed40b,https://www.wikidata.org/wiki/Q115641826#P577
https://en.wikipedia.org/wiki/Resident_Evil_2_(2019_video_game),Q54920200,2019-01-25,day,,,Q54920200-dc3ce552-43c9-bf9a-02c7-c2e86db76417,https://www.wikidata.org/wiki/Q54920200#P577
https://en.wikipedia.org/wiki/Resident_Evil_2_(2019_video_game),Q54920200,2022-06-09,day,,,Q54920200-2ef1eb5d-4b04-b3cd-b730-8904f793b6b6,https://www.wikidata.org/wiki/Q54920200#P577
https://en.wikipedia.org/wiki/Resident_Evil_2_(2019_video_game),Q54920200,2022-06-13,day,,,Q54920200-94aa20d6-4885-7fc1-2140-a6b739b92e99,https://www.wikidata.org/wiki/Q54920200#P577
https://en.wikipedia.org/wiki/Resident_Evil_2_(2019_video_game),Q54920200,2022-11-11,day,,,Q54920200-fcd83907-4ac5-2db0-03ba-0d9024ef70f1,https://www.wikidata.org/wiki/Q54920200#P577
https://en.wikipedia.org/wiki/Resident_Evil_2_(2019_video_game),Q54920200,2024-12-31,day,,,Q54920200-07741d8e-4b2a-5c2c-3f7a-1e191ff99c09,https://www.wikidata.org/wiki/Q54920200#P577
https://en.wikipedia.org/wiki/Resident_Evil_3_(2020_video_game),Q78059950,2020-04-03,day,,,Q78059950-5db24dec-4a95-65be-b16c-b3539130922c,https://www.wikidata.org/wiki/Q78059950#P577
https://en.wikipedia.org/wiki/Resident_Evil_3_(2020_video_game),Q78059950,2022-06-10,day,,,Q78059950-366d50ff-4782-af42-32bc-57cc5f888177,https://www.wikidata.org/wiki/Q78059950#P577
https://en.wikipedia.org/wiki/Resident_Evil_3_(2020_video_game),Q78059950,2022-06-13,day,,,Q78059950-f3e76d91-4503-cb78-35a3-69eb01c48a42,https://www.wikidata.org/wiki/Q78059950#P577
https://en.wikipedia.org/wiki/Resident_Evil_3_(2020_video_game),Q78059950,2022-11-18,day,,,Q78059950-546d49a3-44ad-1221-c03d-fc08bbe9841c,https://www.wikidata.org/wiki/Q78059950#P577
https://en.wikipedia.org/wiki/Resident_Evil_3_(2020_video_game),Q78059950,2025-03-18,day,,,Q78059950-33dc5f67-4100-454b-9611-fe8baeaa4362,https://www.wikidata.org/wiki/Q78059950#P577
https://en.wikipedia.org/wiki/Resident_Evil_4,Q275950,2005-01-11,day,,,Q275950-0A181197-E3CE-4B2B-A322-65A41163C234,https://www.wikidata.org/wiki/Q275950#P577
https://en.wikipedia.org/wiki/Resident_Evil_4,Q275950,2005-10-25,day,,,Q275950-494F4F25-EF7C-49CA-9161-46665AD2DEF4,https://www.wikidata.org/wiki/Q275950#P577
https://en.wikipedia.org/wiki/Resident_Evil_4,Q275950,2007-05-31,day,,,Q275950-570ED011-822E-4BB8-913E-599985A0540F,https://www.wikidata.org/wiki/Q275950#P577
https://en.wikipedia.org/wiki/Resident_Evil_4,Q275950,2007-06-19,day,,,Q275950-31A04F25-7829-4179-89B8-1DC0D051DB00,https://www.wikidata.org/wiki/Q275950#P577
https://en.wikipedia.org/wiki/Resident_Evil_4,Q275950,2007-06-29,day,,,Q275950-07C7F1CF-76DB-4CBF-AE07-D61973D4616C,https://www.wikidata.org/wiki/Q275950#P577
https://en.wikipedia.org/wiki/Resident_Evil_4,Q275950,2007-07-05,day,,,Q275950-7C6D51ED-D713-4A3E-A988-115C8E03F583,https://www.wikidata.org/wiki/Q275950#P577
https://en.wikipedia.org/wiki/Resident_Evil_4,Q275950,2014-02-28,day,,,Q275950-31372ABB-FEAC-4EAF-98B5-E935F1E16C53,https://www.wikidata.org/wiki/Q275950#P577
https://en.wikipedia.org/wiki/Resident_Evil_4_(2023_video_game),Q112231148,2023-03-24,day,,,Q112231148-5669c3c7-4e60-2e47-c837-132246214fb5,https://www.wikidata.org/wiki/Q112231148#P577
https://en.wikipedia.org/wiki/Resident_Evil_4_(2023_video_game),Q112231148,2023-12-20,day,,,Q112231148-ea8f5ec2-4642-de3d-92f8-36cfd71ad6cc,https://www.wikidata.org/wiki/Q112231148#P577
https://en.wikipedia.org/wiki/Resident_Evil_7:_Biohazard,Q24577667,2017-01-24,day,,,Q24577667-d23a7286-4e1d-4d0a-3909-6667264e829f,https://www.wikidata.org/wiki/Q24577667#P577
https://en.wikipedia.org/wiki/Resident_Evil_7:_Biohazard,Q24577667,2017-01-26,day,,,Q24577667-144b394c-43f1-74d5-c4ec-5f0cf67845c9,https://www.wikidata.org/wiki/Q24577667#P577
https://en.wikipedia.org/wiki/Resident_Evil_7:_Biohazard,Q24577667,2018-05-24,day,,,Q24577667-aa3b067a-4729-57f4-4909-d14e2d7dc2f8,https://www.wikidata.org/wiki/Q24577667#P577
https://en.wikipedia.org/wiki/Resident_Evil_7:_Biohazard,Q24577667,2020-12-09,day,,,Q24577667-47b50331-4de1-aef6-b7b7-a77db6c96eb9,https://www.wikidata.org/wiki/Q24577667#P577
https://en.wikipedia.org/wiki/Resident_Evil_7:_Biohazard,Q24577667,2021-04-01,day,,,Q24577667-d44068f6-458f-f47d-192f-399ae1eaeb68,https://www.wikidata.org/wiki/Q24577667#P577
https://en.wikipedia.org/wiki/Resident_Evil_7:_Biohazard,Q24577667,2022-06-13,day,,,Q24577667-af68f4b7-4ac4-b249-883c-7bd17474955e,https://www.wikidata.org/wiki/Q24577667#P577
https://en.wikipedia.org/wiki/Resident_Evil_7:_Biohazard,Q24577667,2022-12-16,day,,,Q24577667-0a8a2d57-4d2f-4922-d5c9-5b381f33f781,https://www.wikidata.org/wiki/Q24577667#P577
https://en.wikipedia.org/wiki/Resident_Evil_7:_Biohazard,Q24577667,2024-07-02,day,,,Q24577667-e29d3f45-4a51-ec1c-a84d-612b3adfb9d0,https://www.wikidata.org/wiki/Q24577667#P577
https://en.wikipedia.org/wiki/Resident_Evil_Requiem,Q124983920,2026-02-27,day,,,Q124983920-876f4c26-4ff6-635a-4785-b6ba7304101b,https://www.wikidata.org/wiki/Q124983920#P577
https://en.wikipedia.org/wiki/Resident_Evil_Village,Q96216515,2021-05-07,day,,,Q96216515-3078148b-4c2c-daf1-6e50-a81275222ec2,https://www.wikidata.org/wiki/Q96216515#P577
https://en.wikipedia.org/wiki/Resident_Evil_Village,Q96216515,2023-10-30,day,,,Q96216515-06ab62f0-47df-af81-0a1c-a906497e77be,https://www.wikidata.org/wiki/Q96216515#P577
https://en.wikipedia.org/wiki/Return_of_the_Obra_Dinn,Q48987695,2018-10-18,day,,,Q48987695-da39454b-4ace-80ee-9d08-0420c36395cc,https://www.wikidata.org/wiki/Q48987695#P577
https://en.wikipedia.org/wiki/Return_to_Monkey_Island,Q111538856,2022-09-19,day,,,Q111538856-495611d7-403a-1394-9373-885635f8ba63,https://www.wikidata.org/wiki/Q111538856#P577
https://en.wikipedia.org/wiki/Return_to_Monkey_Island,Q111538856,2022-11-08,day,,,Q111538856-e4928b64-4a13-568d-485b-bf5731b686a8,https://www.wikidata.org/wiki/Q111538856#P577
https://en.wikipedia.org/wiki/Returnal,Q96240947,2021-04-30,day,,,Q96240947-fd992b89-4caa-98cc-0258-bb56c94a2372,https://www.wikidata.org/wiki/Q96240947#P577
https://en.wikipedia.org/wiki/Returnal,Q96240947,2023-02-15,day,,,Q96240947-52e10f9c-4c07-ae15-c79c-3bd1473116d2,https://www.wikidata.org/wiki/Q96240947#P577
https://en.wikipedia.org/wiki/Rez_Infinite,Q693311,2001-11-22,day,,,Q693311-5839AA9C-8A57-4A5B-9612-1726D6DD6909,https://www.wikidata.org/wiki/Q693311#P577
https://en.wikipedia.org/wiki/Riders_Republic,Q99316640,2021-10-28,day,,,Q99316640-c5098b18-49c3-2d5c-90a5-6998177d9c8a,https://www.wikidata.org/wiki/Q99316640#P577
https://en.wikipedia.org/wiki/Ring_Fit_Adventure,Q69557147,2019-10-18,day,,,Q69557147-494c699e-4607-8b52-f3fa-020bb9397203,https://www.wikidata.org/wiki/Q69557147#P577
https://en.wikipedia.org/wiki/Rise_of_Incarnates,Q17183643,2015-07-01,day,,,Q17183643-B7FEB908-53F8-467B-88B0-714F1036B76D,https://www.wikidata.org/wiki/Q17183643#P577
https://en.wikipedia.org/wiki/Rise_of_the_Tomb_Raider,Q17154489,2015-11-10,day,,,Q17154489-5712608D-0239-4265-9864-441BD27488AD,https://www.wikidata.org/wiki/Q17154489#P577
https://en.wikipedia.org/wiki/Rise_of_the_Tomb_Raider,Q17154489,2015-11-13,day,,,Q17154489-05DB4E53-FF2B-46A3-B823-9A348CC28388,https://www.wikidata.org/wiki/Q17154489#P577
https://en.wikipedia.org/wiki/Rise_of_the_Tomb_Raider,Q17154489,2016,year,,,Q17154489-79321125-2B11-42FB-86F8-6BA9273598C8,https://www.wikidata.org/wiki/Q17154489#P577
https://en.wikipedia.org/wiki/Rising_Thunder_(video_game),Q20967685,2015-08-11,day,,,Q20967685-F115A910-EE13-4C4C-99CA-B65AECE00F8A,https://www.wikidata.org/wiki/Q20967685#P577
https://en.wikipedia.org/wiki/Rising_Thunder_(video_game),Q20967685,2018,year,,,Q20967685-6ec43d38-e891-4178-98a1-ebe4d1b2f70c,https://www.wikidata.org/wiki/Q20967685#P577
https://en.wikipedia.org/wiki/Rocket_League,Q20031743,2015-07-07,day,,,Q20031743-d24c35c2-4815-c754-29e3-0424d1cb9032,https://www.wikidata.org/wiki/Q20031743#P577
https://en.wikipedia.org/wiki/Rocket_League,Q20031743,2016-02-17,day,,,Q20031743-b1bcd875-4f70-95d0-5018-ea4ed12fe8ec,https://www.wikidata.org/wiki/Q20031743#P577
https://en.wikipedia.org/wiki/Rocket_League,Q20031743,2016-09-08,day,,,Q20031743-d1e25a4b-4961-9866-5042-c3be6400314a,https://www.wikidata.org/wiki/Q20031743#P577
https://en.wikipedia.org/wiki/Rocket_League,Q20031743,2017-11-14,day,,,Q20031743-3b4508c2-4229-a1c0-12d1-3ccb60c0e435,https://www.wikidata.org/wiki/Q20031743#P577
https://en.wikipedia.org/wiki/Sable_(video_game),Q97657833,2021-09-23,day,,,Q97657833-35540a3e-46b7-0b67-dc16-32a1c0a486c4,https://www.wikidata.org/wiki/Q97657833#P577
https://en.wikipedia.org/wiki/Samurai_Shodown_(2019_video_game),Q60743293,2019,year,,,Q60743293-bfd54432-57f7-4eb1-a355-aa58568ab85d,https://www.wikidata.org/wiki/Q60743293#P577
https://en.wikipedia.org/wiki/Sayonara_Wild_Hearts,Q76122450,2019-09-19,day,,,Q76122450-cc0fd758-4fdd-9d9f-857f-959e86e266db,https://www.wikidata.org/wiki/Q76122450#P577
https://en.wikipedia.org/wiki/Sayonara_Wild_Hearts,Q76122450,2019-12-12,day,,,Q76122450-69bcbc0f-47d6-f256-6389-2bcee49fdb8e,https://www.wikidata.org/wiki/Q76122450#P577
https://en.wikipedia.org/wiki/Sayonara_Wild_Hearts,Q76122450,2020-02-25,day,,,Q76122450-31ad3965-4f4e-1c48-436c-24783ed08142,https://www.wikidata.org/wiki/Q76122450#P577
https://en.wikipedia.org/wiki/Sayonara_Wild_Hearts,Q76122450,2025-02-24,day,,,Q76122450-b1a9ae67-4b73-baeb-2a0b-4784c37fb2ec,https://www.wikidata.org/wiki/Q76122450#P577
https://en.wikipedia.org/wiki/Sayonara_Wild_Hearts,Q76122450,2026-04-23,day,,,Q76122450-032f86b2-4103-fefb-5d17-de94eda7d0bb,https://www.wikidata.org/wiki/Q76122450#P577
https://en.wikipedia.org/wiki/Scarlet_Nexus,Q93721073,2021-06-25,day,,,Q93721073-7319cc47-4dfe-33ed-c050-425efe8b22ab,https://www.wikidata.org/wiki/Q93721073#P577
https://en.wikipedia.org/wiki/Scorn_(video_game),Q48988603,2022-10-14,day,,,Q48988603-8bf6ce8f-4c37-95db-3acc-a1a5416d1c79,https://www.wikidata.org/wiki/Q48988603#P577
https://en.wikipedia.org/wiki/Scorn_(video_game),Q48988603,2023-10-03,day,,,Q48988603-85f78887-49e4-e2d2-7463-5966356f64ed,https://www.wikidata.org/wiki/Q48988603#P577
https://en.wikipedia.org/wiki/Sea_of_Solitude,Q28196135,2019-07-05,day,,,Q28196135-C21FC0AD-CA00-48C4-8BB8-B0716495491B,https://www.wikidata.org/wiki/Q28196135#P577
https://en.wikipedia.org/wiki/Sea_of_Stars,Q106974937,2023-08-29,day,,,Q106974937-7DA765CC-7134-438C-BDC6-5F2418934E57,https://www.wikidata.org/wiki/Q106974937#P577
https://en.wikipedia.org/wiki/Sea_of_Stars,Q106974937,2026-04-07,day,,,Q106974937-85abf43e-4f15-2363-42d1-90844b17b062,https://www.wikidata.org/wiki/Q106974937#P577
https://en.wikipedia.org/wiki/Sea_of_Stars,Q106974937,2026-06-08,day,,,Q106974937-62cd2db7-4de3-b17b-7c0b-e553eb16c341,https://www.wikidata.org/wiki/Q106974937#P577
https://en.wikipedia.org/wiki/Sea_of_Thieves,Q20113718,2018-03-20,day,,,Q20113718-239A1E1F-E076-4E8B-9B49-83508724ED5C,https://www.wikidata.org/wiki/Q20113718#P577
https://en.wikipedia.org/wiki/Sekiro:_Shadows_Die_Twice,Q54906424,2019-03-22,day,,,Q54906424-57cfdbc4-49e5-8053-0089-12ddd98363e1,https://www.wikidata.org/wiki/Q54906424#P577
https://en.wikipedia.org/wiki/Senua%27s_Saga:_Hellblade_II,Q78418853,2024-05-21,day,,,Q78418853-256f6223-4904-2f71-4008-25b6a70d3798,https://www.wikidata.org/wiki/Q78418853#P577
https://en.wikipedia.org/wiki/Severed_(video_game),Q23927058,2016,year,,,Q23927058-23961a90-7f61-42a2-8451-028515789317,https://www.wikidata.org/wiki/Q23927058#P577
https://en.wikipedia.org/wiki/Shadow_of_the_Tomb_Raider,Q50562677,2018-09-14,day,,,Q50562677-c1457d3b-4c7a-ec33-a44c-61d825ed316a,https://www.wikidata.org/wiki/Q50562677#P577
https://en.wikipedia.org/wiki/Shin_Megami_Tensei_V,Q44379841,2021-11-11,day,,,Q44379841-8664b599-416b-888d-33dc-b1462f37bde6,https://www.wikidata.org/wiki/Q44379841#P577
https://en.wikipedia.org/wiki/Shin_Megami_Tensei_V,Q44379841,2021-11-12,day,,,Q44379841-429a463e-4a84-bbe6-709f-0832685beffd,https://www.wikidata.org/wiki/Q44379841#P577
https://en.wikipedia.org/wiki/Shinobi:_Art_of_Vengeance,Q123938494,2025-08-29,day,,,Q123938494-57d953de-4cab-a897-8205-d2b2dddc03a0,https://www.wikidata.org/wiki/Q123938494#P577
https://en.wikipedia.org/wiki/Shinobi:_Art_of_Vengeance,Q123938494,2026-09-24,day,,,Q123938494-ff64fb52-4927-88b3-8d73-559b1f9d2641,https://www.wikidata.org/wiki/Q123938494#P577
https://en.wikipedia.org/wiki/Shovel_Knight,Q13427374,2014-06-26,day,,,Q13427374-8e7425d9-4c06-141b-3a8b-2f426a775622,https://www.wikidata.org/wiki/Q13427374#P577
https://en.wikipedia.org/wiki/Sifu_(video_game),Q108650420,2022-02-06,day,,,Q108650420-68f2b157-4c18-07d8-335c-52e87247f174,https://www.wikidata.org/wiki/Q108650420#P577
https://en.wikipedia.org/wiki/Sifu_(video_game),Q108650420,2022-02-08,day,,,Q108650420-b3d1be0f-46d1-b063-5708-35e73fd5a004,https://www.wikidata.org/wiki/Q108650420#P577
https://en.wikipedia.org/wiki/Sifu_(video_game),Q108650420,2023-03-28,day,,,Q108650420-28cae26a-4774-b062-2801-d0ffa3d87461,https://www.wikidata.org/wiki/Q108650420#P577
https://en.wikipedia.org/wiki/Silent_Hill_2_(2024_video_game),Q114770599,2024-10-08,day,,,Q114770599-8d1bcdd8-4a13-c764-2ed8-ac06c0540365,https://www.wikidata.org/wiki/Q114770599#P577
https://en.wikipedia.org/wiki/Silent_Hill_2_(2024_video_game),Q114770599,2025-11-20,day,,,Q114770599-0a8be1f9-48b1-9f9e-90af-7c1653083baa,https://www.wikidata.org/wiki/Q114770599#P577
https://en.wikipedia.org/wiki/Silent_Hill_f,Q114772020,2025-09-25,day,,,Q114772020-8750889C-2D2E-4270-9406-370B4B583F8D,https://www.wikidata.org/wiki/Q114772020#P577
https://en.wikipedia.org/wiki/Sky:_Children_of_the_Light,Q64547527,2019-07-18,day,,,Q64547527-b5126fd1-756b-4dfe-9baf-976d634d3162,https://www.wikidata.org/wiki/Q64547527#P577
https://en.wikipedia.org/wiki/Sky:_Children_of_the_Light,Q64547527,2020-04-07,day,,,Q64547527-0f8f2bed-42ae-c773-4700-8e04d5d3e5b6,https://www.wikidata.org/wiki/Q64547527#P577
https://en.wikipedia.org/wiki/Skylanders:_Imaginators,Q24938010,2016,year,,,Q24938010-ED758A1D-D90E-427B-ADAD-7D3A3DA42F99,https://www.wikidata.org/wiki/Q24938010#P577
https://en.wikipedia.org/wiki/Skylanders:_SuperChargers,Q20031744,2015,year,,,Q20031744-C0E4AB7F-03F9-4B97-8C5D-2FE2D9129142,https://www.wikidata.org/wiki/Q20031744#P577
https://en.wikipedia.org/wiki/Skylanders:_Trap_Team,Q16743202,2014-10-05,day,,,Q16743202-95A9D133-CB14-462A-B7E4-176D5A88CBE5,https://www.wikidata.org/wiki/Q16743202#P577
https://en.wikipedia.org/wiki/Slay_the_Spire,Q48078440,2019,year,,,Q48078440-741274aa-9903-4265-b77d-d7bf7a8b9567,https://www.wikidata.org/wiki/Q48078440#P577
https://en.wikipedia.org/wiki/Slime_Rancher,Q22344828,2017-08-01,day,,,Q22344828-919E6DC3-9D9B-4615-A34B-4975FE9550C1,https://www.wikidata.org/wiki/Q22344828#P577
https://en.wikipedia.org/wiki/Sniper_Elite_VR,Q63464445,2021-07-08,day,,,Q63464445-836a1dda-8163-4bd3-8a18-ea252884aef3,https://www.wikidata.org/wiki/Q63464445#P577
https://en.wikipedia.org/wiki/Sonic_Frontiers,Q109502429,2022-11-08,day,,,Q109502429-6f78e33e-43a8-4dff-492f-10813bf1bdf8,https://www.wikidata.org/wiki/Q109502429#P577
https://en.wikipedia.org/wiki/Sonic_Mania,Q25991770,2017-08-15,day,,,Q25991770-AB6591A0-08A1-40F6-88F3-9B206A9459E8,https://www.wikidata.org/wiki/Q25991770#P577
https://en.wikipedia.org/wiki/Sonic_Mania,Q25991770,2017-08-16,day,,,Q25991770-e85e8d78-44c2-31b4-f046-2c33b1dd4045,https://www.wikidata.org/wiki/Q25991770#P577
https://en.wikipedia.org/wiki/Sonic_Mania,Q25991770,2017-08-29,day,,,Q25991770-cd5c0ee1-4bd4-a4bf-7906-12455c882a02,https://www.wikidata.org/wiki/Q25991770#P577
https://en.wikipedia.org/wiki/Sonic_Mania,Q25991770,2017-08-30,day,,,Q25991770-b24f583a-4ef9-3dd1-c53b-7949c4c15979,https://www.wikidata.org/wiki/Q25991770#P577
https://en.wikipedia.org/wiki/Sonic_Racing:_CrossWorlds,Q131436187,2025-09-25,day,,,Q131436187-122cb0bd-4579-b885-e05d-c01557bba801,https://www.wikidata.org/wiki/Q131436187#P577
https://en.wikipedia.org/wiki/Sonic_Rumble,Q125848740,2025-11-05,day,,,Q125848740-6fa043cd-48ff-6122-79f0-0061b9d61620,https://www.wikidata.org/wiki/Q125848740#P577
https://en.wikipedia.org/wiki/Sonic_Superstars,Q119225008,2023-10-17,day,,,Q119225008-9f5e40cc-4e6f-98ee-d4a9-4a09220f4185,https://www.wikidata.org/wiki/Q119225008#P577
https://en.wikipedia.org/wiki/Soulcalibur_VI,Q45080517,2018-10-19,day,,,Q45080517-43B8113A-650B-4421-AEB9-BCDA66181A2C,https://www.wikidata.org/wiki/Q45080517#P577
https://en.wikipedia.org/wiki/South_Park:_The_Fractured_but_Whole,Q21083982,2017-10-17,day,,,Q21083982-f1b12d8d-4ef0-15f6-33eb-30e27a07c3ec,https://www.wikidata.org/wiki/Q21083982#P577
https://en.wikipedia.org/wiki/South_Park:_The_Stick_of_Truth,Q1707918,2014-03-04,day,,,Q1707918-2CACFB47-794D-424C-9AAE-A8DAB5118D4D,https://www.wikidata.org/wiki/Q1707918#P577
https://en.wikipedia.org/wiki/South_of_Midnight,Q119360998,2025-04-08,day,,,Q119360998-549B56FA-FFE1-46AB-A0CC-041F6F63B51C,https://www.wikidata.org/wiki/Q119360998#P577
https://en.wikipedia.org/wiki/South_of_Midnight,Q119360998,2026-03-31,day,,,Q119360998-110698eb-4165-e34c-7f2b-cfa6201c377a,https://www.wikidata.org/wiki/Q119360998#P577
https://en.wikipedia.org/wiki/Spelunky_2,Q98168943,2020-09-15,day,,,Q98168943-6d88caf2-4766-5ad1-1dfe-ae52ebf4e2ea,https://www.wikidata.org/wiki/Q98168943#P577
https://en.wikipedia.org/wiki/Spelunky_2,Q98168943,2020-09-29,day,,,Q98168943-c02eefa0-4571-844b-113a-258265828666,https://www.wikidata.org/wiki/Q98168943#P577
https://en.wikipedia.org/wiki/Spelunky_2,Q98168943,2021-08-26,day,,,Q98168943-2d32c5a0-4a51-3fe4-ddaa-b90710e7c219,https://www.wikidata.org/wiki/Q98168943#P577
https://en.wikipedia.org/wiki/Spelunky_2,Q98168943,2022-01-13,day,,,Q98168943-5f988c7e-4ae9-5c4d-3f9f-747f30c6d820,https://www.wikidata.org/wiki/Q98168943#P577
https://en.wikipedia.org/wiki/Spider-Man:_Miles_Morales,Q96216165,2020-11-12,day,,,Q96216165-86d7b905-4f1c-b8d9-150b-b606bd1d1327,https://www.wikidata.org/wiki/Q96216165#P577
https://en.wikipedia.org/wiki/Spider-Man:_Miles_Morales,Q96216165,2020-11-12,day,,,Q96216165-ccb2f280-4418-fca2-9913-9456e5e00fb7,https://www.wikidata.org/wiki/Q96216165#P577
https://en.wikipedia.org/wiki/Spider-Man:_Miles_Morales,Q96216165,2020-11-19,day,,,Q96216165-e9bf1e4c-4033-e894-945b-b890d9629c7d,https://www.wikidata.org/wiki/Q96216165#P577
https://en.wikipedia.org/wiki/Spider-Man:_Miles_Morales,Q96216165,2022-11-18,day,,,Q96216165-719eff2e-4ee1-a8b0-8f2f-8c89e993b35c,https://www.wikidata.org/wiki/Q96216165#P577
https://en.wikipedia.org/wiki/Spiritfarer,Q80533334,2020-08-18,day,,,Q80533334-4737f7ed-4468-0de5-9527-c0f7d685810b,https://www.wikidata.org/wiki/Q80533334#P577
https://en.wikipedia.org/wiki/Splatoon_(video_game),Q17490239,2015-05-28,day,,,Q17490239-7d321661-4112-678e-6304-90d5422a688d,https://www.wikidata.org/wiki/Q17490239#P577
https://en.wikipedia.org/wiki/Splatoon_(video_game),Q17490239,2015-05-29,day,,,Q17490239-4bfeaea9-49f7-8fd7-5c1a-52034d214162,https://www.wikidata.org/wiki/Q17490239#P577
https://en.wikipedia.org/wiki/Splatoon_(video_game),Q17490239,2015-05-30,day,,,Q17490239-c64e79f9-4201-0703-32bc-c289d17bbca5,https://www.wikidata.org/wiki/Q17490239#P577
https://en.wikipedia.org/wiki/Splatoon_2,Q28129061,2017-07-21,day,,,Q28129061-02ce3936-4a66-893b-55fd-b9ead7c66c1f,https://www.wikidata.org/wiki/Q28129061#P577
https://en.wikipedia.org/wiki/Splatoon_3,Q105552720,2022-09-09,day,,,Q105552720-3f0e0462-45ec-7235-6649-c04e95f55b88,https://www.wikidata.org/wiki/Q105552720#P577
https://en.wikipedia.org/wiki/Split_Fiction,Q131433899,2025-03-06,day,,,Q131433899-5b8e0533-49ce-0bad-46cd-7ec958cc5800,https://www.wikidata.org/wiki/Q131433899#P577
https://en.wikipedia.org/wiki/Split_Fiction,Q131433899,2025-06-05,day,,,Q131433899-c49775db-4b78-ef03-57e9-4c826b3b3bd3,https://www.wikidata.org/wiki/Q131433899#P577
https://en.wikipedia.org/wiki/Star_Trek:_Bridge_Crew,Q28312015,2017-05-29,day,,,Q28312015-CF29DE60-78D7-4CD9-B694-2EE40B929DD5,https://www.wikidata.org/wiki/Q28312015#P577
https://en.wikipedia.org/wiki/Star_Trek:_Bridge_Crew,Q28312015,2017-05-30,day,,,Q28312015-CEF1BACF-B3F7-45BD-84B9-C9A64A309F84,https://www.wikidata.org/wiki/Q28312015#P577
https://en.wikipedia.org/wiki/Star_Wars_Battlefront_(2015_video_game),Q54862,2015-11-17,day,,,Q54862-e0fb61f3-4c64-eae4-7c86-6633fe2c5b05,https://www.wikidata.org/wiki/Q54862#P577
https://en.wikipedia.org/wiki/Star_Wars_Battlefront_(2015_video_game),Q54862,2015-11-19,day,,,Q54862-f28d06c0-4a93-db35-dd54-4e66d0b814a1,https://www.wikidata.org/wiki/Q54862#P577
https://en.wikipedia.org/wiki/Star_Wars_Jedi:_Fallen_Order,Q55449345,2019-11-15,day,,,Q55449345-3b86d87d-41ff-abcd-989c-0dc37e3871e6,https://www.wikidata.org/wiki/Q55449345#P577
https://en.wikipedia.org/wiki/Star_Wars_Jedi:_Survivor,Q112704136,2023-03-17,day,,,Q112704136-2677d7f1-42d3-3f20-376b-5bba5a0b5ffa,https://www.wikidata.org/wiki/Q112704136#P577
https://en.wikipedia.org/wiki/Star_Wars_Jedi:_Survivor,Q112704136,2023-04-28,day,,,Q112704136-8fa7c107-4049-9899-bfd3-418fdca839d6,https://www.wikidata.org/wiki/Q112704136#P577
https://en.wikipedia.org/wiki/Star_Wars_Jedi:_Survivor,Q112704136,2024-09-17,day,,,Q112704136-2287d733-4330-6c36-af53-b8a28e7ec3d3,https://www.wikidata.org/wiki/Q112704136#P577
https://en.wikipedia.org/wiki/Star_Wars_Outlaws,Q119361001,2024-08-30,day,,,Q119361001-36d58c8d-4b2e-8724-c444-1bb32a2363c1,https://www.wikidata.org/wiki/Q119361001#P577
https://en.wikipedia.org/wiki/Star_Wars_Outlaws,Q119361001,2025-09-04,day,,,Q119361001-98cc6385-4d40-552e-7e42-013a4900e06b,https://www.wikidata.org/wiki/Q119361001#P577
https://en.wikipedia.org/wiki/Star_Wars_Squadrons,Q96312725,2020-10-02,day,,,Q96312725-890f732e-4270-e6af-ae1d-15cf08b1fddc,https://www.wikidata.org/wiki/Q96312725#P577
https://en.wikipedia.org/wiki/Stardew_Valley,Q23013817,2016-02-26,day,,,Q23013817-fbede6df-48f6-87dd-6029-21d03c29e736,https://www.wikidata.org/wiki/Q23013817#P577
https://en.wikipedia.org/wiki/Stardew_Valley,Q23013817,2016-07-29,day,,,Q23013817-6e8698f1-4503-6497-5798-b7790cd2493e,https://www.wikidata.org/wiki/Q23013817#P577
https://en.wikipedia.org/wiki/Stardew_Valley,Q23013817,2016-12-13,day,,,Q23013817-f096449b-4d06-eaeb-c1cd-406cded06068,https://www.wikidata.org/wiki/Q23013817#P577
https://en.wikipedia.org/wiki/Stardew_Valley,Q23013817,2016-12-14,day,,,Q23013817-0e5a6dff-4f14-1f2a-d8de-33dda4e944ab,https://www.wikidata.org/wiki/Q23013817#P577
https://en.wikipedia.org/wiki/Stardew_Valley,Q23013817,2016-12-14,day,,,Q23013817-919babed-4153-a12a-84ef-5896b37f59f0,https://www.wikidata.org/wiki/Q23013817#P577
https://en.wikipedia.org/wiki/Stardew_Valley,Q23013817,2017-04-11,day,,,Q23013817-a323d868-4dda-1cc6-51b8-0fb884b48d13,https://www.wikidata.org/wiki/Q23013817#P577
https://en.wikipedia.org/wiki/Stardew_Valley,Q23013817,2017-04-13,day,,,Q23013817-6e68eda8-4032-e438-52a7-0bc29a517eff,https://www.wikidata.org/wiki/Q23013817#P577
https://en.wikipedia.org/wiki/Stardew_Valley,Q23013817,2017-10-05,day,,,Q23013817-1d18d4c6-4ccf-0be8-b5f7-a2ff50c87b69,https://www.wikidata.org/wiki/Q23013817#P577
https://en.wikipedia.org/wiki/Stardew_Valley,Q23013817,2018-05-22,day,,,Q23013817-4ece4307-4583-8ef9-9252-2ab473cc184a,https://www.wikidata.org/wiki/Q23013817#P577
https://en.wikipedia.org/wiki/Stardew_Valley,Q23013817,2018-05-24,day,,,Q23013817-e0a3eed8-4065-f00b-483c-ed6f54712dab,https://www.wikidata.org/wiki/Q23013817#P577
https://en.wikipedia.org/wiki/Stardew_Valley,Q23013817,2018-10-24,day,,,Q23013817-ad44c71b-4dbe-e7e4-8ae2-10e47c23cb2d,https://www.wikidata.org/wiki/Q23013817#P577
https://en.wikipedia.org/wiki/Stardew_Valley,Q23013817,2019-03-13,day,,,Q23013817-02866a79-4052-f10b-5b53-5ab8714f5e72,https://www.wikidata.org/wiki/Q23013817#P577
https://en.wikipedia.org/wiki/Stardew_Valley,Q23013817,2025-12-25,day,,,Q23013817-b19fa357-4f36-419b-183d-bf5c0fb65b3f,https://www.wikidata.org/wiki/Q23013817#P577
https://en.wikipedia.org/wiki/Starfield_(video_game),Q55286432,2023-09-01,day,,,Q55286432-5eebd4e1-49d0-6d8e-2256-a6e4aeb52dc2,https://www.wikidata.org/wiki/Q55286432#P577
https://en.wikipedia.org/wiki/Starfield_(video_game),Q55286432,2023-09-06,day,,,Q55286432-78EFDEB4-8CD7-4C34-A27D-F4BE6C17CAD6,https://www.wikidata.org/wiki/Q55286432#P577
https://en.wikipedia.org/wiki/Starfield_(video_game),Q55286432,2023,year,,,Q55286432-8270B915-644A-487F-A788-DA13EF1C41E4,https://www.wikidata.org/wiki/Q55286432#P577
https://en.wikipedia.org/wiki/Starlink:_Battle_for_Atlas,Q39058311,2018-10-16,day,,,Q39058311-1D985796-64E2-4032-A88A-ADE2FAF0331D,https://www.wikidata.org/wiki/Q39058311#P577
https://en.wikipedia.org/wiki/Stellar_Blade,Q108481438,2024-04-26,day,,,Q108481438-9c62f606-4abc-283b-e383-9768d73edbff,https://www.wikidata.org/wiki/Q108481438#P577
https://en.wikipedia.org/wiki/Stellar_Blade,Q108481438,2025-06-11,day,,,Q108481438-98be13c2-4c4b-60f5-ac7d-2ef9fb831ee7,https://www.wikidata.org/wiki/Q108481438#P577
https://en.wikipedia.org/wiki/Stellar_Blade,Q108481438,2026,year,,,Q108481438-7f3af77d-40b7-8e62-5549-b22a1d4a422c,https://www.wikidata.org/wiki/Q108481438#P577
https://en.wikipedia.org/wiki/Stray_(video_game),Q96247255,2022-07-19,day,,,Q96247255-f6fbda0e-4b86-5cc8-cd79-c05a73c4c887,https://www.wikidata.org/wiki/Q96247255#P577
https://en.wikipedia.org/wiki/Stray_(video_game),Q96247255,2023-08-10,day,,,Q96247255-c91c3097-4bff-b393-b0a4-f31ea4189dee,https://www.wikidata.org/wiki/Q96247255#P577
https://en.wikipedia.org/wiki/Stray_(video_game),Q96247255,2023-12-05,day,,,Q96247255-1cebab5b-4f35-b284-1f18-530dae5ff76c,https://www.wikidata.org/wiki/Q96247255#P577
https://en.wikipedia.org/wiki/Stray_(video_game),Q96247255,2024-11-19,day,,,Q96247255-6fd29afe-4631-0203-dfc3-b563cfb5d8fd,https://www.wikidata.org/wiki/Q96247255#P577
https://en.wikipedia.org/wiki/Stray_(video_game),Q96247255,2026-05-28,day,,,Q96247255-a972a0fa-4042-80bb-342c-6db3bc3f0f97,https://www.wikidata.org/wiki/Q96247255#P577
https://en.wikipedia.org/wiki/Street_Fighter_6,Q110999026,2023-06-02,day,,,Q110999026-a0cd0e98-4d1e-54fc-d450-d9531dad1a18,https://www.wikidata.org/wiki/Q110999026#P577
https://en.wikipedia.org/wiki/Street_Fighter_6,Q110999026,2025-06-05,day,,,Q110999026-b8758bff-4d86-522b-af9a-d03452469470,https://www.wikidata.org/wiki/Q110999026#P577
https://en.wikipedia.org/wiki/Street_Fighter_V,Q18608589,2016-02-16,day,,,Q18608589-705D06B9-66D8-4B72-A70F-1CBD166CFE8F,https://www.wikidata.org/wiki/Q18608589#P577
https://en.wikipedia.org/wiki/Street_Fighter_V:_Arcade_Edition,Q18608589,2016-02-16,day,,,Q18608589-705D06B9-66D8-4B72-A70F-1CBD166CFE8F,https://www.wikidata.org/wiki/Q18608589#P577
https://en.wikipedia.org/wiki/Street_Fighter_V_Champion_Edition,Q18608589,2016-02-16,day,,,Q18608589-705D06B9-66D8-4B72-A70F-1CBD166CFE8F,https://www.wikidata.org/wiki/Q18608589#P577
https://en.wikipedia.org/wiki/Streets_of_Rage_4,Q56616859,2020-04-30,day,,,Q56616859-e08e500e-4e37-2ab7-d252-495250ef65b2,https://www.wikidata.org/wiki/Q56616859#P577
https://en.wikipedia.org/wiki/Sunset_(video_game),Q20020458,2015-05-21,day,,,Q20020458-7450E5A4-36DB-4DE1-8288-A6E6B6D38DA9,https://www.wikidata.org/wiki/Q20020458#P577
https://en.wikipedia.org/wiki/Sunset_Overdrive,Q13476380,2014-10-28,day,,,Q13476380-2F90753C-6E77-4F85-B5BC-BCF507CA2DAB,https://www.wikidata.org/wiki/Q13476380#P577
https://en.wikipedia.org/wiki/Super_Mario_3D_World_%2B_Bowser%27s_Fury,Q13426947,2013-11-21,day,,,Q13426947-D3E54396-931B-4710-8298-6FAC63F903BF,https://www.wikidata.org/wiki/Q13426947#P577
https://en.wikipedia.org/wiki/Super_Mario_Bros._Wonder,Q119819453,2023-10-20,day,,,Q119819453-203dc83d-4020-24fb-65ae-d90e946f2214,https://www.wikidata.org/wiki/Q119819453#P577
https://en.wikipedia.org/wiki/Super_Mario_Bros._Wonder,Q119819453,2026-03-26,day,,,Q119819453-93ef907a-4512-e2f7-06d4-5e186456ea96,https://www.wikidata.org/wiki/Q119819453#P577
https://en.wikipedia.org/wiki/Super_Mario_Maker,Q17164955,2015-09-10,day,,,Q17164955-ffab389c-4483-b1c7-5174-be975e38b9ff,https://www.wikidata.org/wiki/Q17164955#P577
https://en.wikipedia.org/wiki/Super_Mario_Maker,Q17164955,2015-09-11,day,,,Q17164955-b334322d-4837-f5ef-6ac6-17ac95f8635d,https://www.wikidata.org/wiki/Q17164955#P577
https://en.wikipedia.org/wiki/Super_Mario_Maker,Q17164955,2015-09-12,day,,,Q17164955-c85cbece-42a6-ad88-6f9a-0f94305dd82a,https://www.wikidata.org/wiki/Q17164955#P577
https://en.wikipedia.org/wiki/Super_Mario_Maker_2,Q61831178,2019-06-28,day,,,Q61831178-cbe36dd9-4549-f970-d820-38cfbc979121,https://www.wikidata.org/wiki/Q61831178#P577
https://en.wikipedia.org/wiki/Super_Mario_Odyssey,Q28234671,2017-10-27,day,,,Q28234671-f492e410-4363-7e46-feb0-dba4b0e0b6ad,https://www.wikidata.org/wiki/Q28234671#P577
https://en.wikipedia.org/wiki/Super_Mario_Party,Q54936079,2018-10-05,day,,,Q54936079-674fb05a-40af-c97f-c87c-e960493b6d08,https://www.wikidata.org/wiki/Q54936079#P577
https://en.wikipedia.org/wiki/Super_Mario_Party_Jamboree,Q126723011,2024-10-17,day,,,Q126723011-05a9a3c1-434a-f14d-bf58-285c7712ecbd,https://www.wikidata.org/wiki/Q126723011#P577
https://en.wikipedia.org/wiki/Super_Mario_Run,Q26831232,2016-12-15,day,,,Q26831232-a3a860c6-448d-6789-2fb4-fd7ea1c07832,https://www.wikidata.org/wiki/Q26831232#P577
https://en.wikipedia.org/wiki/Super_Mario_Run,Q26831232,2017-02-01,day,,,Q26831232-5dc6e2d7-45ce-d55f-0d9f-c7c574daf016,https://www.wikidata.org/wiki/Q26831232#P577
https://en.wikipedia.org/wiki/Super_Mario_Run,Q26831232,2017-03-22,day,,,Q26831232-87fcd373-4f94-3fe1-5abb-9ed75b6aa7b4,https://www.wikidata.org/wiki/Q26831232#P577
https://en.wikipedia.org/wiki/Super_Smash_Bros._Ultimate,Q54093632,2018-12-07,day,,,Q54093632-217cfb6a-4286-9da1-e5c7-d229ef14629c,https://www.wikidata.org/wiki/Q54093632#P577
https://en.wikipedia.org/wiki/Super_Smash_Bros._for_Nintendo_3DS,Q1195150,2014,year,,,Q1195150-2C9026A1-5B24-49E8-92AE-AD847257CB40,https://www.wikidata.org/wiki/Q1195150#P577
https://en.wikipedia.org/wiki/Super_Smash_Bros._for_Wii_U,Q41359742,2014-11-21,day,,,Q41359742-afd50821-43de-efe0-421a-2366dc831fc1,https://www.wikidata.org/wiki/Q41359742#P577
https://en.wikipedia.org/wiki/Super_Smash_Bros._for_Wii_U,Q41359742,2014-11-28,day,,,Q41359742-74df7ede-4801-e864-f85d-7cf6403e9d57,https://www.wikidata.org/wiki/Q41359742#P577
https://en.wikipedia.org/wiki/Super_Smash_Bros._for_Wii_U,Q41359742,2014-12-06,day,,,Q41359742-daf00a67-4955-c130-00f9-43a3c7011a10,https://www.wikidata.org/wiki/Q41359742#P577
https://en.wikipedia.org/wiki/Superhot_VR,Q16267745,2016-02-25,day,,,Q16267745-5220F997-CE56-4482-A7C0-181A46E3C4F1,https://www.wikidata.org/wiki/Q16267745#P577
https://en.wikipedia.org/wiki/Synapse_(video_game),Q118645620,2023-07-04,day,,,Q118645620-562AEDAD-EA33-4841-8F6F-E0294FD38D66,https://www.wikidata.org/wiki/Q118645620#P577
https://en.wikipedia.org/wiki/Tales_from_the_Borderlands,Q16962493,2014-11-25,day,,,Q16962493-6ab43f45-42b0-d1d6-b9c8-bdaa2e28f95e,https://www.wikidata.org/wiki/Q16962493#P577
https://en.wikipedia.org/wiki/Tales_of_Arise,Q64520925,2021-09-10,day,,,Q64520925-0630f607-49e4-9b70-ea85-d68b4b958d53,https://www.wikidata.org/wiki/Q64520925#P577
https://en.wikipedia.org/wiki/Tales_of_Kenzera:_Zau,Q123699054,2024-04-23,day,,,Q123699054-6d0eb921-446b-fb0e-f2da-ea88d7dea24e,https://www.wikidata.org/wiki/Q123699054#P577
https://en.wikipedia.org/wiki/Tchia,Q111983059,2023-03-21,day,,,Q111983059-ce1566d3-4051-b095-3548-44c06ef5d284,https://www.wikidata.org/wiki/Q111983059#P577
https://en.wikipedia.org/wiki/Teenage_Mutant_Ninja_Turtles:_Shredder%27s_Revenge,Q105909744,2022-06-16,day,,,Q105909744-bf566508-4261-5181-9b87-5a0e1bfda587,https://www.wikidata.org/wiki/Q105909744#P577
https://en.wikipedia.org/wiki/Tekken_7,Q17378799,2015-03-18,day,,,Q17378799-A59188D2-513D-4AB9-8489-C0F590FBBD31,https://www.wikidata.org/wiki/Q17378799#P577
https://en.wikipedia.org/wiki/Tekken_7,Q17378799,2016-07-05,day,,,Q17378799-7f26f78b-4e4c-7ea7-5ce0-8fb5759303a2,https://www.wikidata.org/wiki/Q17378799#P577
https://en.wikipedia.org/wiki/Tekken_8,Q105486599,2024-01-26,day,,,Q105486599-403b2a41-4cd4-18f3-9180-69ac9ccf1ebf,https://www.wikidata.org/wiki/Q105486599#P577
https://en.wikipedia.org/wiki/Tell_Me_Why_(video_game),Q75493248,2020-08-27,day,,,Q75493248-26ac743f-d8d8-406d-aa03-21bd21801a52,https://www.wikidata.org/wiki/Q75493248#P577
https://en.wikipedia.org/wiki/Tempest_Rising,Q122225244,2025-04-17,day,,,Q122225244-1f016526-45eb-6824-64d4-c6ec2ed88589,https://www.wikidata.org/wiki/Q122225244#P577
https://en.wikipedia.org/wiki/Tempest_Rising,Q122225244,2024,year,,,Q122225244-1dbc342a-46b9-6560-5283-9e06ef9cba7a,https://www.wikidata.org/wiki/Q122225244#P577
https://en.wikipedia.org/wiki/Terra_Nil,Q86497383,2023-03-28,day,,,Q86497383-34574EC8-23FB-4C1B-B42F-03606EE61DBC,https://www.wikidata.org/wiki/Q86497383#P577
https://en.wikipedia.org/wiki/Terra_Nil,Q86497383,2023-03-28,day,,,Q86497383-4fb87ec2-45ed-9153-02ba-df674c45fa7d,https://www.wikidata.org/wiki/Q86497383#P577
https://en.wikipedia.org/wiki/Terra_Nil,Q86497383,2023-12-18,day,,,Q86497383-2a028415-4564-6927-1c57-b49a0cb7389b,https://www.wikidata.org/wiki/Q86497383#P577
https://en.wikipedia.org/wiki/Tetris_99,Q61721841,2019-02-13,day,,,Q61721841-5f6ad16c-4217-6a14-18dd-5716458dd071,https://www.wikidata.org/wiki/Q61721841#P577
https://en.wikipedia.org/wiki/Tetris_Effect,Q55381938,2018-11-09,day,,,Q55381938-1e008990-4183-142a-0988-77591a36071b,https://www.wikidata.org/wiki/Q55381938#P577
https://en.wikipedia.org/wiki/Tetris_Effect,Q55381938,2019-07-23,day,,,Q55381938-769413c9-43af-137e-07f9-19f7fea44396,https://www.wikidata.org/wiki/Q55381938#P577
https://en.wikipedia.org/wiki/Tetris_Effect,Q55381938,2020-11-10,day,,,Q55381938-0d0fc46e-402c-023c-0340-b6ce6b7a74a4,https://www.wikidata.org/wiki/Q55381938#P577
https://en.wikipedia.org/wiki/Tetris_Effect,Q55381938,2021-10-08,day,,,Q55381938-fe826592-4404-e784-e605-5ff645864e39,https://www.wikidata.org/wiki/Q55381938#P577
https://en.wikipedia.org/wiki/Tetris_Effect,Q55381938,2023-02-22,day,,,Q55381938-b28707b4-44db-f442-9ad0-033e5bd24b80,https://www.wikidata.org/wiki/Q55381938#P577
"https://en.wikipedia.org/wiki/That_Dragon,_Cancer",Q16267891,2016-01-11,day,,,Q16267891-B6B5A692-06D7-4D62-A12D-DF3346BEB222,https://www.wikidata.org/wiki/Q16267891#P577
"https://en.wikipedia.org/wiki/That_Dragon,_Cancer",Q16267891,2016-01-12,day,,,Q16267891-77171fc0-40c2-da88-1fcd-ae104107e210,https://www.wikidata.org/wiki/Q16267891#P577
https://en.wikipedia.org/wiki/The_Alters,Q112435027,2025-06-13,day,,,Q112435027-10aaa4e6-4822-2610-3758-2ab1fa36320a,https://www.wikidata.org/wiki/Q112435027#P577
https://en.wikipedia.org/wiki/The_Artful_Escape,Q30645776,2021-09-09,day,,,Q30645776-d91f1741-4ac4-527e-e9c6-c05078573613,https://www.wikidata.org/wiki/Q30645776#P577
https://en.wikipedia.org/wiki/The_Banner_Saga_2,Q23647157,2016-04-19,day,,,Q23647157-24B90A1F-E1B0-48BB-A2CA-34BE25126CE6,https://www.wikidata.org/wiki/Q23647157#P577
https://en.wikipedia.org/wiki/The_Banner_Saga_3,Q39052714,2018-07-24,day,,,Q39052714-972a7a31-47ee-161a-7e66-3bf23542e930,https://www.wikidata.org/wiki/Q39052714#P577
https://en.wikipedia.org/wiki/The_Crew_Motorfest,Q116547490,2023-09-14,day,,,Q116547490-b1e362bf-47bd-cc55-4fc2-7e707573ff85,https://www.wikidata.org/wiki/Q116547490#P577
https://en.wikipedia.org/wiki/The_Crew_Motorfest,Q116547490,2026-10-08,day,,,Q116547490-f9e20db9-4fe3-bbf4-3041-f0bceb5bd161,https://www.wikidata.org/wiki/Q116547490#P577
https://en.wikipedia.org/wiki/The_Forgotten_City,Q108139991,2021-07-28,day,,,Q108139991-99fa9d17-4da9-99e2-0236-cee996e88d20,https://www.wikidata.org/wiki/Q108139991#P577
https://en.wikipedia.org/wiki/The_King_of_Fighters_XIV,Q20990658,2017-06-15,day,,,Q20990658-ABD89868-85E2-4F7C-A08D-D0BE1BA47706,https://www.wikidata.org/wiki/Q20990658#P577
https://en.wikipedia.org/wiki/The_King_of_Fighters_XV,Q104758868,2022-02-17,day,,,Q104758868-fe7b9ff3-4d57-d8f2-0332-1dfc4dceae96,https://www.wikidata.org/wiki/Q104758868#P577
https://en.wikipedia.org/wiki/The_Last_Guardian,Q2701341,2016-12-06,day,,,Q2701341-B2931627-045D-4EE1-9D35-7EBAD3ED5D1F,https://www.wikidata.org/wiki/Q2701341#P577
https://en.wikipedia.org/wiki/The_Last_of_Us:_Left_Behind,Q19880755,2014-02-14,day,,,Q19880755-fcdd4e2e-466d-9f37-0f6d-991aa4680018,https://www.wikidata.org/wiki/Q19880755#P577
https://en.wikipedia.org/wiki/The_Last_of_Us:_Left_Behind,Q19880755,2014-07-29,day,,,Q19880755-007A238E-3EAF-4ED4-A742-8C18062702EE,https://www.wikidata.org/wiki/Q19880755#P577
https://en.wikipedia.org/wiki/The_Last_of_Us:_Left_Behind,Q19880755,2014-07-30,day,,,Q19880755-c9a4c6eb-4c01-f5eb-322c-6e419b2e0192,https://www.wikidata.org/wiki/Q19880755#P577
https://en.wikipedia.org/wiki/The_Last_of_Us:_Left_Behind,Q19880755,2014-08-01,day,,,Q19880755-8b89beb3-477a-3f82-aaae-fbbaf13a5d4f,https://www.wikidata.org/wiki/Q19880755#P577
https://en.wikipedia.org/wiki/The_Last_of_Us_Part_I,Q113377532,2022-09-02,day,,,Q113377532-a9cb4601-4a96-2b6a-f43b-5ac14a50ba0e,https://www.wikidata.org/wiki/Q113377532#P577
https://en.wikipedia.org/wiki/The_Last_of_Us_Part_I,Q113377532,2023-03-03,day,,,Q113377532-cb20a29c-4c44-1ea7-4a73-3924d4d0dc71,https://www.wikidata.org/wiki/Q113377532#P577
https://en.wikipedia.org/wiki/The_Last_of_Us_Part_I,Q113377532,2023-03-28,day,,,Q113377532-0b3caa55-4007-f56b-9a4b-a0a66256ae39,https://www.wikidata.org/wiki/Q113377532#P577
https://en.wikipedia.org/wiki/The_Last_of_Us_Part_II,Q27950674,2020-06-19,day,,,Q27950674-e3426565-4572-9241-96be-2ef68f9a3e4c,https://www.wikidata.org/wiki/Q27950674#P577
https://en.wikipedia.org/wiki/The_Last_of_Us_Remastered,Q19057897,2014-07-29,day,,,Q19057897-1a2b4f05-417c-6004-952c-e5198209973d,https://www.wikidata.org/wiki/Q19057897#P577
https://en.wikipedia.org/wiki/The_Last_of_Us_Remastered,Q19057897,2014-07-30,day,,,Q19057897-01895587-4bdd-9149-c53c-214a06a2e6c4,https://www.wikidata.org/wiki/Q19057897#P577
https://en.wikipedia.org/wiki/The_Last_of_Us_Remastered,Q19057897,2014-08-01,day,,,Q19057897-d62498ad-4a73-008a-cd97-67182ec74ff2,https://www.wikidata.org/wiki/Q19057897#P577
https://en.wikipedia.org/wiki/The_Legend_of_Zelda:_Breath_of_the_Wild,Q17185964,2017-03-03,day,,,Q17185964-f85b6407-4c1c-3dbe-65ab-9a53cf629846,https://www.wikidata.org/wiki/Q17185964#P577
https://en.wikipedia.org/wiki/The_Legend_of_Zelda:_Echoes_of_Wisdom,Q126722717,2024-09-26,day,,,Q126722717-808c1a13-44ea-b675-54d2-d77009349049,https://www.wikidata.org/wiki/Q126722717#P577
https://en.wikipedia.org/wiki/The_Legend_of_Zelda:_Link%27s_Awakening_(2019_video_game),Q61745904,2019-09-20,day,,,Q61745904-c65fa9c9-497e-542b-fbb3-6c39ad5fcd99,https://www.wikidata.org/wiki/Q61745904#P577
https://en.wikipedia.org/wiki/The_Legend_of_Zelda:_Tears_of_the_Kingdom,Q64577191,2023-05-12,day,,,Q64577191-1c60021e-4ee4-bdee-d46a-df0fdce805e8,https://www.wikidata.org/wiki/Q64577191#P577
https://en.wikipedia.org/wiki/The_Legend_of_Zelda:_Tears_of_the_Kingdom,Q64577191,2022,year,,,Q64577191-36b6e391-41a1-3a45-c090-5ca4797cc605,https://www.wikidata.org/wiki/Q64577191#P577
https://en.wikipedia.org/wiki/The_Legend_of_Zelda:_Tears_of_the_Kingdom,Q64577191,2023,year,,,Q64577191-deba6f9c-4e6f-de89-5f15-689d2390fe0b,https://www.wikidata.org/wiki/Q64577191#P577
https://en.wikipedia.org/wiki/The_Messenger_(2018_video_game),Q48815228,2018-08-30,day,,,Q48815228-3C2E9F32-2926-4C7D-AC80-DC58FE01AA81,https://www.wikidata.org/wiki/Q48815228#P577
https://en.wikipedia.org/wiki/The_Midnight_Walk,Q130360489,2025-05-08,day,,,Q130360489-b7db82f7-444a-d1ea-ce9f-607c1dfb0934,https://www.wikidata.org/wiki/Q130360489#P577
https://en.wikipedia.org/wiki/The_Midnight_Walk,Q130360489,2026-03-26,day,,,Q130360489-c05c499c-4156-e365-1b57-cbad7558f300,https://www.wikidata.org/wiki/Q130360489#P577
https://en.wikipedia.org/wiki/The_Missing:_J.J._Macfield_and_the_Island_of_Memories,Q60748895,2018-10-12,day,,,Q60748895-91ee5611-4d49-418a-0334-2a4d7105afbc,https://www.wikidata.org/wiki/Q60748895#P577
https://en.wikipedia.org/wiki/The_Outer_Worlds,Q59535090,2019-10-25,day,,,Q59535090-0fd969f5-4095-a943-2ba6-bcf718ae0bd9,https://www.wikidata.org/wiki/Q59535090#P577
https://en.wikipedia.org/wiki/The_Outer_Worlds,Q59535090,2020-06-05,day,,,Q59535090-9033d597-41e5-289b-4ec0-3ac4de7f6f0b,https://www.wikidata.org/wiki/Q59535090#P577
https://en.wikipedia.org/wiki/The_Outer_Worlds_2,Q107214673,2025-10-29,day,,,Q107214673-3a42070e-4356-dfed-a8c0-4850b5ba6d42,https://www.wikidata.org/wiki/Q107214673#P577
https://en.wikipedia.org/wiki/The_Plucky_Squire,Q112311660,2024-09-17,day,,,Q112311660-9ee4d8f1-4f56-7b68-ef84-47075306d969,https://www.wikidata.org/wiki/Q112311660#P577
https://en.wikipedia.org/wiki/The_Quarry_(video_game),Q111358923,2022-06-10,day,,,Q111358923-efb7a31f-49e8-746c-bde4-72ad6c7f8a03,https://www.wikidata.org/wiki/Q111358923#P577
https://en.wikipedia.org/wiki/The_Vale:_Shadow_of_the_Crown,Q108169836,2021-08-19,day,,,Q108169836-266171e1-44ca-5137-fe77-d08063f2067b,https://www.wikidata.org/wiki/Q108169836#P577
https://en.wikipedia.org/wiki/The_Vanishing_of_Ethan_Carter,Q16743220,2014-09-25,day,,,Q16743220-AA12D1E8-A0DD-465F-A2A8-8F71714ABE72,https://www.wikidata.org/wiki/Q16743220#P577
https://en.wikipedia.org/wiki/The_Walking_Dead:_Saints_%26_Sinners,Q85808813,2020-01-23,day,,,Q85808813-7d0aeca8-47c6-dbaa-ef6b-368f48457643,https://www.wikidata.org/wiki/Q85808813#P577
https://en.wikipedia.org/wiki/The_Walking_Dead:_Saints_%26_Sinners,Q85808813,2020-01-23,day,,,Q85808813-A4528514-4D6C-4878-9691-E20E62EF48D5,https://www.wikidata.org/wiki/Q85808813#P577
https://en.wikipedia.org/wiki/The_Walking_Dead:_Saints_%26_Sinners,Q85808813,2020-05-05,day,,,Q85808813-1e4f8e76-4316-4b45-791a-9ed2db0ff847,https://www.wikidata.org/wiki/Q85808813#P577
https://en.wikipedia.org/wiki/The_Walking_Dead:_Season_Two,Q3274141,2013-12-17,day,,,Q3274141-865E594B-2806-4650-905C-A18F09AC676D,https://www.wikidata.org/wiki/Q3274141#P577
https://en.wikipedia.org/wiki/The_Witcher_3:_Wild_Hunt,Q4267401,2015-05-19,day,,,Q4267401-930F9748-28D5-4681-868A-15F6436EEABF,https://www.wikidata.org/wiki/Q4267401#P577
https://en.wikipedia.org/wiki/The_Witcher_3:_Wild_Hunt,Q4267401,2015-10-15,day,,,Q4267401-560F94D9-4220-4A9B-AF97-2925FD96C247,https://www.wikidata.org/wiki/Q4267401#P577
https://en.wikipedia.org/wiki/The_Witcher_3:_Wild_Hunt,Q4267401,2021-01-28,day,,,Q4267401-ED09DEE7-97D4-402D-915D-FD9C09A0E3CB,https://www.wikidata.org/wiki/Q4267401#P577
https://en.wikipedia.org/wiki/The_Witcher_3:_Wild_Hunt,Q4267401,2021,year,,,Q4267401-3b692093-48c8-1c0b-1c99-37437989630b,https://www.wikidata.org/wiki/Q4267401#P577
https://en.wikipedia.org/wiki/The_Witcher_3:_Wild_Hunt_%E2%80%93_Blood_and_Wine,Q24807230,2016-05-31,day,,,Q24807230-22d435c1-48d7-b397-950c-573b3b54919b,https://www.wikidata.org/wiki/Q24807230#P577
https://en.wikipedia.org/wiki/The_Witcher_IV,Q111023388,2028,year,,,Q111023388-30eea10d-4547-bc17-8879-777bfc22ec1b,https://www.wikidata.org/wiki/Q111023388#P577
https://en.wikipedia.org/wiki/The_Witness_(2016_video_game),Q1711359,2016-01-26,day,,,Q1711359-1BB1F943-6018-41ED-95DE-A09C586BD57D,https://www.wikidata.org/wiki/Q1711359#P577
https://en.wikipedia.org/wiki/The_Wolf_Among_Us,Q5427938,2013-10-11,day,,,Q5427938-06E52BBA-ECBC-4E8A-91E9-64BC1B228F5F,https://www.wikidata.org/wiki/Q5427938#P577
https://en.wikipedia.org/wiki/This_War_of_Mine,Q16743212,2014-11-14,day,,,Q16743212-99c4a4ba-42b5-49a7-455d-27c60f5da854,https://www.wikidata.org/wiki/Q16743212#P577
https://en.wikipedia.org/wiki/Threes,Q16648939,2014-02-06,day,,,Q16648939-207CACD8-9251-4A84-8211-0A6E356D902C,https://www.wikidata.org/wiki/Q16648939#P577
https://en.wikipedia.org/wiki/Through_the_Darkest_of_Times,Q104822016,2020-01-30,day,,,Q104822016-aeb21d95-4033-1f0e-0727-b64fa830015f,https://www.wikidata.org/wiki/Q104822016#P577
https://en.wikipedia.org/wiki/Through_the_Darkest_of_Times,Q104822016,2020-05-07,day,,,Q104822016-29E722EA-055E-4CAB-8635-9A0415DCF5E6,https://www.wikidata.org/wiki/Q104822016#P577
https://en.wikipedia.org/wiki/Thumper_(video_game),Q20712514,2016-10-10,day,,,Q20712514-119F6779-0FBD-432B-884C-E49E6A936162,https://www.wikidata.org/wiki/Q20712514#P577
https://en.wikipedia.org/wiki/Thumper_(video_game),Q20712514,2017-05-18,day,,,Q20712514-ba88e487-41e4-a419-a306-7f3a998d7dea,https://www.wikidata.org/wiki/Q20712514#P577
https://en.wikipedia.org/wiki/Thumper_(video_game),Q20712514,2017-08-18,day,,,Q20712514-d1213ecf-4c59-05fd-9065-c7b2a8c29902,https://www.wikidata.org/wiki/Q20712514#P577
https://en.wikipedia.org/wiki/Thumper_(video_game),Q20712514,2018-01-24,day,,,Q20712514-403e90ec-492b-35ad-4e0d-e320a2a8d369,https://www.wikidata.org/wiki/Q20712514#P577
https://en.wikipedia.org/wiki/Thumper_(video_game),Q20712514,2019-02-21,day,,,Q20712514-60e2a0f2-4870-b2f4-b0dd-fb18bdab8025,https://www.wikidata.org/wiki/Q20712514#P577
https://en.wikipedia.org/wiki/Titanfall_(video_game),Q13473778,2014-03-11,day,,,Q13473778-1E314FE8-FBFC-4BDF-A264-3FAE59427E67,https://www.wikidata.org/wiki/Q13473778#P577
https://en.wikipedia.org/wiki/Titanfall_(video_game),Q13473778,2014-04-08,day,,,Q13473778-190755e1-447d-8e37-b2f6-49aa279b2fce,https://www.wikidata.org/wiki/Q13473778#P577
https://en.wikipedia.org/wiki/Titanfall_2,Q24044813,2016-10-28,day,,,Q24044813-09a81be1-4d74-f1f8-d2e8-f2ac5a955bb3,https://www.wikidata.org/wiki/Q24044813#P577
https://en.wikipedia.org/wiki/Tom_Clancy%27s_Rainbow_Six_Siege,Q17183996,2015-12-01,day,,,Q17183996-d90740bf-447c-5352-4cfb-ccc636414e44,https://www.wikidata.org/wiki/Q17183996#P577
https://en.wikipedia.org/wiki/Tom_Clancy%27s_The_Division_2,Q50376754,2019-03-15,day,,,Q50376754-046326AB-4249-40C2-8A79-9CA1164DB594,https://www.wikidata.org/wiki/Q50376754#P577
https://en.wikipedia.org/wiki/Tomb_Raider:_Definitive_Edition,Q1757876,2013-03-05,day,,,Q1757876-C82942DD-200C-45E5-A82B-C8FC55E031ED,https://www.wikidata.org/wiki/Q1757876#P577
https://en.wikipedia.org/wiki/Tomodachi_Life_(video_game),Q16269165,2013-04-18,day,,,Q16269165-4F84B0AC-563B-458A-8B44-10800104FB85,https://www.wikidata.org/wiki/Q16269165#P577
https://en.wikipedia.org/wiki/Tomodachi_Life_(video_game),Q16269165,2014-06-06,day,,,Q16269165-db7812c7-4cf6-d254-5aee-5ebb203eb7e7,https://www.wikidata.org/wiki/Q16269165#P577
https://en.wikipedia.org/wiki/Tomodachi_Life_(video_game),Q16269165,2014-06-07,day,,,Q16269165-052e14a8-446b-1aa5-8509-106c08e7b07c,https://www.wikidata.org/wiki/Q16269165#P577
https://en.wikipedia.org/wiki/Tomodachi_Life_(video_game),Q16269165,2014-07-17,day,,,Q16269165-f1340d12-4438-eaf4-7050-da94fa536daf,https://www.wikidata.org/wiki/Q16269165#P577
https://en.wikipedia.org/wiki/Tony_Hawk%27s_Pro_Skater_1_%2B_2,Q94587084,2020-09-04,day,,,Q94587084-b2635a57-4173-a126-16cb-b75697f9e8f2,https://www.wikidata.org/wiki/Q94587084#P577
https://en.wikipedia.org/wiki/Tony_Hawk%27s_Pro_Skater_1_%2B_2,Q94587084,2021-03-26,day,,,Q94587084-c6efa47a-4fb2-01d0-8e3f-ba86be7a1299,https://www.wikidata.org/wiki/Q94587084#P577
https://en.wikipedia.org/wiki/Tony_Hawk%27s_Pro_Skater_1_%2B_2,Q94587084,2021-06-25,day,,,Q94587084-6eea0ea5-423e-0d9b-cef8-082ffb4ef991,https://www.wikidata.org/wiki/Q94587084#P577
https://en.wikipedia.org/wiki/Tooth_and_Tail,Q39266330,2017-09-12,day,,,Q39266330-a673ced6-478e-a4f3-d5ae-4a1f4b720dde,https://www.wikidata.org/wiki/Q39266330#P577
https://en.wikipedia.org/wiki/TopSpin_2K25,Q124304169,2024-04-26,day,,,Q124304169-ca864847-4686-d423-2b4a-e55c15a6109d,https://www.wikidata.org/wiki/Q124304169#P577
https://en.wikipedia.org/wiki/Total_War:_Three_Kingdoms,Q48928832,2019-03-07,day,,,Q48928832-9d6f26ab-4605-0a7c-4cab-505cbc87844c,https://www.wikidata.org/wiki/Q48928832#P577
https://en.wikipedia.org/wiki/Total_War:_Three_Kingdoms,Q48928832,2019-05-23,day,,,Q48928832-4cf72243-446b-d4e1-8a15-aeb2b24b779d,https://www.wikidata.org/wiki/Q48928832#P577
https://en.wikipedia.org/wiki/Total_War:_Three_Kingdoms,Q48928832,2018-04,month,,,Q48928832-5759b2e5-45f9-ccc2-7d88-9d6cba7102b1,https://www.wikidata.org/wiki/Q48928832#P577
https://en.wikipedia.org/wiki/Total_War:_Three_Kingdoms,Q48928832,2018-09,month,,,Q48928832-b065cac1-4cc5-7066-6221-dd72e42805e3,https://www.wikidata.org/wiki/Q48928832#P577
https://en.wikipedia.org/wiki/Total_War:_Warhammer,Q20712541,2016-04-28,day,,,Q20712541-72715598-0E51-4DFD-84DD-3A8ABEC5FD96,https://www.wikidata.org/wiki/Q20712541#P577
https://en.wikipedia.org/wiki/Total_War:_Warhammer_II,Q29061507,2017-09-28,day,,,Q29061507-19FDF02C-6BB2-4824-B4AD-255BF52AC0CE,https://www.wikidata.org/wiki/Q29061507#P577
https://en.wikipedia.org/wiki/Total_War:_Warhammer_III,Q105427208,2022-02-17,day,,,Q105427208-f25df22a-42ba-47ad-eca8-fcf966b21300,https://www.wikidata.org/wiki/Q105427208#P577
https://en.wikipedia.org/wiki/Tower_of_Fantasy,Q110379107,2021-12-16,day,,,Q110379107-b7081ce9-44cf-5588-70a0-4bcf808cd31e,https://www.wikidata.org/wiki/Q110379107#P577
https://en.wikipedia.org/wiki/Tower_of_Fantasy,Q110379107,2022-08-11,day,,,Q110379107-5f0c803d-4475-6a79-ac5c-675c67963b3b,https://www.wikidata.org/wiki/Q110379107#P577
https://en.wikipedia.org/wiki/Transistor_(video_game),Q13417084,2014-05-20,day,,,Q13417084-CCEA972A-6372-426A-9A08-A7CC16C167FF,https://www.wikidata.org/wiki/Q13417084#P577
https://en.wikipedia.org/wiki/Transistor_(video_game),Q13417084,2014-10-30,day,,,Q13417084-4082931d-4daf-305d-5b4b-71e752fb2ddd,https://www.wikidata.org/wiki/Q13417084#P577
https://en.wikipedia.org/wiki/Trials_Fusion,Q16617686,2014-04-15,day,,,Q16617686-B18CA295-5D72-40C5-96AD-405E022E967B,https://www.wikidata.org/wiki/Q16617686#P577
https://en.wikipedia.org/wiki/Triangle_Strategy,Q105561171,2022-03-04,day,,,Q105561171-d71baf46-44d1-6050-e385-100037e57c6f,https://www.wikidata.org/wiki/Q105561171#P577
https://en.wikipedia.org/wiki/Tropico_6,Q52521135,2019,year,,,Q52521135-d7f2d572-ebdc-46c5-b15a-041653a0cc6a,https://www.wikidata.org/wiki/Q52521135#P577
https://en.wikipedia.org/wiki/Trover_Saves_the_Universe,Q62393510,2019-06-04,day,,,Q62393510-d3430524-4bdf-3949-a832-6c12bfe17442,https://www.wikidata.org/wiki/Q62393510#P577
https://en.wikipedia.org/wiki/Tunic_(video_game),Q55636303,2022-03-16,day,,,Q55636303-50ef7bf8-44d4-c0a4-5cd4-4f7b0eecc075,https://www.wikidata.org/wiki/Q55636303#P577
https://en.wikipedia.org/wiki/Tunic_(video_game),Q55636303,2022-09-27,day,,,Q55636303-06ceced5-4115-a810-ef75-23f534eea93f,https://www.wikidata.org/wiki/Q55636303#P577
https://en.wikipedia.org/wiki/Two_Point_Campus,Q108858817,2022-08-09,day,,,Q108858817-499e45df-4b2b-4039-c00b-29861eef8161,https://www.wikidata.org/wiki/Q108858817#P577
https://en.wikipedia.org/wiki/Two_Point_Museum,Q129101215,2025-03-04,day,,,Q129101215-a829a147-471a-31ac-8b13-1c41650a2a60,https://www.wikidata.org/wiki/Q129101215#P577
https://en.wikipedia.org/wiki/Two_Point_Museum,Q129101215,2025-10-28,day,,,Q129101215-0aceacc9-4edc-f0ba-4b69-996dc758c0ea,https://www.wikidata.org/wiki/Q129101215#P577
https://en.wikipedia.org/wiki/UFO_50,Q116986156,2024-09-18,day,,,Q116986156-3d1deb1c-4d0e-7334-9181-b1dc40a3db9d,https://www.wikidata.org/wiki/Q116986156#P577
https://en.wikipedia.org/wiki/Ultra_Street_Fighter_IV,Q914286,2008-07-18,day,,,Q914286-B0CB9E8D-F768-4B5A-BD92-2D00402E3BD2,https://www.wikidata.org/wiki/Q914286#P577
https://en.wikipedia.org/wiki/Uncharted:_The_Lost_Legacy,Q28088198,2017-08-22,day,,,Q28088198-a3922744-427b-5036-828e-35ff2864361e,https://www.wikidata.org/wiki/Q28088198#P577
https://en.wikipedia.org/wiki/Uncharted_4:_A_Thief%27s_End,Q16681843,2016-05-10,day,,,Q16681843-2E39325B-0623-4872-9FBC-9D216BD7B228,https://www.wikidata.org/wiki/Q16681843#P577
https://en.wikipedia.org/wiki/Undertale,Q21039924,2015-09-15,day,,,Q21039924-30D53253-B9CF-4280-B27F-F7F87721FFB9,https://www.wikidata.org/wiki/Q21039924#P577
https://en.wikipedia.org/wiki/Undertale,Q21039924,2016-07-17,day,,,Q21039924-65f576fb-44c5-b47f-9f4b-c5cd5811fff0,https://www.wikidata.org/wiki/Q21039924#P577
https://en.wikipedia.org/wiki/Undertale,Q21039924,2017-08-15,day,,,Q21039924-a9c4eaf3-46b9-9e6e-1e8e-fee712d86a2c,https://www.wikidata.org/wiki/Q21039924#P577
https://en.wikipedia.org/wiki/Undertale,Q21039924,2018-09-15,day,,,Q21039924-4bcf2df8-450a-33a4-5736-c2072c606337,https://www.wikidata.org/wiki/Q21039924#P577
https://en.wikipedia.org/wiki/Undertale,Q21039924,2018-09-18,day,,,Q21039924-7f492753-499b-8b2b-44d6-d564ce1f1f8c,https://www.wikidata.org/wiki/Q21039924#P577
https://en.wikipedia.org/wiki/Undertale,Q21039924,2021-03-16,day,,,Q21039924-b96c019d-4954-61f9-c84f-a033c6a70cad,https://www.wikidata.org/wiki/Q21039924#P577
https://en.wikipedia.org/wiki/Unicorn_Overlord,Q122561024,2024-03-08,day,,,Q122561024-e8639e11-416d-624b-c5f1-fc5ca7463434,https://www.wikidata.org/wiki/Q122561024#P577
https://en.wikipedia.org/wiki/Until_Dawn,Q7897632,2015-08-25,day,,,Q7897632-C67B1604-C2B5-4041-BFDC-D6805D72BC71,https://www.wikidata.org/wiki/Q7897632#P577
https://en.wikipedia.org/wiki/Until_Dawn,Q7897632,2015-08-26,day,,,Q7897632-e16f0a7c-40b3-5008-6864-f698b49cb6a3,https://www.wikidata.org/wiki/Q7897632#P577
https://en.wikipedia.org/wiki/Until_Dawn,Q7897632,2015-08-28,day,,,Q7897632-3a9e9acc-42a6-e080-6ee7-e2343fc15a64,https://www.wikidata.org/wiki/Q7897632#P577
https://en.wikipedia.org/wiki/Untitled_Goose_Game,Q59618073,2019-09-20,day,,,Q59618073-2fbe2e86-4c2c-e4b3-1094-83f01488f9ea,https://www.wikidata.org/wiki/Q59618073#P577
https://en.wikipedia.org/wiki/Valheim,Q105100327,2021-02-02,day,,,Q105100327-0625cc98-44b0-9d25-cb71-96be006d78d3,https://www.wikidata.org/wiki/Q105100327#P577
https://en.wikipedia.org/wiki/Valheim,Q105100327,2024-06-10,day,,,Q105100327-89095c80-4545-c7de-d9b5-8d0fcde80509,https://www.wikidata.org/wiki/Q105100327#P577
https://en.wikipedia.org/wiki/Valheim,Q105100327,2026-09-09,day,,,Q105100327-99800915-413e-8107-8bd3-49e497109b3f,https://www.wikidata.org/wiki/Q105100327#P577
https://en.wikipedia.org/wiki/Valiant_Hearts:_The_Great_War,Q16267741,2014,year,,,Q16267741-9D4062B1-82DE-42E0-9707-F0943C906597,https://www.wikidata.org/wiki/Q16267741#P577
https://en.wikipedia.org/wiki/Valkyria_Chronicles_4,Q43371386,2018,year,,,Q43371386-4943320b-c31f-4ef2-98fb-27c4a17b0fc1,https://www.wikidata.org/wiki/Q43371386#P577
https://en.wikipedia.org/wiki/Valorant,Q86919275,2020-06-02,day,,,Q86919275-18e09e1b-461e-682d-5ce3-67c0080fba31,https://www.wikidata.org/wiki/Q86919275#P577
https://en.wikipedia.org/wiki/Vampire_Survivors,Q110726215,2021-12-17,day,,,Q110726215-e9474cd0-412f-61ed-f113-d64105563916,https://www.wikidata.org/wiki/Q110726215#P577
https://en.wikipedia.org/wiki/Vampire_Survivors,Q110726215,2022-10-20,day,,,Q110726215-01c2bbe1-4a15-1328-01d4-8c27990cd879,https://www.wikidata.org/wiki/Q110726215#P577
https://en.wikipedia.org/wiki/Vampire_Survivors,Q110726215,2024-08-29,day,,,Q110726215-c7f70817-4bdc-7710-5fa1-01d8ea44f4e3,https://www.wikidata.org/wiki/Q110726215#P577
https://en.wikipedia.org/wiki/Venba_(video_game),Q115153436,2023-07-31,day,,,Q115153436-dd76cc24-4374-79a5-af72-f48b2669e1be,https://www.wikidata.org/wiki/Q115153436#P577
https://en.wikipedia.org/wiki/Victoria_3,Q106928099,2022-10-25,day,,,Q106928099-8d59b357-49ad-6bed-ea15-49605ddebb25,https://www.wikidata.org/wiki/Q106928099#P577
https://en.wikipedia.org/wiki/Viewfinder_(video_game),Q120733019,2023-07-18,day,,,Q120733019-ec45a85e-40d1-48bd-eea9-27485db06ea7,https://www.wikidata.org/wiki/Q120733019#P577
https://en.wikipedia.org/wiki/Viewfinder_(video_game),Q120733019,2023-12-12,day,,,Q120733019-3869a6fa-4cc3-3732-0d04-585dcec5ba13,https://www.wikidata.org/wiki/Q120733019#P577
https://en.wikipedia.org/wiki/Viewfinder_(video_game),Q120733019,2025-08-12,day,,,Q120733019-281afae7-43fa-5c15-be2a-443c0dd096bd,https://www.wikidata.org/wiki/Q120733019#P577
https://en.wikipedia.org/wiki/Viewfinder_(video_game),Q120733019,2025-12-03,day,,,Q120733019-b0868d23-437a-4715-563c-93465701d7a8,https://www.wikidata.org/wiki/Q120733019#P577
https://en.wikipedia.org/wiki/Virtua_Fighter_5:_Ultimate_Showdown,Q2334743,2006-07-12,day,,,Q2334743-5F0EC439-902A-464C-A197-EA2074DE5DE2,https://www.wikidata.org/wiki/Q2334743#P577
https://en.wikipedia.org/wiki/Virtua_Fighter_5_R.E.V.O._World_Stage,Q2334743,2006-07-12,day,,,Q2334743-5F0EC439-902A-464C-A197-EA2074DE5DE2,https://www.wikidata.org/wiki/Q2334743#P577
https://en.wikipedia.org/wiki/WWE_2K24,Q124313307,2024-03-08,day,,,Q124313307-5745b514-4c96-cf0a-9055-e5d90cc8306f,https://www.wikidata.org/wiki/Q124313307#P577
https://en.wikipedia.org/wiki/Wanderstop,Q126414597,2025-03-11,day,,,Q126414597-15d052c1-490b-0a1b-e707-90affcac47a9,https://www.wikidata.org/wiki/Q126414597#P577
https://en.wikipedia.org/wiki/Wanderstop,Q126414597,2026-06-23,day,,,Q126414597-dc33a5f6-4cf6-1bb4-211c-7cb489aff89f,https://www.wikidata.org/wiki/Q126414597#P577
https://en.wikipedia.org/wiki/Warframe,Q7969348,2013-03-25,day,,,Q7969348-A9713154-8F0E-466E-9B5C-1B8B2E175850,https://www.wikidata.org/wiki/Q7969348#P577
https://en.wikipedia.org/wiki/Wargroove,Q30321596,2019-02-01,day,,,Q30321596-31F80245-9F45-45DE-86E1-9299617F08D0,https://www.wikidata.org/wiki/Q30321596#P577
https://en.wikipedia.org/wiki/Wargroove,Q30321596,2019,year,,,Q30321596-7a729703-45fc-1ac4-05e7-5992af374329,https://www.wikidata.org/wiki/Q30321596#P577
"https://en.wikipedia.org/wiki/Warhammer_40,000:_Space_Marine_2",Q110055360,2024-09-09,day,,,Q110055360-6a32fff3-41c1-cff9-7fbc-0688cc6cf491,https://www.wikidata.org/wiki/Q110055360#P577
"https://en.wikipedia.org/wiki/Warhammer_40,000:_Space_Marine_2",Q110055360,2026,year,,,Q110055360-54f2fc60-408a-3041-c74f-59cc01156b41,https://www.wikidata.org/wiki/Q110055360#P577
https://en.wikipedia.org/wiki/WarioWare:_Get_It_Together!,Q107255671,2021-09-10,day,,,Q107255671-042d0f58-4bb4-8234-29f1-e2d8c1710fe9,https://www.wikidata.org/wiki/Q107255671#P577
https://en.wikipedia.org/wiki/Wasteland_3,Q27943180,2020-08-28,day,,,Q27943180-918a2d56-4e57-667e-7665-01435472de6f,https://www.wikidata.org/wiki/Q27943180#P577
https://en.wikipedia.org/wiki/Watch_Dogs_Legion,Q64534648,2020-10-29,day,,,Q64534648-637b3ff1-4e7e-d921-9194-0435de3520ff,https://www.wikidata.org/wiki/Q64534648#P577
https://en.wikipedia.org/wiki/Watch_Dogs_Legion,Q64534648,2020-11-10,day,,,Q64534648-c969fc1e-4bda-c1f1-0ef8-d136080e2b14,https://www.wikidata.org/wiki/Q64534648#P577
https://en.wikipedia.org/wiki/Watch_Dogs_Legion,Q64534648,2020-11-24,day,,,Q64534648-bf349585-45f5-f0cb-929c-cabc46bf9aea,https://www.wikidata.org/wiki/Q64534648#P577
https://en.wikipedia.org/wiki/What_Remains_of_Edith_Finch,Q28451186,2017-04-25,day,,,Q28451186-15EB81E6-AC6F-4E02-8E28-F3F43E130D5B,https://www.wikidata.org/wiki/Q28451186#P577
https://en.wikipedia.org/wiki/What_Remains_of_Edith_Finch,Q28451186,2021-08-16,day,,,Q28451186-5f7e971e-4f55-79b8-f66d-07132938e642,https://www.wikidata.org/wiki/Q28451186#P577
https://en.wikipedia.org/wiki/What_the_Golf%3F,Q61791403,2019-09-19,day,,,Q61791403-504ccc3b-4cf3-f6dc-3e81-af10296b6987,https://www.wikidata.org/wiki/Q61791403#P577
https://en.wikipedia.org/wiki/What_the_Golf%3F,Q61791403,2019-10-01,day,,,Q61791403-d20ea027-4baf-668e-1c38-76ebd35500b0,https://www.wikidata.org/wiki/Q61791403#P577
https://en.wikipedia.org/wiki/What_the_Golf%3F,Q61791403,2020-05-21,day,,,Q61791403-9e687fe6-4414-f823-7cc8-79b825d8c786,https://www.wikidata.org/wiki/Q61791403#P577
https://en.wikipedia.org/wiki/What_the_Golf%3F,Q61791403,2024-03-14,day,,,Q61791403-92566e9f-41f2-4cc1-bb1c-72a8fb9c2bf3,https://www.wikidata.org/wiki/Q61791403#P577
https://en.wikipedia.org/wiki/Wolfenstein:_The_New_Order,Q12956031,2014-05-20,day,,,Q12956031-483B6A66-A2D9-4D2E-B21A-8A3677E24996,https://www.wikidata.org/wiki/Q12956031#P577
https://en.wikipedia.org/wiki/Wolfenstein_II:_The_New_Colossus,Q30276412,2017-10-27,day,,,Q30276412-6f62ab4c-4dcb-849c-9f40-49371128eb1a,https://www.wikidata.org/wiki/Q30276412#P577
https://en.wikipedia.org/wiki/World_of_Warcraft:_Legion,Q20754818,2016-08-30,day,,,Q20754818-c025a745-4bf5-5dbe-6067-58bf64aedb14,https://www.wikidata.org/wiki/Q20754818#P577
https://en.wikipedia.org/wiki/Wuthering_Waves,Q117750031,2024-05-22,day,,,Q117750031-f72a150e-4dd1-7a6f-138c-deeeaa021768,https://www.wikidata.org/wiki/Q117750031#P577
https://en.wikipedia.org/wiki/Wuthering_Waves,Q117750031,2025-01-02,day,,,Q117750031-1fdffae8-4fbe-909f-2c7f-3cd121ecbb00,https://www.wikidata.org/wiki/Q117750031#P577
https://en.wikipedia.org/wiki/Wuthering_Waves,Q117750031,2026-07,month,,,Q117750031-1a2a62ca-41f0-c1c7-beee-9e417284c21e,https://www.wikidata.org/wiki/Q117750031#P577
https://en.wikipedia.org/wiki/XCOM:_Chimera_Squad,Q90694485,2020-04-24,day,,,Q90694485-E633CD35-E09C-43D7-BA8C-B328DA09BF03,https://www.wikidata.org/wiki/Q90694485#P577
https://en.wikipedia.org/wiki/XCOM_2,Q20030150,2016-02-05,day,,,Q20030150-a00c363a-454f-47c3-3f29-6d5c36e825c6,https://www.wikidata.org/wiki/Q20030150#P577
https://en.wikipedia.org/wiki/XCOM_2:_War_of_the_Chosen,Q39052928,2017-08-29,day,,,Q39052928-c7c72541-433e-46ff-35dc-ee94ae9cc7bc,https://www.wikidata.org/wiki/Q39052928#P577
https://en.wikipedia.org/wiki/Xenoblade_Chronicles_3,Q110875814,2022-07-29,day,,,Q110875814-531DC1E5-5DFE-4819-BDC8-209E345D0C40,https://www.wikidata.org/wiki/Q110875814#P577
https://en.wikipedia.org/wiki/Xenoblade_Chronicles_X,Q15614860,2015-04-29,day,,,Q15614860-B804D790-0850-4E03-9BDC-46AA8FD68CB9,https://www.wikidata.org/wiki/Q15614860#P577
https://en.wikipedia.org/wiki/Xenoblade_Chronicles_X,Q15614860,2015-12-04,day,,,Q15614860-00e3657d-442f-fb9c-13b6-1b09e6be7cab,https://www.wikidata.org/wiki/Q15614860#P577
https://en.wikipedia.org/wiki/Xenoblade_Chronicles_X,Q15614860,2015-12-05,day,,,Q15614860-553b65f2-42fb-c129-d40f-c52f7f16a573,https://www.wikidata.org/wiki/Q15614860#P577
https://en.wikipedia.org/wiki/Yakuza:_Like_a_Dragon,Q66900968,2020-01-16,day,,,Q66900968-761660EB-3C5F-44CE-9DBD-DFF805537FC8,https://www.wikidata.org/wiki/Q66900968#P577
https://en.wikipedia.org/wiki/Yakuza:_Like_a_Dragon,Q66900968,2020-11-10,day,,,Q66900968-0F86B070-840B-4B38-A804-126D51E6AF12,https://www.wikidata.org/wiki/Q66900968#P577
https://en.wikipedia.org/wiki/Yakuza:_Like_a_Dragon,Q66900968,2021-03-02,day,,,Q66900968-5a513f75-4ca0-f5a9-a963-a62c3db397c6,https://www.wikidata.org/wiki/Q66900968#P577
https://en.wikipedia.org/wiki/Yoku%27s_Island_Express,Q55099480,2018-05-29,day,,,Q55099480-94dd23e4-49cc-a7dc-2909-e73b80264b42,https://www.wikidata.org/wiki/Q55099480#P577
https://en.wikipedia.org/wiki/Yoshi%27s_Crafted_World,Q30612356,2019-03-29,day,,,Q30612356-d6044f7a-4c17-9d82-1fc2-bb17ffc15acd,https://www.wikidata.org/wiki/Q30612356#P577
https://en.wikipedia.org/wiki/Zenless_Zone_Zero,Q111983519,2024-07-04,day,,,Q111983519-cd8e097e-44ce-345f-de37-fadcd114dfa9,https://www.wikidata.org/wiki/Q111983519#P577
